customer_id,frequency,recency,T,monetary_value,expected_purchases_90d,expected_purchases_365d,expected_avg_spend,clv_90d,clv_365d
5176,3.0,41.0,76.0,5299.653333333333,0.30572757670623096,0.506156192899027,3840.507978578665,1174.149197611801,1943.8968972357152
7701,2.0,45.0,46.0,2835.6000000000004,0.42799879181852163,0.741327372951855,2290.9443648734714,980.5214202892961,1698.3397675905067
5376,1.0,5.0,15.0,5743.11,0.29427915726720255,0.554339889837397,3052.8791502783047,898.3987035825129,1692.3326918521616
7839,2.0,96.0,116.0,3667.67,0.2837967266889728,0.5819313309974833,2695.3228687773644,764.9238075289478,1568.4928244955668
2939,4.0,350.0,364.0,2548.2725,0.29823647748638804,0.6870514793928606,2280.3536132973313,680.0846290531532,1566.7203235547865
9476,3.0,141.0,146.0,2287.7533333333336,0.3919569780968117,0.7525664509791593,2075.756124970662,813.6070980094484,1562.1444200674232
1738,2.0,269.0,280.0,4377.42,0.19870215827254598,0.5059381468810004,3040.2549575989574,604.1052217737206,1538.1809592933907
8608,2.0,319.0,347.0,4712.985,0.16458427421113578,0.442095243285622,3203.3365164371553,527.2188156118373,1416.1798365600011
9762,1.0,59.0,63.0,4714.76,0.23877658134734914,0.5167658095276987,2721.9432686093014,649.9363082999582,1406.607216691356
7015,4.0,258.0,281.0,2180.1075,0.3208267686737816,0.6814255241264213,2039.8534628342504,654.4395950491364,1390.0082150529247
7517,2.0,73.0,77.0,2239.16,0.36621335447927006,0.6897720061240645,2001.0799125215865,732.8221873456145,1380.2889056745823
4162,2.0,286.0,309.0,4079.045,0.17941801796665813,0.4683032014285358,2895.2474028231372,519.4595505376419,1355.853627669729
6058,2.0,150.0,155.0,2553.125,0.2794148020803972,0.6131333471904027,2153.664066472791,601.7656188811584,1320.4832578001563
5557,3.0,264.0,278.0,2221.9633333333336,0.27343884561140086,0.6292322517407097,2037.2080242870911,557.0518104313448,1281.8769923864088
7098,1.0,17.0,51.0,5458.7,0.2057866599598692,0.4324475168900249,2961.3524579016953,609.406831275539,1280.6295170557603
2026,1.0,26.0,39.0,3881.12,0.25392510639070665,0.5163887703721587,2453.667498302942,623.0477805539936,1267.046342350787
6861,2.0,271.0,274.0,2981.59,0.20725714733901385,0.5248232868796422,2361.8941861444346,489.51945133689725,1239.5770700342396
1316,4.0,259.0,292.0,2029.0225,0.2930155645635879,0.630125544065634,1941.1586786132655,568.7897061213743,1223.1736684789112
3645,1.0,152.0,159.0,5391.44,0.1618998534830424,0.41337641388687396,2939.7073493286875,475.93818913933745,1215.2056819423808
2359,2.0,124.0,134.0,2186.375,0.2889634686735698,0.6124146336845369,1975.426879328978,570.8262031619068,1209.7803286748438
3551,1.0,18.0,26.0,3080.82,0.2815250067036956,0.5503825866137745,2196.120956658856,618.2629670455109,1208.7067326426181
2435,1.0,16.0,32.0,3436.15,0.25668548467883756,0.5113496099703029,2310.4705913488365,593.0642635765765,1181.4582357340826
8078,1.0,137.0,178.0,6410.11,0.13656870198364968,0.3567491092049353,3267.5280860231696,446.2420694033035,1165.6877339908729
3761,1.0,14.0,14.0,2201.49,0.32112027182076325,0.6026796673715911,1913.141573347714,614.3485420650206,1153.0115270599626
9528,2.0,246.0,273.0,3045.375,0.18941215559674685,0.47924411448271464,2392.8931199739336,453.24304396688774,1146.779944333688
6038,1.0,83.0,95.0,3943.08,0.19988803189873308,0.46264025224937305,2473.6070006399004,494.4444350488379,1144.3901667418586
1187,1.0,18.0,43.0,3831.52,0.22787380155099404,0.46869507314105424,2437.7055984334593,555.4892417771732,1142.5406037541277
1550,1.0,200.0,204.0,5526.29,0.14229916271013182,0.38214061537243205,2983.1037645988517,424.49316797985875,1139.9651083236238
5852,2.0,227.0,230.0,2289.79,0.22995534478046584,0.5569915685478698,2025.6856351803208,465.8172386547276,1128.2898193239748
3441,2.0,318.0,327.0,2947.26,0.18172521573734104,0.48102336689773517,2345.210116247644,426.18381432449775,1128.1008662000704
9636,3.0,268.0,283.0,1818.9333333333332,0.2694065149778658,0.6231743104759498,1801.062089973327,485.2178609184653,1122.3756260435011
9368,2.0,133.0,146.0,2011.5700000000002,0.27379974173696386,0.5922314152441552,1890.473228344185,517.6110816812821,1119.5976355034636
5793,2.0,263.0,324.0,3865.865,0.15087215881463772,0.39852254681499405,2791.6438484800647,421.1813340617908,1112.5330162966868
2558,2.0,339.0,351.0,3059.7799999999997,0.17197265569934145,0.46321423714570753,2399.893819853437,412.7161135966325,1111.664984994108
1334,4.0,278.0,292.0,1415.76,0.33551594999849504,0.7210841373942969,1540.551006717886,516.8794345400894,1110.8668937910825
2509,3.0,300.0,343.0,2409.78,0.2109154350565718,0.5158529986647709,2147.2547757192383,452.88917519812463,1107.6678149520192
6456,2.0,209.0,210.0,2031.815,0.24409210762990255,0.5777264826640522,1900.3121154709143,463.8511894199342,1097.8606344348955
7867,2.0,323.0,334.0,2817.235,0.17813297519688492,0.4739922826481542,2282.019140764686,406.5028590006525,1081.659461577833
5798,2.0,155.0,165.0,1891.195,0.26409861695212644,0.588485647952836,1831.9720656926952,483.82128884437094,1078.0892681106611
1675,1.0,86.0,122.0,4736.81,0.16285852520843191,0.394777210867313,2729.039234176283,444.44730491389794,1077.3624972155808
4405,1.0,123.0,132.0,3967.88,0.1762217556986826,0.433681966968492,2481.587950574648,437.30978557096,1076.2199436105223
8435,1.0,325.0,328.0,7022.04,0.10508210419760466,0.3102986921891524,3464.4548075379403,364.05220107359423,1075.0157959274445
7759,1.0,254.0,302.0,7553.2,0.10119046141669198,0.29405548712382545,3635.388733640246,367.8666633861,1069.0060049550495
7171,3.0,262.0,318.0,2501.66,0.20191837523629502,0.4833302390505247,2201.0896973001236,444.4404554281894,1063.8532095677158
7134,1.0,97.0,100.0,3194.64,0.20364176715353344,0.47566354634918073,2232.7496551093445,454.68108537790926,1062.037619059221
7744,3.0,184.0,256.0,2987.2833333333333,0.1886520070096038,0.4242774688633548,2485.6292496276637,468.9189466240343,1054.5964865647452
1518,2.0,335.0,342.0,2685.79,0.1776136528835361,0.4753656324937681,2218.1380581086164,393.9716031006646,1054.426600951301
9412,1.0,21.0,28.0,2191.66,0.28052612038480235,0.5519248267639348,1909.978156498587,535.7987622622654,1054.1643631483823
6116,3.0,276.0,314.0,2086.763333333334,0.22566484679792226,0.5380835599298192,1957.9907691963479,441.8496869624398,1053.5626433988957
7437,1.0,290.0,309.0,6812.64,0.10616131556732074,0.3098797329459323,3397.06727058895,360.6371305164105,1052.682298609471
5756,1.0,22.0,31.0,2306.07,0.27206399629128064,0.5403014481508026,1946.7967243225244,529.6532967859606,1051.8570894066988
3245,1.0,158.0,163.0,4097.16,0.16080249363091287,0.4126272457976577,2523.1918702344624,405.73554464294824,1041.137712033887
4939,1.0,162.0,182.0,4764.48,0.144900905776829,0.38021093645845827,2737.943785978464,396.73053455431983,1040.9961708374883
7462,2.0,310.0,363.0,3428.96,0.14710574779605873,0.39954386844609335,2579.311965047036,379.431615417566,1030.5482804441876
4818,3.0,294.0,309.0,1614.8666666666668,0.2567457996633519,0.6091894030440194,1681.494033842773,431.7165303481181,1024.3483466987589
7927,2.0,131.0,153.0,1915.8,0.2538974680492311,0.5554684854435772,1843.9298734355016,468.169126125613,1024.244934061385
3827,2.0,107.0,155.0,2674.255,0.2096084764175534,0.4601383657856393,2212.5321523043795,463.76549346937117,1018.0709288095204
4444,1.0,133.0,175.0,5088.96,0.13712780141060338,0.35697959583605254,2842.3655051246337,389.76733252308014,1014.6664892377291
6809,1.0,174.0,193.0,4579.35,0.14087044538639623,0.37406816276581445,2678.36663834063,377.30270125110934,1001.89168761733
1951,3.0,166.0,191.0,1483.24,0.301018332905338,0.6220966227850007,1604.3704892416122,482.94493003403164,998.0734630531261
6256,2.0,114.0,215.0,4756.1,0.1298542438397767,0.3093926268180614,3224.2900169789664,418.6877420749445,997.5715579763742
4984,1.0,213.0,215.0,4491.25,0.1386240411049244,0.3762703015465808,2650.0149573224535,367.3557823725323,997.1219270946691
1361,2.0,302.0,304.0,2167.065,0.19480878458174833,0.506365682153348,1966.0423937563962,383.0023291638746,995.5363978568588
5921,1.0,36.0,99.0,5296.14,0.14673165859013937,0.34219023214215577,2909.0386183294627,426.84806137024947,995.4446001166549
2041,1.0,344.0,360.0,6897.8,0.09624340774502557,0.2892909936765547,3424.472822864851,329.5829342027406,990.669145744929
2585,2.0,169.0,188.0,1855.3,0.23685550415857134,0.5452282895432788,1814.5274199325675,429.78080685768,989.3316814992126
8772,1.0,58.0,102.0,4184.24,0.16535443940992448,0.3876723381097093,2551.215302505303,421.8547761597853,989.0356013435002
6459,3.0,190.0,234.0,1919.33,0.24227538307727725,0.5306793569932089,1859.8871517602502,450.6048721732207,987.0037177760603
3473,3.0,355.0,356.0,1455.8500000000001,0.2507494174050869,0.6195380664332218,1588.3219639684223,398.2708071167853,984.0259184304139
8032,1.0,119.0,166.0,4859.73,0.13763829140017977,0.3545126271050974,2768.596426352823,381.06488169984624,981.5023925001236
6086,1.0,49.0,92.0,3955.52,0.1709892152249459,0.3935665571872133,2477.6103481071636,423.64464905604893,975.1045747559494
6085,2.0,206.0,330.0,4998.02,0.10985953823252032,0.2915827785220036,3341.8609517133295,367.1353009925173,974.4291017347599
6863,1.0,209.0,212.0,4275.11,0.13945092657171973,0.3774346418685079,2580.4584041412045,359.8473154372722,973.954393623617
7609,2.0,173.0,234.0,2911.41,0.17126873949244364,0.41680401445309395,2327.7873400810336,398.67720354214686,970.2311081388642
5416,2.0,173.0,207.0,2164.085,0.20924002702020447,0.49353988952909983,1964.5941406747643,411.07173107852304,969.6055751581399
4949,1.0,316.0,335.0,6343.26,0.10058273115777794,0.29822452039505715,3246.0149205740645,326.49304609023704,968.0412428834
1335,2.0,184.0,193.0,1612.4099999999999,0.24610077433612773,0.570219408648298,1696.48507396021,417.5062903512906,967.3687156542551
5858,1.0,133.0,187.0,5199.21,0.12734420377611008,0.3360055058408136,2877.845332959527,366.47692251652535,966.9718768326906
4152,1.0,171.0,200.0,4597.42,0.13415186357572328,0.3588241196915881,2684.1817901680747,360.08798932706827,963.1491679492505
7018,1.0,111.0,171.0,5211.4,0.12889166114456307,0.3339858270711439,2881.768227302443,371.43589385063467,962.4697448229506
3240,1.0,90.0,128.0,3891.87,0.15851481384865518,0.38781142598722745,2457.1269826496477,389.4910262572167,952.9019189730534
8708,2.0,23.0,62.0,2273.73,0.2556647684602145,0.46376565990413093,2017.8806202504586,515.9009815566876,935.823737458211
4297,2.0,212.0,289.0,3240.575,0.14642690512725995,0.37592900134796864,2487.758556730506,364.2747861659069,935.2205898265629
1977,2.0,194.0,254.0,2741.4300000000003,0.16750936585976475,0.4162251327984328,2245.178595511964,376.0884427761263,934.499759073166
9453,1.0,34.0,63.0,2738.38,0.20541303271006325,0.444615816774369,2085.919485059943,428.47504741517633,927.4327955754977
8499,1.0,80.0,149.0,5073.93,0.12923660817693045,0.3257696812773536,2837.528663289176,366.7125800483125,924.3808082550702
7099,1.0,53.0,93.0,3423.51,0.17371338834651648,0.4005913145788318,2306.4028813821037,400.65305941705395,923.9249622012624
6283,2.0,135.0,214.0,3268.67,0.15516383535281872,0.36919893709972307,2501.4124729480977,388.12875310200576,923.5188262604274
7234,0.0,0.0,0.0,0.0,0.21955157177000073,0.5190541356761694,1776.9928389168283,390.14157080822537,922.3554821067169
6552,0.0,0.0,0.0,0.0,0.21955157177000073,0.5190541356761694,1776.9928389168283,390.14157080822537,922.3554821067169
6406,0.0,0.0,0.0,0.0,0.21955157177000073,0.5190541356761694,1776.9928389168283,390.14157080822537,922.3554821067169
7856,0.0,0.0,0.0,0.0,0.21955157177000073,0.5190541356761694,1776.9928389168283,390.14157080822537,922.3554821067169
4290,0.0,0.0,0.0,0.0,0.21955157177000073,0.5190541356761694,1776.9928389168283,390.14157080822537,922.3554821067169
1499,0.0,0.0,0.0,0.0,0.21955157177000073,0.5190541356761694,1776.9928389168283,390.14157080822537,922.3554821067169
6258,0.0,0.0,0.0,0.0,0.21955157177000073,0.5190541356761694,1776.9928389168283,390.14157080822537,922.3554821067169
6950,0.0,0.0,0.0,0.0,0.21955157177000073,0.5190541356761694,1776.9928389168283,390.14157080822537,922.3554821067169
3333,0.0,0.0,0.0,0.0,0.21955157177000073,0.5190541356761694,1776.9928389168283,390.14157080822537,922.3554821067169
1661,2.0,225.0,358.0,4877.425,0.10364402145285531,0.2806334319318154,3283.2528710491106,340.2895310021628,921.390521102498
1608,3.0,239.0,317.0,2507.71,0.1746227892995577,0.41773456388583,2204.6345522801503,384.9794349053414,920.9520532243807
4254,3.0,176.0,180.0,884.8466666666667,0.3608491471214369,0.7331581620157029,1253.7560119393452,452.41678760668674,919.201453329588
6243,2.0,209.0,247.0,2157.905,0.18960976804486282,0.4677545974476345,1961.5907164987666,371.9367607542874,917.5430759528974
8454,0.0,0.0,1.0,0.0,0.21759262427218246,0.5160511847288298,1776.9928389168283,386.66053513278825,917.0192597776759
8076,0.0,0.0,1.0,0.0,0.21759262427218246,0.5160511847288298,1776.9928389168283,386.66053513278825,917.0192597776759
1965,0.0,0.0,1.0,0.0,0.21759262427218246,0.5160511847288298,1776.9928389168283,386.66053513278825,917.0192597776759
3155,0.0,0.0,1.0,0.0,0.21759262427218246,0.5160511847288298,1776.9928389168283,386.66053513278825,917.0192597776759
6174,0.0,0.0,1.0,0.0,0.21759262427218246,0.5160511847288298,1776.9928389168283,386.66053513278825,917.0192597776759
5467,0.0,0.0,1.0,0.0,0.21759262427218246,0.5160511847288298,1776.9928389168283,386.66053513278825,917.0192597776759
1195,0.0,0.0,1.0,0.0,0.21759262427218246,0.5160511847288298,1776.9928389168283,386.66053513278825,917.0192597776759
7214,0.0,0.0,1.0,0.0,0.21759262427218246,0.5160511847288298,1776.9928389168283,386.66053513278825,917.0192597776759
1317,3.0,335.0,364.0,1607.8400000000001,0.219323988622108,0.5454812522253193,1677.3769240367708,367.8889974024272,914.977664977432
7344,2.0,211.0,306.0,3642.8050000000003,0.1309180445979693,0.34098497186045823,2683.2387033831383,351.284364236511,914.9440737679919
7367,0.0,0.0,2.0,0.0,0.21566906816802703,0.5130875964568351,1776.9928389168283,383.2423897104493,911.7529846408434
2079,0.0,0.0,2.0,0.0,0.21566906816802703,0.5130875964568351,1776.9928389168283,383.2423897104493,911.7529846408434
3992,0.0,0.0,2.0,0.0,0.21566906816802703,0.5130875964568351,1776.9928389168283,383.2423897104493,911.7529846408434
5012,0.0,0.0,2.0,0.0,0.21566906816802703,0.5130875964568351,1776.9928389168283,383.2423897104493,911.7529846408434
1880,0.0,0.0,2.0,0.0,0.21566906816802703,0.5130875964568351,1776.9928389168283,383.2423897104493,911.7529846408434
8169,0.0,0.0,2.0,0.0,0.21566906816802703,0.5130875964568351,1776.9928389168283,383.2423897104493,911.7529846408434
4413,0.0,0.0,2.0,0.0,0.21566906816802703,0.5130875964568351,1776.9928389168283,383.2423897104493,911.7529846408434
9011,0.0,0.0,2.0,0.0,0.21566906816802703,0.5130875964568351,1776.9928389168283,383.2423897104493,911.7529846408434
4890,0.0,0.0,2.0,0.0,0.21566906816802703,0.5130875964568351,1776.9928389168283,383.2423897104493,911.7529846408434
3543,2.0,47.0,103.0,2762.3450000000003,0.20178327190167014,0.4033332011781088,2255.3430965865814,455.09050929008487,909.6547509012145
8408,2.0,116.0,128.0,1194.5949999999998,0.29041811182870847,0.6089701592981495,1493.4307580870227,433.7193409105498,909.4547666530103
7148,1.0,155.0,263.0,7211.48,0.09098446482590863,0.25726233751318645,3525.418967039444,320.75835800319146,906.9575241738905
1719,1.0,75.0,77.0,1842.3,0.22588544061243002,0.5043989374002193,1797.5497424178918,406.0403155888256,906.6821799996226
9313,0.0,0.0,3.0,0.0,0.2137799325453346,0.5101625037797775,1776.9928389168283,379.88540923718216,906.5551159005439
2933,0.0,0.0,3.0,0.0,0.2137799325453346,0.5101625037797775,1776.9928389168283,379.88540923718216,906.5551159005439
7616,0.0,0.0,3.0,0.0,0.2137799325453346,0.5101625037797775,1776.9928389168283,379.88540923718216,906.5551159005439
1742,0.0,0.0,3.0,0.0,0.2137799325453346,0.5101625037797775,1776.9928389168283,379.88540923718216,906.5551159005439
6011,0.0,0.0,3.0,0.0,0.2137799325453346,0.5101625037797775,1776.9928389168283,379.88540923718216,906.5551159005439
8525,0.0,0.0,3.0,0.0,0.2137799325453346,0.5101625037797775,1776.9928389168283,379.88540923718216,906.5551159005439
1412,0.0,0.0,3.0,0.0,0.2137799325453346,0.5101625037797775,1776.9928389168283,379.88540923718216,906.5551159005439
1531,0.0,0.0,3.0,0.0,0.2137799325453346,0.5101625037797775,1776.9928389168283,379.88540923718216,906.5551159005439
9442,0.0,0.0,3.0,0.0,0.2137799325453346,0.5101625037797775,1776.9928389168283,379.88540923718216,906.5551159005439
7699,0.0,0.0,3.0,0.0,0.2137799325453346,0.5101625037797775,1776.9928389168283,379.88540923718216,906.5551159005439
5435,0.0,0.0,3.0,0.0,0.2137799325453346,0.5101625037797775,1776.9928389168283,379.88540923718216,906.5551159005439
7351,0.0,0.0,3.0,0.0,0.2137799325453346,0.5101625037797775,1776.9928389168283,379.88540923718216,906.5551159005439
8881,0.0,0.0,3.0,0.0,0.2137799325453346,0.5101625037797775,1776.9928389168283,379.88540923718216,906.5551159005439
4590,0.0,0.0,3.0,0.0,0.2137799325453346,0.5101625037797775,1776.9928389168283,379.88540923718216,906.5551159005439
3630,1.0,143.0,161.0,3336.86,0.15523411500836246,0.39736012205818105,2278.5178284850995,353.7036986356602,905.3921224385807
1960,1.0,59.0,149.0,5972.46,0.11436630298221281,0.28830406841666534,3126.686846549804,357.58761522301444,901.4365385251823
2845,0.0,0.0,4.0,0.0,0.21192428242583083,0.5072750675064455,1776.9928389168283,376.58793226328885,901.4241623200043
7768,0.0,0.0,4.0,0.0,0.21192428242583083,0.5072750675064455,1776.9928389168283,376.58793226328885,901.4241623200043
4203,0.0,0.0,4.0,0.0,0.21192428242583083,0.5072750675064455,1776.9928389168283,376.58793226328885,901.4241623200043
8437,0.0,0.0,4.0,0.0,0.21192428242583083,0.5072750675064455,1776.9928389168283,376.58793226328885,901.4241623200043
6654,0.0,0.0,4.0,0.0,0.21192428242583083,0.5072750675064455,1776.9928389168283,376.58793226328885,901.4241623200043
2014,0.0,0.0,4.0,0.0,0.21192428242583083,0.5072750675064455,1776.9928389168283,376.58793226328885,901.4241623200043
6104,2.0,345.0,362.0,2237.43,0.16601382587479635,0.4505453671751813,2000.2391481486934,332.06735364870815,901.1984814408249
9599,1.0,5.0,9.0,967.31,0.3211435775209933,0.5917522434940832,1515.9670253453394,486.84307392326065,897.0768883111563
1461,0.0,0.0,5.0,0.0,0.21010121708451698,0.5044244751368495,1776.9928389168283,373.34835820689665,896.3586800925613
4677,0.0,0.0,5.0,0.0,0.21010121708451698,0.5044244751368495,1776.9928389168283,373.34835820689665,896.3586800925613
9656,0.0,0.0,5.0,0.0,0.21010121708451698,0.5044244751368495,1776.9928389168283,373.34835820689665,896.3586800925613
4981,0.0,0.0,5.0,0.0,0.21010121708451698,0.5044244751368495,1776.9928389168283,373.34835820689665,896.3586800925613
4056,0.0,0.0,5.0,0.0,0.21010121708451698,0.5044244751368495,1776.9928389168283,373.34835820689665,896.3586800925613
5200,0.0,0.0,5.0,0.0,0.21010121708451698,0.5044244751368495,1776.9928389168283,373.34835820689665,896.3586800925613
3170,0.0,0.0,5.0,0.0,0.21010121708451698,0.5044244751368495,1776.9928389168283,373.34835820689665,896.3586800925613
6987,0.0,0.0,5.0,0.0,0.21010121708451698,0.5044244751368495,1776.9928389168283,373.34835820689665,896.3586800925613
7336,0.0,0.0,6.0,0.0,0.20830986846429592,0.5016099397288817,1776.9928389168283,370.1651445367603,891.3572708277246
9046,0.0,0.0,6.0,0.0,0.20830986846429592,0.5016099397288817,1776.9928389168283,370.1651445367603,891.3572708277246
3942,0.0,0.0,6.0,0.0,0.20830986846429592,0.5016099397288817,1776.9928389168283,370.1651445367603,891.3572708277246
9917,0.0,0.0,6.0,0.0,0.20830986846429592,0.5016099397288817,1776.9928389168283,370.1651445367603,891.3572708277246
4887,1.0,62.0,62.0,1485.55,0.2448976576585266,0.528752609783671,1682.7431339816417,412.0998519530723,889.7548236883466
2398,1.0,75.0,170.0,6086.08,0.10858271763056045,0.2810514253513369,3163.2511825008155,343.47440994402245,889.0362535861562
4798,1.0,95.0,147.0,4024.26,0.14120850289731887,0.3549783207208785,2499.7317391762895,352.983376533995,887.3505750254802
4268,0.0,0.0,7.0,0.0,0.20654939967946873,0.4988306988254155,1776.9928389168283,367.03680411298575,886.4185796446404
8963,0.0,0.0,7.0,0.0,0.20654939967946873,0.4988306988254155,1776.9928389168283,367.03680411298575,886.4185796446404
8389,0.0,0.0,7.0,0.0,0.20654939967946873,0.4988306988254155,1776.9928389168283,367.03680411298575,886.4185796446404
8734,0.0,0.0,7.0,0.0,0.20654939967946873,0.4988306988254155,1776.9928389168283,367.03680411298575,886.4185796446404
7654,0.0,0.0,7.0,0.0,0.20654939967946873,0.4988306988254155,1776.9928389168283,367.03680411298575,886.4185796446404
4496,0.0,0.0,7.0,0.0,0.20654939967946873,0.4988306988254155,1776.9928389168283,367.03680411298575,886.4185796446404
5460,0.0,0.0,7.0,0.0,0.20654939967946873,0.4988306988254155,1776.9928389168283,367.03680411298575,886.4185796446404
9711,0.0,0.0,7.0,0.0,0.20654939967946873,0.4988306988254155,1776.9928389168283,367.03680411298575,886.4185796446404
4238,2.0,257.0,338.0,3142.505,0.13589931361361193,0.36276663233321677,2440.097422597738,331.60756488137616,885.1859245607435
9245,0.0,0.0,8.0,0.0,0.20481900360228572,0.496086013437972,1776.9928389168283,363.9619026753418,881.5412933660737
9771,0.0,0.0,8.0,0.0,0.20481900360228572,0.496086013437972,1776.9928389168283,363.9619026753418,881.5412933660737
4709,0.0,0.0,8.0,0.0,0.20481900360228572,0.496086013437972,1776.9928389168283,363.9619026753418,881.5412933660737
4910,0.0,0.0,8.0,0.0,0.20481900360228572,0.496086013437972,1776.9928389168283,363.9619026753418,881.5412933660737
4164,0.0,0.0,8.0,0.0,0.20481900360228572,0.496086013437972,1776.9928389168283,363.9619026753418,881.5412933660737
9206,0.0,0.0,8.0,0.0,0.20481900360228572,0.496086013437972,1776.9928389168283,363.9619026753418,881.5412933660737
6989,0.0,0.0,8.0,0.0,0.20481900360228572,0.496086013437972,1776.9928389168283,363.9619026753418,881.5412933660737
2068,0.0,0.0,8.0,0.0,0.20481900360228572,0.496086013437972,1776.9928389168283,363.9619026753418,881.5412933660737
3567,0.0,0.0,8.0,0.0,0.20481900360228572,0.496086013437972,1776.9928389168283,363.9619026753418,881.5412933660737
9600,0.0,0.0,8.0,0.0,0.20481900360228572,0.496086013437972,1776.9928389168283,363.9619026753418,881.5412933660737
9633,0.0,0.0,8.0,0.0,0.20481900360228572,0.496086013437972,1776.9928389168283,363.9619026753418,881.5412933660737
2783,3.0,242.0,300.0,1877.9066666666668,0.20320256651879004,0.4783218472110476,1835.6161254039312,373.00190782535594,878.0152958735944
8572,0.0,0.0,9.0,0.0,0.20311790152710635,0.49337516708335083,1776.9928389168283,360.9390564694815,876.7241388065081
9634,0.0,0.0,9.0,0.0,0.20311790152710635,0.49337516708335083,1776.9928389168283,360.9390564694815,876.7241388065081
6528,0.0,0.0,9.0,0.0,0.20311790152710635,0.49337516708335083,1776.9928389168283,360.9390564694815,876.7241388065081
2486,0.0,0.0,9.0,0.0,0.20311790152710635,0.49337516708335083,1776.9928389168283,360.9390564694815,876.7241388065081
9990,1.0,119.0,129.0,2509.38,0.17745180900105104,0.4347655849278923,2012.2244231625425,357.0728640062896,874.8459283424535
8356,0.0,0.0,10.0,0.0,0.2014453419071645,0.49069746486987637,1776.9928389168283,357.9669300021834,871.9658811484122
9608,0.0,0.0,10.0,0.0,0.2014453419071645,0.49069746486987637,1776.9928389168283,357.9669300021834,871.9658811484122
2055,0.0,0.0,10.0,0.0,0.2014453419071645,0.49069746486987637,1776.9928389168283,357.9669300021834,871.9658811484122
9203,0.0,0.0,10.0,0.0,0.2014453419071645,0.49069746486987637,1776.9928389168283,357.9669300021834,871.9658811484122
3990,0.0,0.0,10.0,0.0,0.2014453419071645,0.49069746486987637,1776.9928389168283,357.9669300021834,871.9658811484122
3753,0.0,0.0,10.0,0.0,0.2014453419071645,0.49069746486987637,1776.9928389168283,357.9669300021834,871.9658811484122
9195,0.0,0.0,10.0,0.0,0.2014453419071645,0.49069746486987637,1776.9928389168283,357.9669300021834,871.9658811484122
8939,0.0,0.0,10.0,0.0,0.2014453419071645,0.49069746486987637,1776.9928389168283,357.9669300021834,871.9658811484122
9323,1.0,40.0,40.0,1089.13,0.27481191581840503,0.5604126699680594,1555.1702237747784,427.37930861928453,871.5370973604479
2574,2.0,254.0,332.0,2980.41,0.13868791059099733,0.3685774984549676,2361.3207168033937,327.4866364486988,870.3296828492859
7150,1.0,120.0,131.0,2524.96,0.1755564180981956,0.43140811302573867,2017.2382618715283,354.1391237047954,870.2529520773169
5378,0.0,0.0,11.0,0.0,0.1998005991592998,0.48805223263029307,1776.9928389168283,355.0442339173674,867.2653224014008
4732,0.0,0.0,11.0,0.0,0.1998005991592998,0.48805223263029307,1776.9928389168283,355.0442339173674,867.2653224014008
7853,0.0,0.0,11.0,0.0,0.1998005991592998,0.48805223263029307,1776.9928389168283,355.0442339173674,867.2653224014008
4510,0.0,0.0,11.0,0.0,0.1998005991592998,0.48805223263029307,1776.9928389168283,355.0442339173674,867.2653224014008
1509,0.0,0.0,11.0,0.0,0.1998005991592998,0.48805223263029307,1776.9928389168283,355.0442339173674,867.2653224014008
5970,0.0,0.0,11.0,0.0,0.1998005991592998,0.48805223263029307,1776.9928389168283,355.0442339173674,867.2653224014008
3539,0.0,0.0,11.0,0.0,0.1998005991592998,0.48805223263029307,1776.9928389168283,355.0442339173674,867.2653224014008
3507,0.0,0.0,11.0,0.0,0.1998005991592998,0.48805223263029307,1776.9928389168283,355.0442339173674,867.2653224014008
9275,0.0,0.0,11.0,0.0,0.1998005991592998,0.48805223263029307,1776.9928389168283,355.0442339173674,867.2653224014008
6065,0.0,0.0,11.0,0.0,0.1998005991592998,0.48805223263029307,1776.9928389168283,355.0442339173674,867.2653224014008
2671,2.0,218.0,287.0,2672.075,0.15290450165687722,0.39185984667202156,2211.472691996332,338.14412989749184,866.5873500050453
4443,3.0,253.0,317.0,1959.4066666666665,0.19210389471214803,0.4594689239189634,1883.3691305066977,361.80254515096846,865.3495877361061
3402,3.0,286.0,300.0,1136.7466666666667,0.2623150670284996,0.6171012126020006,1401.3508829257166,367.59545078510644,864.7753291343439
9869,1.0,14.0,27.0,1332.59,0.26937897723320436,0.528345468502276,1633.5186943841416,440.03559518451937,863.0621998916156
1829,0.0,0.0,12.0,0.0,0.19818297253234582,0.4854388160982915,1776.9928389168283,352.169722985229,862.6212999389271
7061,0.0,0.0,12.0,0.0,0.19818297253234582,0.4854388160982915,1776.9928389168283,352.169722985229,862.6212999389271
4920,0.0,0.0,12.0,0.0,0.19818297253234582,0.4854388160982915,1776.9928389168283,352.169722985229,862.6212999389271
3978,0.0,0.0,12.0,0.0,0.19818297253234582,0.4854388160982915,1776.9928389168283,352.169722985229,862.6212999389271
9816,0.0,0.0,12.0,0.0,0.19818297253234582,0.4854388160982915,1776.9928389168283,352.169722985229,862.6212999389271
3950,1.0,99.0,132.0,3047.98,0.16021860159444407,0.39432009948107966,2185.5526342452604,350.1661867698291,861.8073321567267
9796,1.0,41.0,41.0,1045.73,0.27329505433780676,0.5588965690398725,1541.2035613889907,421.2033110554255,861.3733826523394
9059,2.0,84.0,110.0,1306.4,0.2744495228170437,0.556207645560185,1547.7669781514057,424.783908585631,860.8798267933956
7072,2.0,105.0,130.0,1316.1799999999998,0.26339791601314316,0.5543820461952608,1552.5199698085876,408.9305246163699,860.6891976214893
9489,0.0,0.0,13.0,0.0,0.19659178503521896,0.48285658012616833,1776.9928389168283,349.34219419746057,858.0326851080708
8004,0.0,0.0,13.0,0.0,0.19659178503521896,0.48285658012616833,1776.9928389168283,349.34219419746057,858.0326851080708
9391,0.0,0.0,13.0,0.0,0.19659178503521896,0.48285658012616833,1776.9928389168283,349.34219419746057,858.0326851080708
9491,0.0,0.0,13.0,0.0,0.19659178503521896,0.48285658012616833,1776.9928389168283,349.34219419746057,858.0326851080708
5850,0.0,0.0,13.0,0.0,0.19659178503521896,0.48285658012616833,1776.9928389168283,349.34219419746057,858.0326851080708
6223,0.0,0.0,13.0,0.0,0.19659178503521896,0.48285658012616833,1776.9928389168283,349.34219419746057,858.0326851080708
2350,0.0,0.0,13.0,0.0,0.19659178503521896,0.48285658012616833,1776.9928389168283,349.34219419746057,858.0326851080708
6436,3.0,209.0,243.0,1311.2033333333334,0.2575200575485838,0.5701358500747664,1503.5696570796654,387.19934461945985,857.2389645857401
3741,2.0,51.0,94.0,1894.35,0.23777432124206205,0.4661254394732349,1833.5053671935543,435.96049417812515,854.6434950596305
3046,0.0,0.0,14.0,0.0,0.19502638242096415,0.4803049079410284,1776.9928389168283,346.5604849619081,853.498381907814
3045,0.0,0.0,14.0,0.0,0.19502638242096415,0.4803049079410284,1776.9928389168283,346.5604849619081,853.498381907814
6383,0.0,0.0,14.0,0.0,0.19502638242096415,0.4803049079410284,1776.9928389168283,346.5604849619081,853.498381907814
9781,0.0,0.0,14.0,0.0,0.19502638242096415,0.4803049079410284,1776.9928389168283,346.5604849619081,853.498381907814
8749,0.0,0.0,14.0,0.0,0.19502638242096415,0.4803049079410284,1776.9928389168283,346.5604849619081,853.498381907814
6301,0.0,0.0,14.0,0.0,0.19502638242096415,0.4803049079410284,1776.9928389168283,346.5604849619081,853.498381907814
3918,0.0,0.0,14.0,0.0,0.19502638242096415,0.4803049079410284,1776.9928389168283,346.5604849619081,853.498381907814
4829,0.0,0.0,14.0,0.0,0.19502638242096415,0.4803049079410284,1776.9928389168283,346.5604849619081,853.498381907814
1730,0.0,0.0,14.0,0.0,0.19502638242096415,0.4803049079410284,1776.9928389168283,346.5604849619081,853.498381907814
1268,0.0,0.0,14.0,0.0,0.19502638242096415,0.4803049079410284,1776.9928389168283,346.5604849619081,853.498381907814
6346,0.0,0.0,15.0,0.0,0.1934861322233665,0.4777832004373471,1776.9928389168283,343.8234713906368,849.0173257319294
7055,0.0,0.0,15.0,0.0,0.1934861322233665,0.4777832004373471,1776.9928389168283,343.8234713906368,849.0173257319294
4789,0.0,0.0,15.0,0.0,0.1934861322233665,0.4777832004373471,1776.9928389168283,343.8234713906368,849.0173257319294
8182,0.0,0.0,15.0,0.0,0.1934861322233665,0.4777832004373471,1776.9928389168283,343.8234713906368,849.0173257319294
4842,0.0,0.0,15.0,0.0,0.1934861322233665,0.4777832004373471,1776.9928389168283,343.8234713906368,849.0173257319294
4711,0.0,0.0,15.0,0.0,0.1934861322233665,0.4777832004373471,1776.9928389168283,343.8234713906368,849.0173257319294
7599,0.0,0.0,15.0,0.0,0.1934861322233665,0.4777832004373471,1776.9928389168283,343.8234713906368,849.0173257319294
1832,0.0,0.0,15.0,0.0,0.1934861322233665,0.4777832004373471,1776.9928389168283,343.8234713906368,849.0173257319294
6768,0.0,0.0,15.0,0.0,0.1934861322233665,0.4777832004373471,1776.9928389168283,343.8234713906368,849.0173257319294
6173,0.0,0.0,15.0,0.0,0.1934861322233665,0.4777832004373471,1776.9928389168283,343.8234713906368,849.0173257319294
7397,1.0,323.0,343.0,5219.76,0.09879998975207865,0.29426469457191184,2884.458579780451,284.98447812260395,848.7943229844251
5757,1.0,63.0,112.0,3311.58,0.15644925121178666,0.3731762769387288,2270.382408551623,355.1996277823141,847.2528544504786
9294,0.0,0.0,16.0,0.0,0.1919704228428977,0.4752908755036681,1776.9928389168283,341.13006667566475,844.588482172528
3405,0.0,0.0,16.0,0.0,0.1919704228428977,0.4752908755036681,1776.9928389168283,341.13006667566475,844.588482172528
4953,0.0,0.0,16.0,0.0,0.1919704228428977,0.4752908755036681,1776.9928389168283,341.13006667566475,844.588482172528
9432,0.0,0.0,16.0,0.0,0.1919704228428977,0.4752908755036681,1776.9928389168283,341.13006667566475,844.588482172528
6520,0.0,0.0,16.0,0.0,0.1919704228428977,0.4752908755036681,1776.9928389168283,341.13006667566475,844.588482172528
8429,0.0,0.0,16.0,0.0,0.1919704228428977,0.4752908755036681,1776.9928389168283,341.13006667566475,844.588482172528
5690,0.0,0.0,16.0,0.0,0.1919704228428977,0.4752908755036681,1776.9928389168283,341.13006667566475,844.588482172528
8108,0.0,0.0,16.0,0.0,0.1919704228428977,0.4752908755036681,1776.9928389168283,341.13006667566475,844.588482172528
7461,0.0,0.0,16.0,0.0,0.1919704228428977,0.4752908755036681,1776.9928389168283,341.13006667566475,844.588482172528
8174,0.0,0.0,16.0,0.0,0.1919704228428977,0.4752908755036681,1776.9928389168283,341.13006667566475,844.588482172528
5778,1.0,125.0,160.0,3232.62,0.14653893048274275,0.37464571013149034,2244.972093759401,328.9758095831063,841.0691642918696
2053,1.0,90.0,91.0,1590.72,0.21325263581698142,0.4898317358804236,1716.5881543298876,366.0669485230558,840.8393554271813
9328,0.0,0.0,17.0,0.0,0.19047866267906963,0.4728273673815126,1776.9928389168283,338.4792195471608,840.2108458808442
4178,0.0,0.0,17.0,0.0,0.19047866267906963,0.4728273673815126,1776.9928389168283,338.4792195471608,840.2108458808442
5845,0.0,0.0,17.0,0.0,0.19047866267906963,0.4728273673815126,1776.9928389168283,338.4792195471608,840.2108458808442
3660,0.0,0.0,17.0,0.0,0.19047866267906963,0.4728273673815126,1776.9928389168283,338.4792195471608,840.2108458808442
1712,0.0,0.0,17.0,0.0,0.19047866267906963,0.4728273673815126,1776.9928389168283,338.4792195471608,840.2108458808442
8487,0.0,0.0,17.0,0.0,0.19047866267906963,0.4728273673815126,1776.9928389168283,338.4792195471608,840.2108458808442
5060,0.0,0.0,17.0,0.0,0.19047866267906963,0.4728273673815126,1776.9928389168283,338.4792195471608,840.2108458808442
7725,0.0,0.0,17.0,0.0,0.19047866267906963,0.4728273673815126,1776.9928389168283,338.4792195471608,840.2108458808442
8952,2.0,185.0,268.0,2857.165,0.1447166964014236,0.3645530048642989,2301.4247600766294,333.0545882947287,838.9913117550334
1227,0.0,0.0,18.0,0.0,0.18901027930638026,0.47039212605463715,1776.9928389168283,335.8699128091073,835.8834394819522
8148,0.0,0.0,18.0,0.0,0.18901027930638026,0.47039212605463715,1776.9928389168283,335.8699128091073,835.8834394819522
4027,0.0,0.0,18.0,0.0,0.18901027930638026,0.47039212605463715,1776.9928389168283,335.8699128091073,835.8834394819522
2971,0.0,0.0,18.0,0.0,0.18901027930638026,0.47039212605463715,1776.9928389168283,335.8699128091073,835.8834394819522
1802,0.0,0.0,18.0,0.0,0.18901027930638026,0.47039212605463715,1776.9928389168283,335.8699128091073,835.8834394819522
8894,0.0,0.0,18.0,0.0,0.18901027930638026,0.47039212605463715,1776.9928389168283,335.8699128091073,835.8834394819522
6605,0.0,0.0,18.0,0.0,0.18901027930638026,0.47039212605463715,1776.9928389168283,335.8699128091073,835.8834394819522
3267,0.0,0.0,18.0,0.0,0.18901027930638026,0.47039212605463715,1776.9928389168283,335.8699128091073,835.8834394819522
9060,1.0,13.0,104.0,5846.44,0.11481376077267318,0.2701991432504693,3086.1320356314113,354.3304252518677,833.8702319854341
2772,0.0,0.0,19.0,0.0,0.1875647186913195,0.4679846166668557,1776.9928389168283,333.30116194792413,831.6053125402395
8185,0.0,0.0,19.0,0.0,0.1875647186913195,0.4679846166668557,1776.9928389168283,333.30116194792413,831.6053125402395
8046,0.0,0.0,19.0,0.0,0.1875647186913195,0.4679846166668557,1776.9928389168283,333.30116194792413,831.6053125402395
2817,0.0,0.0,19.0,0.0,0.1875647186913195,0.4679846166668557,1776.9928389168283,333.30116194792413,831.6053125402395
8124,0.0,0.0,19.0,0.0,0.1875647186913195,0.4679846166668557,1776.9928389168283,333.30116194792413,831.6053125402395
9249,0.0,0.0,19.0,0.0,0.1875647186913195,0.4679846166668557,1776.9928389168283,333.30116194792413,831.6053125402395
3386,1.0,180.0,192.0,2982.63,0.14415376459775853,0.3823787481494883,2164.5221875422203,312.02402188958655,827.6672844141862
7080,0.0,0.0,20.0,0.0,0.18614144444801528,0.46560431896693055,1776.9928389168283,330.77201380975777,827.3755405729823
7237,0.0,0.0,20.0,0.0,0.18614144444801528,0.46560431896693055,1776.9928389168283,330.77201380975777,827.3755405729823
2632,0.0,0.0,20.0,0.0,0.18614144444801528,0.46560431896693055,1776.9928389168283,330.77201380975777,827.3755405729823
6212,0.0,0.0,20.0,0.0,0.18614144444801528,0.46560431896693055,1776.9928389168283,330.77201380975777,827.3755405729823
1560,0.0,0.0,20.0,0.0,0.18614144444801528,0.46560431896693055,1776.9928389168283,330.77201380975777,827.3755405729823
4704,0.0,0.0,20.0,0.0,0.18614144444801528,0.46560431896693055,1776.9928389168283,330.77201380975777,827.3755405729823
4726,0.0,0.0,20.0,0.0,0.18614144444801528,0.46560431896693055,1776.9928389168283,330.77201380975777,827.3755405729823
9398,0.0,0.0,20.0,0.0,0.18614144444801528,0.46560431896693055,1776.9928389168283,330.77201380975777,827.3755405729823
3555,0.0,0.0,20.0,0.0,0.18614144444801528,0.46560431896693055,1776.9928389168283,330.77201380975777,827.3755405729823
2546,0.0,0.0,20.0,0.0,0.18614144444801528,0.46560431896693055,1776.9928389168283,330.77201380975777,827.3755405729823
8682,1.0,174.0,246.0,4945.2,0.10578484076136839,0.2951068779414274,2796.1017405029243,295.78517737168687,825.1488550464093
9639,3.0,261.0,289.0,1182.1633333333332,0.2481876106247479,0.5776967122058819,1427.9617088776731,354.40240458998153,824.9287843745245
2074,1.0,63.0,67.0,1260.52,0.23429349521577866,0.5117895617841348,1610.3256676987821,377.2888291208302,824.147867801304
3830,0.0,0.0,21.0,0.0,0.18473993713028267,0.4632507267788876,1776.9928389168283,328.2815453424574,823.1932241090994
8768,0.0,0.0,21.0,0.0,0.18473993713028267,0.4632507267788876,1776.9928389168283,328.2815453424574,823.1932241090994
5469,0.0,0.0,21.0,0.0,0.18473993713028267,0.4632507267788876,1776.9928389168283,328.2815453424574,823.1932241090994
9822,0.0,0.0,21.0,0.0,0.18473993713028267,0.4632507267788876,1776.9928389168283,328.2815453424574,823.1932241090994
6598,0.0,0.0,21.0,0.0,0.18473993713028267,0.4632507267788876,1776.9928389168283,328.2815453424574,823.1932241090994
7119,0.0,0.0,21.0,0.0,0.18473993713028267,0.4632507267788876,1776.9928389168283,328.2815453424574,823.1932241090994
5430,0.0,0.0,21.0,0.0,0.18473993713028267,0.4632507267788876,1776.9928389168283,328.2815453424574,823.1932241090994
6445,0.0,0.0,21.0,0.0,0.18473993713028267,0.4632507267788876,1776.9928389168283,328.2815453424574,823.1932241090994
5824,0.0,0.0,21.0,0.0,0.18473993713028267,0.4632507267788876,1776.9928389168283,328.2815453424574,823.1932241090994
7787,2.0,59.0,80.0,989.9100000000001,0.3104599349716751,0.5891805166816277,1393.9556970085519,432.7673950466711,821.2915377947971
7142,2.0,222.0,301.0,2674.18,0.1430075381170899,0.3709166577065778,2212.4957029818456,316.40356357807394,820.6515113401914
1343,0.0,0.0,22.0,0.0,0.18335969355798537,0.4609233474964558,1776.9928389168283,325.8288623985241,819.0574877907748
5001,0.0,0.0,22.0,0.0,0.18335969355798537,0.4609233474964558,1776.9928389168283,325.8288623985241,819.0574877907748
1424,0.0,0.0,22.0,0.0,0.18335969355798537,0.4609233474964558,1776.9928389168283,325.8288623985241,819.0574877907748
7765,0.0,0.0,22.0,0.0,0.18335969355798537,0.4609233474964558,1776.9928389168283,325.8288623985241,819.0574877907748
6812,0.0,0.0,22.0,0.0,0.18335969355798537,0.4609233474964558,1776.9928389168283,325.8288623985241,819.0574877907748
7510,0.0,0.0,22.0,0.0,0.18335969355798537,0.4609233474964558,1776.9928389168283,325.8288623985241,819.0574877907748
9641,0.0,0.0,23.0,0.0,0.18200022617575753,0.4586217016002684,1776.9928389168283,323.41309859556424,814.9674795155274
2282,0.0,0.0,23.0,0.0,0.18200022617575753,0.4586217016002684,1776.9928389168283,323.41309859556424,814.9674795155274
9303,0.0,0.0,23.0,0.0,0.18200022617575753,0.4586217016002684,1776.9928389168283,323.41309859556424,814.9674795155274
8266,0.0,0.0,23.0,0.0,0.18200022617575753,0.4586217016002684,1776.9928389168283,323.41309859556424,814.9674795155274
8625,0.0,0.0,23.0,0.0,0.18200022617575753,0.4586217016002684,1776.9928389168283,323.41309859556424,814.9674795155274
2262,0.0,0.0,23.0,0.0,0.18200022617575753,0.4586217016002684,1776.9928389168283,323.41309859556424,814.9674795155274
8459,0.0,0.0,23.0,0.0,0.18200022617575753,0.4586217016002684,1776.9928389168283,323.41309859556424,814.9674795155274
4841,1.0,26.0,38.0,1104.81,0.2569763769484672,0.5210908067409619,1560.216243733526,400.9387175707881,813.0143411374562
8545,1.0,94.0,102.0,1697.45,0.1978664540050644,0.46384117279649995,1750.9352021740476,346.4513396468193,812.155837667087
9162,0.0,0.0,24.0,0.0,0.1806610624422787,0.4563453221965689,1776.9928389168283,321.0334142310352,810.9223696164958
6477,0.0,0.0,24.0,0.0,0.1806610624422787,0.4563453221965689,1776.9928389168283,321.0334142310352,810.9223696164958
6164,0.0,0.0,24.0,0.0,0.1806610624422787,0.4563453221965689,1776.9928389168283,321.0334142310352,810.9223696164958
1498,0.0,0.0,24.0,0.0,0.1806610624422787,0.4563453221965689,1776.9928389168283,321.0334142310352,810.9223696164958
2381,0.0,0.0,24.0,0.0,0.1806610624422787,0.4563453221965689,1776.9928389168283,321.0334142310352,810.9223696164958
8646,0.0,0.0,24.0,0.0,0.1806610624422787,0.4563453221965689,1776.9928389168283,321.0334142310352,810.9223696164958
7940,0.0,0.0,24.0,0.0,0.1806610624422787,0.4563453221965689,1776.9928389168283,321.0334142310352,810.9223696164958
2543,0.0,0.0,24.0,0.0,0.1806610624422787,0.4563453221965689,1776.9928389168283,321.0334142310352,810.9223696164958
8791,0.0,0.0,24.0,0.0,0.1806610624422787,0.4563453221965689,1776.9928389168283,321.0334142310352,810.9223696164958
8541,0.0,0.0,24.0,0.0,0.1806610624422787,0.4563453221965689,1776.9928389168283,321.0334142310352,810.9223696164958
5910,0.0,0.0,24.0,0.0,0.1806610624422787,0.4563453221965689,1776.9928389168283,321.0334142310352,810.9223696164958
4822,1.0,110.0,232.0,6531.4,0.08893255496097074,0.24519145872078807,3306.560723828991,294.06089330370895,810.7404472244951
5771,1.0,288.0,302.0,4209.64,0.10886312530948027,0.3163432236939632,2559.389339938469,278.62312242946956,809.6454744841001
2684,1.0,172.0,190.0,2920.23,0.14248681804915073,0.3771563868818925,2144.441087706428,305.55458708114867,808.7896525204319
7542,3.0,328.0,346.0,1114.12,0.23733434347512136,0.5817509539088483,1388.0933206092452,329.44221692899634,807.5246133789293
7225,1.0,210.0,279.0,4996.47,0.10031233151659548,0.28698565694820116,2812.6010672430134,282.13857068121143,807.176165015948
5720,1.0,231.0,268.0,4182.26,0.11149496730358306,0.31642131722255595,2550.5781137605236,284.3766233989641,807.057286435127
5682,0.0,0.0,25.0,0.0,0.1793417442483503,0.45409375457633816,1776.9928389168283,318.6889952481718,806.9213500790087
1197,0.0,0.0,25.0,0.0,0.1793417442483503,0.45409375457633816,1776.9928389168283,318.6889952481718,806.9213500790087
2972,0.0,0.0,25.0,0.0,0.1793417442483503,0.45409375457633816,1776.9928389168283,318.6889952481718,806.9213500790087
1889,0.0,0.0,25.0,0.0,0.1793417442483503,0.45409375457633816,1776.9928389168283,318.6889952481718,806.9213500790087
5526,0.0,0.0,25.0,0.0,0.1793417442483503,0.45409375457633816,1776.9928389168283,318.6889952481718,806.9213500790087
3590,0.0,0.0,25.0,0.0,0.1793417442483503,0.45409375457633816,1776.9928389168283,318.6889952481718,806.9213500790087
4853,0.0,0.0,25.0,0.0,0.1793417442483503,0.45409375457633816,1776.9928389168283,318.6889952481718,806.9213500790087
7958,0.0,0.0,25.0,0.0,0.1793417442483503,0.45409375457633816,1776.9928389168283,318.6889952481718,806.9213500790087
6363,0.0,0.0,25.0,0.0,0.1793417442483503,0.45409375457633816,1776.9928389168283,318.6889952481718,806.9213500790087
5138,0.0,0.0,25.0,0.0,0.1793417442483503,0.45409375457633816,1776.9928389168283,318.6889952481718,806.9213500790087
7928,0.0,0.0,25.0,0.0,0.1793417442483503,0.45409375457633816,1776.9928389168283,318.6889952481718,806.9213500790087
7936,0.0,0.0,25.0,0.0,0.1793417442483503,0.45409375457633816,1776.9928389168283,318.6889952481718,806.9213500790087
3392,0.0,0.0,25.0,0.0,0.1793417442483503,0.45409375457633816,1776.9928389168283,318.6889952481718,806.9213500790087
5949,0.0,0.0,25.0,0.0,0.1793417442483503,0.45409375457633816,1776.9928389168283,318.6889952481718,806.9213500790087
2994,2.0,80.0,217.0,5789.835,0.09050396263618248,0.21620276896571758,3726.675889241022,337.2789354370316,805.7176462916868
6312,2.0,316.0,357.0,2070.39,0.1548783827409087,0.4189379003396749,1919.0592170225864,297.2207879164927,803.9666390069428
7003,2.0,261.0,335.0,2536.615,0.14065024606183152,0.3746161684082797,2145.640355607775,301.7848439764292,803.7915687999633
2746,0.0,0.0,26.0,0.0,0.17804182736223764,0.4518665557936793,1776.9928389168283,316.3790522503625,802.9636337913796
1795,0.0,0.0,26.0,0.0,0.17804182736223764,0.4518665557936793,1776.9928389168283,316.3790522503625,802.9636337913796
3301,0.0,0.0,26.0,0.0,0.17804182736223764,0.4518665557936793,1776.9928389168283,316.3790522503625,802.9636337913796
8354,0.0,0.0,26.0,0.0,0.17804182736223764,0.4518665557936793,1776.9928389168283,316.3790522503625,802.9636337913796
9559,0.0,0.0,26.0,0.0,0.17804182736223764,0.4518665557936793,1776.9928389168283,316.3790522503625,802.9636337913796
8883,0.0,0.0,26.0,0.0,0.17804182736223764,0.4518665557936793,1776.9928389168283,316.3790522503625,802.9636337913796
8526,0.0,0.0,26.0,0.0,0.17804182736223764,0.4518665557936793,1776.9928389168283,316.3790522503625,802.9636337913796
2757,0.0,0.0,26.0,0.0,0.17804182736223764,0.4518665557936793,1776.9928389168283,316.3790522503625,802.9636337913796
7543,0.0,0.0,26.0,0.0,0.17804182736223764,0.4518665557936793,1776.9928389168283,316.3790522503625,802.9636337913796
7105,0.0,0.0,26.0,0.0,0.17804182736223764,0.4518665557936793,1776.9928389168283,316.3790522503625,802.9636337913796
2793,0.0,0.0,26.0,0.0,0.17804182736223764,0.4518665557936793,1776.9928389168283,316.3790522503625,802.9636337913796
2367,0.0,0.0,26.0,0.0,0.17804182736223764,0.4518665557936793,1776.9928389168283,316.3790522503625,802.9636337913796
4070,0.0,0.0,26.0,0.0,0.17804182736223764,0.4518665557936793,1776.9928389168283,316.3790522503625,802.9636337913796
6005,2.0,189.0,208.0,1212.45,0.22576893148214403,0.5331241572407426,1502.1081268026467,339.12934675887846,800.8101291861315
7326,0.0,0.0,27.0,0.0,0.1767608809007276,0.44966329426249624,1776.9928389168283,314.1028195612233,799.0484538282063
4600,0.0,0.0,27.0,0.0,0.1767608809007276,0.44966329426249624,1776.9928389168283,314.1028195612233,799.0484538282063
8307,0.0,0.0,27.0,0.0,0.1767608809007276,0.44966329426249624,1776.9928389168283,314.1028195612233,799.0484538282063
7187,0.0,0.0,27.0,0.0,0.1767608809007276,0.44966329426249624,1776.9928389168283,314.1028195612233,799.0484538282063
5634,0.0,0.0,27.0,0.0,0.1767608809007276,0.44966329426249624,1776.9928389168283,314.1028195612233,799.0484538282063
6018,0.0,0.0,27.0,0.0,0.1767608809007276,0.44966329426249624,1776.9928389168283,314.1028195612233,799.0484538282063
9457,0.0,0.0,27.0,0.0,0.1767608809007276,0.44966329426249624,1776.9928389168283,314.1028195612233,799.0484538282063
5403,1.0,135.0,225.0,5052.09,0.10297169329279106,0.28212551910894673,2830.5002783466443,291.4614065270704,798.5563603665653
8848,0.0,0.0,28.0,0.0,0.17549848682453625,0.44748354937050533,1776.9928389168283,311.85955432794026,795.175062764473
9223,0.0,0.0,28.0,0.0,0.17549848682453625,0.44748354937050533,1776.9928389168283,311.85955432794026,795.175062764473
4432,0.0,0.0,28.0,0.0,0.17549848682453625,0.44748354937050533,1776.9928389168283,311.85955432794026,795.175062764473
6755,0.0,0.0,28.0,0.0,0.17549848682453625,0.44748354937050533,1776.9928389168283,311.85955432794026,795.175062764473
2829,0.0,0.0,28.0,0.0,0.17549848682453625,0.44748354937050533,1776.9928389168283,311.85955432794026,795.175062764473
8738,0.0,0.0,28.0,0.0,0.17549848682453625,0.44748354937050533,1776.9928389168283,311.85955432794026,795.175062764473
3404,0.0,0.0,28.0,0.0,0.17549848682453625,0.44748354937050533,1776.9928389168283,311.85955432794026,795.175062764473
1138,0.0,0.0,28.0,0.0,0.17549848682453625,0.44748354937050533,1776.9928389168283,311.85955432794026,795.175062764473
9505,0.0,0.0,28.0,0.0,0.17549848682453625,0.44748354937050533,1776.9928389168283,311.85955432794026,795.175062764473
4634,0.0,0.0,28.0,0.0,0.17549848682453625,0.44748354937050533,1776.9928389168283,311.85955432794026,795.175062764473
3366,1.0,93.0,109.0,1830.2,0.1861985872233971,0.44185177965931083,1793.6558111997308,333.97617801042617,792.5300122748658
5143,1.0,17.0,32.0,1031.66,0.25872191954303475,0.5154019528417718,1536.6756595510074,397.5716763540956,792.0056358170069
5960,0.0,0.0,29.0,0.0,0.17425423945673496,0.4453269111096445,1776.9928389168283,309.64853566551625,791.3427320187892
8038,0.0,0.0,29.0,0.0,0.17425423945673496,0.4453269111096445,1776.9928389168283,309.64853566551625,791.3427320187892
5470,0.0,0.0,29.0,0.0,0.17425423945673496,0.4453269111096445,1776.9928389168283,309.64853566551625,791.3427320187892
4236,0.0,0.0,29.0,0.0,0.17425423945673496,0.4453269111096445,1776.9928389168283,309.64853566551625,791.3427320187892
3746,1.0,64.0,139.0,4034.25,0.1271220200202505,0.31607835541465296,2502.9466460249955,318.1796336456083,791.127259566202
6793,1.0,241.0,256.0,3490.08,0.12078060086100822,0.33963345857929134,2327.8259393319167,281.1562156523498,790.6075747458865
4330,2.0,256.0,311.0,2058.675,0.157716498502006,0.4123752419457627,1913.3658328442827,301.76935950957477,789.0246982499168
2255,1.0,139.0,140.0,1849.14,0.1760773228151133,0.4383386839443703,1799.750939899889,316.89532723155634,788.9004584233609
9422,1.0,263.0,264.0,3347.95,0.12213884051926699,0.3455755176582034,2282.0867290809324,278.7314270543516,788.6333027430594
5942,1.0,47.0,90.0,2471.69,0.1719309650136983,0.39421904541312436,2000.0953101367147,343.87831679117755,788.4756638973626
9643,1.0,100.0,100.0,1345.6,0.2061163277143906,0.48143966264991567,1637.7054749749052,337.55783837957927,788.4563713918383
5999,2.0,317.0,346.0,1798.8899999999999,0.16431899356738616,0.44107225440806164,1787.1126694846232,293.6565552412381,788.245814010792
3038,0.0,0.0,30.0,0.0,0.17302774502297424,0.443192979722121,1776.9928389168283,307.4690638397521,787.5507512244202
6428,0.0,0.0,30.0,0.0,0.17302774502297424,0.443192979722121,1776.9928389168283,307.4690638397521,787.5507512244202
2036,0.0,0.0,30.0,0.0,0.17302774502297424,0.443192979722121,1776.9928389168283,307.4690638397521,787.5507512244202
9524,0.0,0.0,30.0,0.0,0.17302774502297424,0.443192979722121,1776.9928389168283,307.4690638397521,787.5507512244202
2924,0.0,0.0,30.0,0.0,0.17302774502297424,0.443192979722121,1776.9928389168283,307.4690638397521,787.5507512244202
9856,0.0,0.0,30.0,0.0,0.17302774502297424,0.443192979722121,1776.9928389168283,307.4690638397521,787.5507512244202
4193,0.0,0.0,30.0,0.0,0.17302774502297424,0.443192979722121,1776.9928389168283,307.4690638397521,787.5507512244202
6228,1.0,32.0,49.0,1208.47,0.23583964574198252,0.4929626466008666,1593.5753272107543,375.82824063254816,785.5731108596553
3002,0.0,0.0,31.0,0.0,0.1718186212123385,0.4410813653612151,1776.9928389168283,305.3204594868886,783.7984276265364
1146,0.0,0.0,31.0,0.0,0.1718186212123385,0.4410813653612151,1776.9928389168283,305.3204594868886,783.7984276265364
1803,0.0,0.0,31.0,0.0,0.1718186212123385,0.4410813653612151,1776.9928389168283,305.3204594868886,783.7984276265364
5965,0.0,0.0,31.0,0.0,0.1718186212123385,0.4410813653612151,1776.9928389168283,305.3204594868886,783.7984276265364
5941,0.0,0.0,31.0,0.0,0.1718186212123385,0.4410813653612151,1776.9928389168283,305.3204594868886,783.7984276265364
4543,0.0,0.0,31.0,0.0,0.1718186212123385,0.4410813653612151,1776.9928389168283,305.3204594868886,783.7984276265364
3326,2.0,155.0,196.0,1484.0700000000002,0.20527252397030263,0.477578385459081,1634.1129932566312,335.4384985784548,780.417044977208
9952,0.0,0.0,32.0,0.0,0.17062649675774758,0.4389916877661501,1776.9928389168283,303.2020628679829,780.085085504461
7457,0.0,0.0,32.0,0.0,0.17062649675774758,0.4389916877661501,1776.9928389168283,303.2020628679829,780.085085504461
8280,0.0,0.0,32.0,0.0,0.17062649675774758,0.4389916877661501,1776.9928389168283,303.2020628679829,780.085085504461
8630,0.0,0.0,32.0,0.0,0.17062649675774758,0.4389916877661501,1776.9928389168283,303.2020628679829,780.085085504461
5848,0.0,0.0,32.0,0.0,0.17062649675774758,0.4389916877661501,1776.9928389168283,303.2020628679829,780.085085504461
7288,0.0,0.0,32.0,0.0,0.17062649675774758,0.4389916877661501,1776.9928389168283,303.2020628679829,780.085085504461
4643,0.0,0.0,32.0,0.0,0.17062649675774758,0.4389916877661501,1776.9928389168283,303.2020628679829,780.085085504461
5266,0.0,0.0,32.0,0.0,0.17062649675774758,0.4389916877661501,1776.9928389168283,303.2020628679829,780.085085504461
3597,1.0,90.0,110.0,1836.43,0.18229920176756173,0.4333376807231678,1795.660703058334,327.347512812913,778.1274444290314
8406,0.0,0.0,33.0,0.0,0.16945101103490023,0.4369235759503163,1776.9928389168283,301.1132331562342,776.4100656176449
9780,0.0,0.0,33.0,0.0,0.16945101103490023,0.4369235759503163,1776.9928389168283,301.1132331562342,776.4100656176449
1427,0.0,0.0,33.0,0.0,0.16945101103490023,0.4369235759503163,1776.9928389168283,301.1132331562342,776.4100656176449
1783,0.0,0.0,33.0,0.0,0.16945101103490023,0.4369235759503163,1776.9928389168283,301.1132331562342,776.4100656176449
8417,0.0,0.0,33.0,0.0,0.16945101103490023,0.4369235759503163,1776.9928389168283,301.1132331562342,776.4100656176449
6512,0.0,0.0,33.0,0.0,0.16945101103490023,0.4369235759503163,1776.9928389168283,301.1132331562342,776.4100656176449
7505,0.0,0.0,33.0,0.0,0.16945101103490023,0.4369235759503163,1776.9928389168283,301.1132331562342,776.4100656176449
6360,0.0,0.0,33.0,0.0,0.16945101103490023,0.4369235759503163,1776.9928389168283,301.1132331562342,776.4100656176449
3131,0.0,0.0,33.0,0.0,0.16945101103490023,0.4369235759503163,1776.9928389168283,301.1132331562342,776.4100656176449
9205,2.0,204.0,229.0,1269.095,0.20920031163237887,0.5062207148780534,1529.6370851278289,320.00055489318544,774.3339787373914
8769,0.0,0.0,34.0,0.0,0.16829181367877244,0.4348766679022033,1776.9928389168283,299.05334775550375,772.772724674227
1600,0.0,0.0,34.0,0.0,0.16829181367877244,0.4348766679022033,1776.9928389168283,299.05334775550375,772.772724674227
6163,0.0,0.0,34.0,0.0,0.16829181367877244,0.4348766679022033,1776.9928389168283,299.05334775550375,772.772724674227
2967,0.0,0.0,34.0,0.0,0.16829181367877244,0.4348766679022033,1776.9928389168283,299.05334775550375,772.772724674227
3449,0.0,0.0,34.0,0.0,0.16829181367877244,0.4348766679022033,1776.9928389168283,299.05334775550375,772.772724674227
9462,0.0,0.0,34.0,0.0,0.16829181367877244,0.4348766679022033,1776.9928389168283,299.05334775550375,772.772724674227
8455,0.0,0.0,34.0,0.0,0.16829181367877244,0.4348766679022033,1776.9928389168283,299.05334775550375,772.772724674227
3311,0.0,0.0,34.0,0.0,0.16829181367877244,0.4348766679022033,1776.9928389168283,299.05334775550375,772.772724674227
5212,0.0,0.0,34.0,0.0,0.16829181367877244,0.4348766679022033,1776.9928389168283,299.05334775550375,772.772724674227
2191,0.0,0.0,34.0,0.0,0.16829181367877244,0.4348766679022033,1776.9928389168283,299.05334775550375,772.772724674227
9921,1.0,134.0,156.0,2319.15,0.15548045350896508,0.3954845952746832,1951.0060317881039,303.34330262114077,771.592830860184
3821,1.0,45.0,92.0,2507.87,0.1666130760546094,0.38350101816720084,2011.7384862915058,335.1819374184714,771.5037577789359
8240,1.0,37.0,66.0,1652.89,0.2032465471825942,0.4430074043006954,1736.595237291303,352.9569858331952,769.3245483933704
9887,0.0,0.0,35.0,0.0,0.16714856421679716,0.43285061029836797,1776.9928389168283,297.0218016484782,769.1724348209787
3281,0.0,0.0,35.0,0.0,0.16714856421679716,0.43285061029836797,1776.9928389168283,297.0218016484782,769.1724348209787
6806,0.0,0.0,35.0,0.0,0.16714856421679716,0.43285061029836797,1776.9928389168283,297.0218016484782,769.1724348209787
2759,0.0,0.0,35.0,0.0,0.16714856421679716,0.43285061029836797,1776.9928389168283,297.0218016484782,769.1724348209787
9962,0.0,0.0,35.0,0.0,0.16714856421679716,0.43285061029836797,1776.9928389168283,297.0218016484782,769.1724348209787
8404,0.0,0.0,35.0,0.0,0.16714856421679716,0.43285061029836797,1776.9928389168283,297.0218016484782,769.1724348209787
2799,2.0,149.0,239.0,2697.8849999999998,0.14124221146232094,0.34564286347671586,2224.0161188543625,314.1249549548382,768.7152997391939
7391,2.0,195.0,213.0,1090.085,0.22422281689353937,0.5326655666007531,1442.6398421268314,323.47276916452904,768.4445689073096
4492,1.0,69.0,89.0,1547.97,0.19684262373909725,0.45042219402841915,1702.8306700673868,335.18965687946945,766.9927264706355
9629,2.0,269.0,359.0,2682.075,0.12769855790459436,0.3459454045787837,2216.332601666241,283.02247706971673,766.7300785645759
6787,2.0,321.0,355.0,1791.3049999999998,0.15913357663441716,0.42984943008387594,1783.426427999998,283.8030261519825,766.6048336723218
2048,0.0,0.0,36.0,0.0,0.16602093171785082,0.4308450582279248,1776.9928389168283,295.0180067729206,765.6085831537263
1764,0.0,0.0,36.0,0.0,0.16602093171785082,0.4308450582279248,1776.9928389168283,295.0180067729206,765.6085831537263
7871,0.0,0.0,36.0,0.0,0.16602093171785082,0.4308450582279248,1776.9928389168283,295.0180067729206,765.6085831537263
5665,0.0,0.0,36.0,0.0,0.16602093171785082,0.4308450582279248,1776.9928389168283,295.0180067729206,765.6085831537263
8341,2.0,186.0,264.0,2309.145,0.14959180101926867,0.3753937017395046,2035.0919903464182,304.43307607580886,763.9607156365581
1751,0.0,0.0,37.0,0.0,0.1649085944562682,0.4288596749279615,1776.9928389168283,293.041391424628,762.0805712471864
3938,0.0,0.0,37.0,0.0,0.1649085944562682,0.4288596749279615,1776.9928389168283,293.041391424628,762.0805712471864
3368,0.0,0.0,37.0,0.0,0.1649085944562682,0.4288596749279615,1776.9928389168283,293.041391424628,762.0805712471864
9514,0.0,0.0,37.0,0.0,0.1649085944562682,0.4288596749279615,1776.9928389168283,293.041391424628,762.0805712471864
8363,2.0,134.0,161.0,1051.77,0.24111135039678241,0.5341126561966122,1424.0190982265894,343.3471677642213,760.5866230285081
7618,1.0,212.0,247.0,3454.78,0.11748449033182172,0.3279993685437971,2316.465958174798,272.14882246718116,759.7993715345356
2615,0.0,0.0,38.0,0.0,0.16381123959012178,0.4268941315293265,1776.9928389168283,291.09139968573527,758.5878147032317
9521,0.0,0.0,38.0,0.0,0.16381123959012178,0.4268941315293265,1776.9928389168283,291.09139968573527,758.5878147032317
3772,0.0,0.0,38.0,0.0,0.16381123959012178,0.4268941315293265,1776.9928389168283,291.09139968573527,758.5878147032317
4621,0.0,0.0,38.0,0.0,0.16381123959012178,0.4268941315293265,1776.9928389168283,291.09139968573527,758.5878147032317
4087,0.0,0.0,38.0,0.0,0.16381123959012178,0.4268941315293265,1776.9928389168283,291.09139968573527,758.5878147032317
9320,0.0,0.0,38.0,0.0,0.16381123959012178,0.4268941315293265,1776.9928389168283,291.09139968573527,758.5878147032317
2115,0.0,0.0,38.0,0.0,0.16381123959012178,0.4268941315293265,1776.9928389168283,291.09139968573527,758.5878147032317
2388,0.0,0.0,38.0,0.0,0.16381123959012178,0.4268941315293265,1776.9928389168283,291.09139968573527,758.5878147032317
6705,2.0,139.0,205.0,1979.63,0.1718423122105311,0.40442827359260597,1874.9506768585081,322.19585959206637,758.2830653131745
1530,1.0,26.0,33.0,570.93,0.2730293552812619,0.545518367376933,1388.4069876383653,379.0758647029018,757.4015131512067
9993,1.0,120.0,124.0,1482.5,0.18471434166815484,0.4491172477032955,1681.7616058646695,310.6454878700713,755.3081437190148
2920,0.0,0.0,39.0,0.0,0.16272856285305298,0.4249481068124064,1776.9928389168283,289.1674908771021,755.1297427169096
6413,0.0,0.0,39.0,0.0,0.16272856285305298,0.4249481068124064,1776.9928389168283,289.1674908771021,755.1297427169096
3657,0.0,0.0,39.0,0.0,0.16272856285305298,0.4249481068124064,1776.9928389168283,289.1674908771021,755.1297427169096
1510,0.0,0.0,39.0,0.0,0.16272856285305298,0.4249481068124064,1776.9928389168283,289.1674908771021,755.1297427169096
1641,0.0,0.0,39.0,0.0,0.16272856285305298,0.4249481068124064,1776.9928389168283,289.1674908771021,755.1297427169096
2838,0.0,0.0,39.0,0.0,0.16272856285305298,0.4249481068124064,1776.9928389168283,289.1674908771021,755.1297427169096
2459,0.0,0.0,39.0,0.0,0.16272856285305298,0.4249481068124064,1776.9928389168283,289.1674908771021,755.1297427169096
8365,0.0,0.0,39.0,0.0,0.16272856285305298,0.4249481068124064,1776.9928389168283,289.1674908771021,755.1297427169096
7687,0.0,0.0,39.0,0.0,0.16272856285305298,0.4249481068124064,1776.9928389168283,289.1674908771021,755.1297427169096
5923,0.0,0.0,39.0,0.0,0.16272856285305298,0.4249481068124064,1776.9928389168283,289.1674908771021,755.1297427169096
4518,0.0,0.0,39.0,0.0,0.16272856285305298,0.4249481068124064,1776.9928389168283,289.1674908771021,755.1297427169096
1282,0.0,0.0,39.0,0.0,0.16272856285305298,0.4249481068124064,1776.9928389168283,289.1674908771021,755.1297427169096
4364,1.0,289.0,304.0,3707.69,0.10817234070347023,0.3147430688639258,2397.8555568843017,259.381648256998,754.7084166661829
3941,0.0,0.0,40.0,0.0,0.16166026825899607,0.423021286972286,1776.9928389168283,287.26913903360946,751.7057976591328
7877,0.0,0.0,40.0,0.0,0.16166026825899607,0.423021286972286,1776.9928389168283,287.26913903360946,751.7057976591328
4342,0.0,0.0,40.0,0.0,0.16166026825899607,0.423021286972286,1776.9928389168283,287.26913903360946,751.7057976591328
1110,0.0,0.0,40.0,0.0,0.16166026825899607,0.423021286972286,1776.9928389168283,287.26913903360946,751.7057976591328
2535,0.0,0.0,40.0,0.0,0.16166026825899607,0.423021286972286,1776.9928389168283,287.26913903360946,751.7057976591328
6776,0.0,0.0,40.0,0.0,0.16166026825899607,0.423021286972286,1776.9928389168283,287.26913903360946,751.7057976591328
1204,0.0,0.0,40.0,0.0,0.16166026825899607,0.423021286972286,1776.9928389168283,287.26913903360946,751.7057976591328
4819,0.0,0.0,40.0,0.0,0.16166026825899607,0.423021286972286,1776.9928389168283,287.26913903360946,751.7057976591328
9381,0.0,0.0,40.0,0.0,0.16166026825899607,0.423021286972286,1776.9928389168283,287.26913903360946,751.7057976591328
6927,0.0,0.0,40.0,0.0,0.16166026825899607,0.423021286972286,1776.9928389168283,287.26913903360946,751.7057976591328
8209,2.0,70.0,82.0,531.62,0.33592782066581345,0.6404549575964791,1171.2308967464082,393.4490426404873,750.120634311407
1101,0.0,0.0,41.0,0.0,0.16060606781915404,0.42111336539297983,1776.9928389168283,285.3958324012272,748.3154346754909
3528,0.0,0.0,41.0,0.0,0.16060606781915404,0.42111336539297983,1776.9928389168283,285.3958324012272,748.3154346754909
7591,0.0,0.0,41.0,0.0,0.16060606781915404,0.42111336539297983,1776.9928389168283,285.3958324012272,748.3154346754909
5028,0.0,0.0,41.0,0.0,0.16060606781915404,0.42111336539297983,1776.9928389168283,285.3958324012272,748.3154346754909
1302,0.0,0.0,41.0,0.0,0.16060606781915404,0.42111336539297983,1776.9928389168283,285.3958324012272,748.3154346754909
2424,0.0,0.0,41.0,0.0,0.16060606781915404,0.42111336539297983,1776.9928389168283,285.3958324012272,748.3154346754909
4710,0.0,0.0,41.0,0.0,0.16060606781915404,0.42111336539297983,1776.9928389168283,285.3958324012272,748.3154346754909
8396,0.0,0.0,41.0,0.0,0.16060606781915404,0.42111336539297983,1776.9928389168283,285.3958324012272,748.3154346754909
9730,0.0,0.0,41.0,0.0,0.16060606781915404,0.42111336539297983,1776.9928389168283,285.3958324012272,748.3154346754909
5528,0.0,0.0,41.0,0.0,0.16060606781915404,0.42111336539297983,1776.9928389168283,285.3958324012272,748.3154346754909
5779,0.0,0.0,41.0,0.0,0.16060606781915404,0.42111336539297983,1776.9928389168283,285.3958324012272,748.3154346754909
9749,0.0,0.0,41.0,0.0,0.16060606781915404,0.42111336539297983,1776.9928389168283,285.3958324012272,748.3154346754909
7909,1.0,226.0,244.0,3016.68,0.12350546103201557,0.3439534474921733,2175.479903077622,268.6836483954863,748.2638126134872
8073,0.0,0.0,42.0,0.0,0.15956568127063797,0.4192240424302047,1776.9928389168283,283.54707295480875,744.9581213002384
8208,0.0,0.0,42.0,0.0,0.15956568127063797,0.4192240424302047,1776.9928389168283,283.54707295480875,744.9581213002384
8288,0.0,0.0,42.0,0.0,0.15956568127063797,0.4192240424302047,1776.9928389168283,283.54707295480875,744.9581213002384
5975,0.0,0.0,42.0,0.0,0.15956568127063797,0.4192240424302047,1776.9928389168283,283.54707295480875,744.9581213002384
1979,0.0,0.0,42.0,0.0,0.15956568127063797,0.4192240424302047,1776.9928389168283,283.54707295480875,744.9581213002384
4764,0.0,0.0,42.0,0.0,0.15956568127063797,0.4192240424302047,1776.9928389168283,283.54707295480875,744.9581213002384
8464,0.0,0.0,42.0,0.0,0.15956568127063797,0.4192240424302047,1776.9928389168283,283.54707295480875,744.9581213002384
7262,0.0,0.0,42.0,0.0,0.15956568127063797,0.4192240424302047,1776.9928389168283,283.54707295480875,744.9581213002384
6634,1.0,74.0,120.0,2397.69,0.15578935624850251,0.3764641653529992,1976.281185331432,307.8835736288113,743.9990469386335
4019,2.0,268.0,320.0,1800.895,0.15752416960084964,0.41479950902427987,1788.0870813734389,281.6669326673578,741.69764344636
1659,0.0,0.0,43.0,0.0,0.15853883581620132,0.41735302520240963,1776.9928389168283,281.7223759356005,741.6333370849565
9361,0.0,0.0,43.0,0.0,0.15853883581620132,0.41735302520240963,1776.9928389168283,281.7223759356005,741.6333370849565
8785,0.0,0.0,43.0,0.0,0.15853883581620132,0.41735302520240963,1776.9928389168283,281.7223759356005,741.6333370849565
4740,0.0,0.0,43.0,0.0,0.15853883581620132,0.41735302520240963,1776.9928389168283,281.7223759356005,741.6333370849565
3818,0.0,0.0,43.0,0.0,0.15853883581620132,0.41735302520240963,1776.9928389168283,281.7223759356005,741.6333370849565
9753,0.0,0.0,43.0,0.0,0.15853883581620132,0.41735302520240963,1776.9928389168283,281.7223759356005,741.6333370849565
9006,0.0,0.0,43.0,0.0,0.15853883581620132,0.41735302520240963,1776.9928389168283,281.7223759356005,741.6333370849565
3448,0.0,0.0,43.0,0.0,0.15853883581620132,0.41735302520240963,1776.9928389168283,281.7223759356005,741.6333370849565
6478,2.0,255.0,347.0,2548.69,0.12808986390177612,0.344144478968382,2151.5086965342016,275.5864561225536,740.4298393647056
6339,2.0,191.0,275.0,2323.43,0.14295692298136414,0.36247376539640724,2042.0343713098844,291.92295034464547,740.183887637579
3720,1.0,36.0,90.0,2548.15,0.15942071712710654,0.3655542936945808,2024.7010936855193,322.7793003233824,740.1381782448553
8332,0.0,0.0,44.0,0.0,0.15752526587454005,0.4155000273895965,1776.9928389168283,279.9212694075271,738.340573241059
3283,0.0,0.0,44.0,0.0,0.15752526587454005,0.4155000273895965,1776.9928389168283,279.9212694075271,738.340573241059
8293,0.0,0.0,44.0,0.0,0.15752526587454005,0.4155000273895965,1776.9928389168283,279.9212694075271,738.340573241059
4856,0.0,0.0,44.0,0.0,0.15752526587454005,0.4155000273895965,1776.9928389168283,279.9212694075271,738.340573241059
4017,0.0,0.0,44.0,0.0,0.15752526587454005,0.4155000273895965,1776.9928389168283,279.9212694075271,738.340573241059
3458,0.0,0.0,44.0,0.0,0.15752526587454005,0.4155000273895965,1776.9928389168283,279.9212694075271,738.340573241059
1612,0.0,0.0,44.0,0.0,0.15752526587454005,0.4155000273895965,1776.9928389168283,279.9212694075271,738.340573241059
3575,0.0,0.0,44.0,0.0,0.15752526587454005,0.4155000273895965,1776.9928389168283,279.9212694075271,738.340573241059
8638,0.0,0.0,44.0,0.0,0.15752526587454005,0.4155000273895965,1776.9928389168283,279.9212694075271,738.340573241059
1506,3.0,93.0,185.0,3066.133333333333,0.14172676451022434,0.2907761772726749,2531.8295496565374,358.82801036419943,736.195717955126
6494,1.0,57.0,97.0,1986.15,0.17170478156269361,0.39892653687641544,1843.8424701643644,316.59656857558963,735.5576911683253
9817,1.0,45.0,54.0,706.93,0.24246115513414737,0.5133559982776865,1432.1734872804914,347.24643807852806,735.2148502697122
1478,0.0,0.0,45.0,0.0,0.15652471284065778,0.4136647690396417,1776.9928389168283,278.1432938313618,735.0793322956271
4053,0.0,0.0,45.0,0.0,0.15652471284065778,0.4136647690396417,1776.9928389168283,278.1432938313618,735.0793322956271
8043,0.0,0.0,45.0,0.0,0.15652471284065778,0.4136647690396417,1776.9928389168283,278.1432938313618,735.0793322956271
6270,0.0,0.0,45.0,0.0,0.15652471284065778,0.4136647690396417,1776.9928389168283,278.1432938313618,735.0793322956271
4131,0.0,0.0,45.0,0.0,0.15652471284065778,0.4136647690396417,1776.9928389168283,278.1432938313618,735.0793322956271
9411,0.0,0.0,45.0,0.0,0.15652471284065778,0.4136647690396417,1776.9928389168283,278.1432938313618,735.0793322956271
3874,0.0,0.0,45.0,0.0,0.15652471284065778,0.4136647690396417,1776.9928389168283,278.1432938313618,735.0793322956271
7129,0.0,0.0,45.0,0.0,0.15652471284065778,0.4136647690396417,1776.9928389168283,278.1432938313618,735.0793322956271
9362,1.0,237.0,265.0,3261.08,0.11471174275622883,0.32481545545197066,2254.130877434501,258.57528135113887,732.1765476022377
2691,0.0,0.0,46.0,0.0,0.1555369248558172,0.4118469763817558,1776.9928389168283,276.388001655932,731.8491277599283
1471,0.0,0.0,46.0,0.0,0.1555369248558172,0.4118469763817558,1776.9928389168283,276.388001655932,731.8491277599283
4852,0.0,0.0,46.0,0.0,0.1555369248558172,0.4118469763817558,1776.9928389168283,276.388001655932,731.8491277599283
7628,0.0,0.0,46.0,0.0,0.1555369248558172,0.4118469763817558,1776.9928389168283,276.388001655932,731.8491277599283
9470,0.0,0.0,46.0,0.0,0.1555369248558172,0.4118469763817558,1776.9928389168283,276.388001655932,731.8491277599283
6361,0.0,0.0,46.0,0.0,0.1555369248558172,0.4118469763817558,1776.9928389168283,276.388001655932,731.8491277599283
7548,0.0,0.0,46.0,0.0,0.1555369248558172,0.4118469763817558,1776.9928389168283,276.388001655932,731.8491277599283
3933,0.0,0.0,46.0,0.0,0.1555369248558172,0.4118469763817558,1776.9928389168283,276.388001655932,731.8491277599283
4692,1.0,178.0,182.0,1941.73,0.15189930315645295,0.398564839287942,1829.5475590312446,277.9069993084355,729.1933288349346
5534,1.0,266.0,295.0,3567.3,0.10712388760021194,0.30986143563756496,2352.6763003787332,252.02783156145387,729.0036560258293
7144,0.0,0.0,47.0,0.0,0.15456165658663154,0.41004638164675855,1776.9928389168283,274.6549569255663,728.6494838100467
6097,0.0,0.0,47.0,0.0,0.15456165658663154,0.41004638164675855,1776.9928389168283,274.6549569255663,728.6494838100467
9408,0.0,0.0,47.0,0.0,0.15456165658663154,0.41004638164675855,1776.9928389168283,274.6549569255663,728.6494838100467
9497,0.0,0.0,47.0,0.0,0.15456165658663154,0.41004638164675855,1776.9928389168283,274.6549569255663,728.6494838100467
2733,0.0,0.0,47.0,0.0,0.15456165658663154,0.41004638164675855,1776.9928389168283,274.6549569255663,728.6494838100467
1226,0.0,0.0,47.0,0.0,0.15456165658663154,0.41004638164675855,1776.9928389168283,274.6549569255663,728.6494838100467
3545,0.0,0.0,47.0,0.0,0.15456165658663154,0.41004638164675855,1776.9928389168283,274.6549569255663,728.6494838100467
2029,0.0,0.0,47.0,0.0,0.15456165658663154,0.41004638164675855,1776.9928389168283,274.6549569255663,728.6494838100467
4476,1.0,97.0,98.0,953.76,0.2070119301746564,0.48177785325884526,1511.6064660059915,312.92057219239143,728.2585181645562
7696,1.0,90.0,117.0,1702.32,0.1724870935394796,0.41479359521964504,1752.5024290362373,302.2840504053387,726.9267831711018
6571,2.0,284.0,301.0,1214.345,0.18619826330465003,0.48281249861066927,1503.0290796850893,279.86140433375004,725.6812254472527
4930,0.0,0.0,48.0,0.0,0.15359866901287222,0.40826272289389914,1776.9928389168283,272.9437349030301,725.4799349791442
8535,0.0,0.0,48.0,0.0,0.15359866901287222,0.40826272289389914,1776.9928389168283,272.9437349030301,725.4799349791442
4043,0.0,0.0,48.0,0.0,0.15359866901287222,0.40826272289389914,1776.9928389168283,272.9437349030301,725.4799349791442
6201,0.0,0.0,48.0,0.0,0.15359866901287222,0.40826272289389914,1776.9928389168283,272.9437349030301,725.4799349791442
1008,0.0,0.0,48.0,0.0,0.15359866901287222,0.40826272289389914,1776.9928389168283,272.9437349030301,725.4799349791442
5958,0.0,0.0,48.0,0.0,0.15359866901287222,0.40826272289389914,1776.9928389168283,272.9437349030301,725.4799349791442
4744,0.0,0.0,48.0,0.0,0.15359866901287222,0.40826272289389914,1776.9928389168283,272.9437349030301,725.4799349791442
2688,3.0,217.0,247.0,862.19,0.2629269181433865,0.5848172825591937,1240.4808718295867,326.15581264597444,725.4546525300384
1496,1.0,198.0,207.0,2265.24,0.13926352541878861,0.37510378100790776,1933.6571200549724,269.2879074899972,725.322096905482
8873,0.0,0.0,49.0,0.0,0.1526477292235892,0.4064957438439183,1776.9928389168283,271.2539217072331,722.3400258608121
3391,0.0,0.0,49.0,0.0,0.1526477292235892,0.4064957438439183,1776.9928389168283,271.2539217072331,722.3400258608121
3117,0.0,0.0,49.0,0.0,0.1526477292235892,0.4064957438439183,1776.9928389168283,271.2539217072331,722.3400258608121
8552,0.0,0.0,49.0,0.0,0.1526477292235892,0.4064957438439183,1776.9928389168283,271.2539217072331,722.3400258608121
8761,0.0,0.0,49.0,0.0,0.1526477292235892,0.4064957438439183,1776.9928389168283,271.2539217072331,722.3400258608121
4052,0.0,0.0,49.0,0.0,0.1526477292235892,0.4064957438439183,1776.9928389168283,271.2539217072331,722.3400258608121
5166,0.0,0.0,49.0,0.0,0.1526477292235892,0.4064957438439183,1776.9928389168283,271.2539217072331,722.3400258608121
7369,0.0,0.0,49.0,0.0,0.1526477292235892,0.4064957438439183,1776.9928389168283,271.2539217072331,722.3400258608121
1454,0.0,0.0,49.0,0.0,0.1526477292235892,0.4064957438439183,1776.9928389168283,271.2539217072331,722.3400258608121
7533,0.0,0.0,49.0,0.0,0.1526477292235892,0.4064957438439183,1776.9928389168283,271.2539217072331,722.3400258608121
8609,0.0,0.0,50.0,0.0,0.1517086102211493,0.4047451937180526,1776.9928389168283,269.5851139650066,719.229310822984
6364,0.0,0.0,50.0,0.0,0.1517086102211493,0.4047451937180526,1776.9928389168283,269.5851139650066,719.229310822984
1283,0.0,0.0,50.0,0.0,0.1517086102211493,0.4047451937180526,1776.9928389168283,269.5851139650066,719.229310822984
3457,0.0,0.0,50.0,0.0,0.1517086102211493,0.4047451937180526,1776.9928389168283,269.5851139650066,719.229310822984
2932,0.0,0.0,50.0,0.0,0.1517086102211493,0.4047451937180526,1776.9928389168283,269.5851139650066,719.229310822984
2534,0.0,0.0,50.0,0.0,0.1517086102211493,0.4047451937180526,1776.9928389168283,269.5851139650066,719.229310822984
3398,0.0,0.0,50.0,0.0,0.1517086102211493,0.4047451937180526,1776.9928389168283,269.5851139650066,719.229310822984
7773,0.0,0.0,50.0,0.0,0.1517086102211493,0.4047451937180526,1776.9928389168283,269.5851139650066,719.229310822984
3467,0.0,0.0,50.0,0.0,0.1517086102211493,0.4047451937180526,1776.9928389168283,269.5851139650066,719.229310822984
1036,0.0,0.0,50.0,0.0,0.1517086102211493,0.4047451937180526,1776.9928389168283,269.5851139650066,719.229310822984
7458,0.0,0.0,50.0,0.0,0.1517086102211493,0.4047451937180526,1776.9928389168283,269.5851139650066,719.229310822984
1747,2.0,268.0,356.0,2344.33,0.12921588758417316,0.34934003593586543,2052.1915825199944,265.17575682809,716.9126811848154
6215,0.0,0.0,51.0,0.0,0.15078109073286605,0.4030108270827919,1776.9928389168283,267.93691847637155,716.1473537320694
7729,0.0,0.0,51.0,0.0,0.15078109073286605,0.4030108270827919,1776.9928389168283,267.93691847637155,716.1473537320694
6493,0.0,0.0,51.0,0.0,0.15078109073286605,0.4030108270827919,1776.9928389168283,267.93691847637155,716.1473537320694
1538,0.0,0.0,51.0,0.0,0.15078109073286605,0.4030108270827919,1776.9928389168283,267.93691847637155,716.1473537320694
7373,0.0,0.0,51.0,0.0,0.15078109073286605,0.4030108270827919,1776.9928389168283,267.93691847637155,716.1473537320694
1038,0.0,0.0,51.0,0.0,0.15078109073286605,0.4030108270827919,1776.9928389168283,267.93691847637155,716.1473537320694
3069,0.0,0.0,51.0,0.0,0.15078109073286605,0.4030108270827919,1776.9928389168283,267.93691847637155,716.1473537320694
9849,0.0,0.0,51.0,0.0,0.15078109073286605,0.4030108270827919,1776.9928389168283,267.93691847637155,716.1473537320694
8528,0.0,0.0,51.0,0.0,0.15078109073286605,0.4030108270827919,1776.9928389168283,267.93691847637155,716.1473537320694
8563,1.0,109.0,191.0,3709.22,0.11257762333885354,0.29833844224981126,2398.347930005279,270.0003098996534,715.5193854108344
5508,1.0,35.0,83.0,2066.88,0.16915876482732659,0.38253608957845764,1869.8223930769273,316.29684645936896,715.2745464538815
7428,1.0,31.0,148.0,5664.04,0.09363801985518345,0.23575991802789795,3027.4334361113747,283.4828722008432,713.7474587325352
1244,1.0,15.0,65.0,2148.75,0.17295059419936834,0.37615714688625335,1896.169182236492,327.94358677033165,713.257589603719
3844,0.0,0.0,52.0,0.0,0.1498649550298359,0.401292403700087,1776.9928389168283,266.30895189261093,713.0937276867755
1215,0.0,0.0,52.0,0.0,0.1498649550298359,0.401292403700087,1776.9928389168283,266.30895189261093,713.0937276867755
2749,0.0,0.0,52.0,0.0,0.1498649550298359,0.401292403700087,1776.9928389168283,266.30895189261093,713.0937276867755
5666,0.0,0.0,52.0,0.0,0.1498649550298359,0.401292403700087,1776.9928389168283,266.30895189261093,713.0937276867755
4747,1.0,6.0,54.0,2072.26,0.17965458393121406,0.38048419794498567,1871.5537443127673,336.233209239416,712.096625315778
6895,1.0,85.0,102.0,1211.62,0.19021840644251625,0.4459242331472348,1594.5890365774608,303.32018546847183,711.0658933207922
4118,0.0,0.0,53.0,0.0,0.14895999275269228,0.3995896883828016,1776.9928389168283,264.7008404066368,710.0680147612454
2703,0.0,0.0,53.0,0.0,0.14895999275269228,0.3995896883828016,1776.9928389168283,264.7008404066368,710.0680147612454
4184,0.0,0.0,53.0,0.0,0.14895999275269228,0.3995896883828016,1776.9928389168283,264.7008404066368,710.0680147612454
7862,0.0,0.0,53.0,0.0,0.14895999275269228,0.3995896883828016,1776.9928389168283,264.7008404066368,710.0680147612454
6558,0.0,0.0,53.0,0.0,0.14895999275269228,0.3995896883828016,1776.9928389168283,264.7008404066368,710.0680147612454
7375,0.0,0.0,53.0,0.0,0.14895999275269228,0.3995896883828016,1776.9928389168283,264.7008404066368,710.0680147612454
8241,2.0,228.0,320.0,2341.415,0.13139867421081453,0.3460611378951732,2050.774918851207,269.46910544183936,709.6935019845301
7731,0.0,0.0,54.0,0.0,0.14806599874394255,0.3979024508551723,1776.9928389168283,263.112219455054,707.0698057570963
1418,0.0,0.0,54.0,0.0,0.14806599874394255,0.3979024508551723,1776.9928389168283,263.112219455054,707.0698057570963
7991,0.0,0.0,54.0,0.0,0.14806599874394255,0.3979024508551723,1776.9928389168283,263.112219455054,707.0698057570963
8215,2.0,182.0,205.0,892.62,0.2228144716499512,0.5242308237515281,1346.6736358300268,300.0583746523862,705.9678294356403
1926,2.0,259.0,310.0,1582.2649999999999,0.16064488627494147,0.41968807171888844,1681.834876260278,270.1781724300626,705.8460361672514
9931,1.0,255.0,290.0,3367.26,0.10683639400117294,0.3079912295747144,2288.3009284051145,244.47381958033864,704.7766165764517
2819,0.0,0.0,55.0,0.0,0.14718277288661596,0.39623046561810155,1776.9928389168283,261.5427334314385,704.098699964047
9375,0.0,0.0,55.0,0.0,0.14718277288661596,0.39623046561810155,1776.9928389168283,261.5427334314385,704.098699964047
2123,0.0,0.0,55.0,0.0,0.14718277288661596,0.39623046561810155,1776.9928389168283,261.5427334314385,704.098699964047
1145,0.0,0.0,55.0,0.0,0.14718277288661596,0.39623046561810155,1776.9928389168283,261.5427334314385,704.098699964047
1370,0.0,0.0,55.0,0.0,0.14718277288661596,0.39623046561810155,1776.9928389168283,261.5427334314385,704.098699964047
9070,0.0,0.0,55.0,0.0,0.14718277288661596,0.39623046561810155,1776.9928389168283,261.5427334314385,704.098699964047
8884,0.0,0.0,55.0,0.0,0.14718277288661596,0.39623046561810155,1776.9928389168283,261.5427334314385,704.098699964047
5488,0.0,0.0,55.0,0.0,0.14718277288661596,0.39623046561810155,1776.9928389168283,261.5427334314385,704.098699964047
4251,1.0,93.0,119.0,1518.34,0.1721281144838248,0.41526105358864546,1693.2953657703547,291.46373857424965,703.1596176265683
3768,0.0,0.0,56.0,0.0,0.1463101199489364,0.3945735118190367,1776.9928389168283,259.99203541032216,701.1543049286928
2281,0.0,0.0,56.0,0.0,0.1463101199489364,0.3945735118190367,1776.9928389168283,259.99203541032216,701.1543049286928
5493,0.0,0.0,56.0,0.0,0.1463101199489364,0.3945735118190367,1776.9928389168283,259.99203541032216,701.1543049286928
7147,0.0,0.0,56.0,0.0,0.1463101199489364,0.3945735118190367,1776.9928389168283,259.99203541032216,701.1543049286928
3287,0.0,0.0,56.0,0.0,0.1463101199489364,0.3945735118190367,1776.9928389168283,259.99203541032216,701.1543049286928
3176,0.0,0.0,56.0,0.0,0.1463101199489364,0.3945735118190367,1776.9928389168283,259.99203541032216,701.1543049286928
8324,1.0,151.0,209.0,3009.91,0.11947823409185172,0.3224644618420852,2173.3012324704446,259.66219340521366,700.8124123493225
4625,2.0,197.0,237.0,1207.72,0.1912622799463331,0.4669100224346318,1499.8093895287775,286.856963326192,700.2760357125529
4950,1.0,113.0,133.0,1486.65,0.1685106690599558,0.41532492498289997,1683.0971277287451,283.6198230864607,699.0321883128755
5926,2.0,230.0,237.0,770.19,0.22238972360939233,0.5427994653287161,1287.173761741361,286.2542171109231,698.677229658363
2303,0.0,0.0,57.0,0.0,0.14544784943475023,0.3929313731262848,1776.9928389168283,258.4597868814042,698.2362362311643
5676,0.0,0.0,57.0,0.0,0.14544784943475023,0.3929313731262848,1776.9928389168283,258.4597868814042,698.2362362311643
8452,0.0,0.0,57.0,0.0,0.14544784943475023,0.3929313731262848,1776.9928389168283,258.4597868814042,698.2362362311643
1667,0.0,0.0,57.0,0.0,0.14544784943475023,0.3929313731262848,1776.9928389168283,258.4597868814042,698.2362362311643
6546,0.0,0.0,57.0,0.0,0.14544784943475023,0.3929313731262848,1776.9928389168283,258.4597868814042,698.2362362311643
1632,1.0,101.0,115.0,1181.72,0.1837138198671287,0.44034092388828017,1584.9668429061383,291.18031307302994,697.9257639375795
8274,1.0,107.0,145.0,1983.68,0.1510103937424277,0.37857744127497245,1843.047593295857,278.3193427496411,697.7362420179417
6042,0.0,0.0,58.0,0.0,0.14459577543947838,0.3913038376075624,1776.9928389168283,256.9456574935789,695.3441172693118
6394,0.0,0.0,58.0,0.0,0.14459577543947838,0.3913038376075624,1776.9928389168283,256.9456574935789,695.3441172693118
8611,0.0,0.0,58.0,0.0,0.14459577543947838,0.3913038376075624,1776.9928389168283,256.9456574935789,695.3441172693118
4532,0.0,0.0,58.0,0.0,0.14459577543947838,0.3913038376075624,1776.9928389168283,256.9456574935789,695.3441172693118
7044,0.0,0.0,58.0,0.0,0.14459577543947838,0.3913038376075624,1776.9928389168283,256.9456574935789,695.3441172693118
7805,0.0,0.0,58.0,0.0,0.14459577543947838,0.3913038376075624,1776.9928389168283,256.9456574935789,695.3441172693118
8205,0.0,0.0,58.0,0.0,0.14459577543947838,0.3913038376075624,1776.9928389168283,256.9456574935789,695.3441172693118
4438,0.0,0.0,58.0,0.0,0.14459577543947838,0.3913038376075624,1776.9928389168283,256.9456574935789,695.3441172693118
3970,0.0,0.0,58.0,0.0,0.14459577543947838,0.3913038376075624,1776.9928389168283,256.9456574935789,695.3441172693118
9873,2.0,103.0,172.0,1796.7649999999999,0.17262649327332272,0.3888286491460985,1786.0799386797746,308.3247165201208,694.4790498238032
5709,1.0,246.0,262.0,2669.16,0.11877881142054107,0.33556166125634024,2063.6436239920913,245.11713685335857,692.4796827078405
4522,0.0,0.0,59.0,0.0,0.14375371651132773,0.38969069761262326,1776.9928389168283,255.4493248083092,692.4775790501348
5872,0.0,0.0,59.0,0.0,0.14375371651132773,0.38969069761262326,1776.9928389168283,255.4493248083092,692.4775790501348
8375,0.0,0.0,59.0,0.0,0.14375371651132773,0.38969069761262326,1776.9928389168283,255.4493248083092,692.4775790501348
2064,0.0,0.0,59.0,0.0,0.14375371651132773,0.38969069761262326,1776.9928389168283,255.4493248083092,692.4775790501348
5787,0.0,0.0,59.0,0.0,0.14375371651132773,0.38969069761262326,1776.9928389168283,255.4493248083092,692.4775790501348
3751,0.0,0.0,59.0,0.0,0.14375371651132773,0.38969069761262326,1776.9928389168283,255.4493248083092,692.4775790501348
8835,0.0,0.0,59.0,0.0,0.14375371651132773,0.38969069761262326,1776.9928389168283,255.4493248083092,692.4775790501348
2478,0.0,0.0,59.0,0.0,0.14375371651132773,0.38969069761262326,1776.9928389168283,255.4493248083092,692.4775790501348
1543,0.0,0.0,59.0,0.0,0.14375371651132773,0.38969069761262326,1776.9928389168283,255.4493248083092,692.4775790501348
8866,0.0,0.0,59.0,0.0,0.14375371651132773,0.38969069761262326,1776.9928389168283,255.4493248083092,692.4775790501348
9336,3.0,153.0,232.0,1794.5633333333335,0.17685423343650356,0.3866862301518674,1786.7830625579184,316.0001488460088,690.9244065597297
9839,1.0,193.0,204.0,1977.73,0.13969486066232126,0.3751501454728119,1841.132808936523,257.19679120521573,690.7012411073033
2842,1.0,75.0,131.0,2329.28,0.14377865489842243,0.35335910758469463,1954.2659923864571,280.98173569905543,690.5576870527962
9434,0.0,0.0,60.0,0.0,0.14292149551756786,0.3880917496597641,1776.9928389168283,253.97047406200167,689.6362599881032
7578,0.0,0.0,60.0,0.0,0.14292149551756786,0.3880917496597641,1776.9928389168283,253.97047406200167,689.6362599881032
3763,0.0,0.0,60.0,0.0,0.14292149551756786,0.3880917496597641,1776.9928389168283,253.97047406200167,689.6362599881032
4234,0.0,0.0,60.0,0.0,0.14292149551756786,0.3880917496597641,1776.9928389168283,253.97047406200167,689.6362599881032
7170,0.0,0.0,60.0,0.0,0.14292149551756786,0.3880917496597641,1776.9928389168283,253.97047406200167,689.6362599881032
7310,0.0,0.0,60.0,0.0,0.14292149551756786,0.3880917496597641,1776.9928389168283,253.97047406200167,689.6362599881032
9761,0.0,0.0,60.0,0.0,0.14292149551756786,0.3880917496597641,1776.9928389168283,253.97047406200167,689.6362599881032
7946,2.0,285.0,293.0,933.38,0.1953849891318392,0.5032037097761299,1366.4826276445679,266.99019335118095,687.6191275753805
7249,2.0,157.0,261.0,2572.13,0.12699902427457682,0.3178247823047602,2162.900324800453,274.6862308528228,687.423324876599
1095,1.0,114.0,163.0,2307.56,0.13755002164532465,0.35298893765355865,1947.2762249436064,267.84788689041915,687.3669659608757
7051,0.0,0.0,61.0,0.0,0.14209893951562613,0.38650679432611407,1776.9928389168283,252.50879793694315,686.8198057102042
8133,0.0,0.0,61.0,0.0,0.14209893951562613,0.38650679432611407,1776.9928389168283,252.50879793694315,686.8198057102042
6010,0.0,0.0,61.0,0.0,0.14209893951562613,0.38650679432611407,1776.9928389168283,252.50879793694315,686.8198057102042
4943,0.0,0.0,61.0,0.0,0.14209893951562613,0.38650679432611407,1776.9928389168283,252.50879793694315,686.8198057102042
3961,0.0,0.0,61.0,0.0,0.14209893951562613,0.38650679432611407,1776.9928389168283,252.50879793694315,686.8198057102042
8981,0.0,0.0,61.0,0.0,0.14209893951562613,0.38650679432611407,1776.9928389168283,252.50879793694315,686.8198057102042
4007,0.0,0.0,61.0,0.0,0.14209893951562613,0.38650679432611407,1776.9928389168283,252.50879793694315,686.8198057102042
4879,1.0,251.0,362.0,5256.15,0.07867386852966496,0.2367420437378936,2896.1693365596816,227.85284562414338,685.6450477481584
2973,2.0,346.0,353.0,1128.54,0.1739343699644081,0.4691414543074212,1461.3286247624565,254.1752736590128,685.5698362421226
4529,1.0,159.0,297.0,5631.84,0.07838652187191313,0.2270631156313833,3017.071073696097,236.4977077073955,685.0655580747585
1746,0.0,0.0,62.0,0.0,0.14128587962882128,0.38493563614150206,1776.9928389168283,251.0639963404804,684.027868867343
3661,0.0,0.0,62.0,0.0,0.14128587962882128,0.38493563614150206,1776.9928389168283,251.0639963404804,684.027868867343
4538,0.0,0.0,62.0,0.0,0.14128587962882128,0.38493563614150206,1776.9928389168283,251.0639963404804,684.027868867343
1223,0.0,0.0,62.0,0.0,0.14128587962882128,0.38493563614150206,1776.9928389168283,251.0639963404804,684.027868867343
2611,0.0,0.0,62.0,0.0,0.14128587962882128,0.38493563614150206,1776.9928389168283,251.0639963404804,684.027868867343
6474,0.0,0.0,62.0,0.0,0.14128587962882128,0.38493563614150206,1776.9928389168283,251.0639963404804,684.027868867343
9371,0.0,0.0,62.0,0.0,0.14128587962882128,0.38493563614150206,1776.9928389168283,251.0639963404804,684.027868867343
9271,2.0,285.0,306.0,1095.28,0.18175645165576268,0.47324870647017553,1445.1645652003451,262.6679834294578,683.9222611175969
1151,0.0,0.0,63.0,0.0,0.1404821509265323,0.3833780834857844,1776.9928389168283,249.63577619208095,681.2601089518968
9350,0.0,0.0,63.0,0.0,0.1404821509265323,0.3833780834857844,1776.9928389168283,249.63577619208095,681.2601089518968
1158,0.0,0.0,63.0,0.0,0.1404821509265323,0.3833780834857844,1776.9928389168283,249.63577619208095,681.2601089518968
7423,0.0,0.0,63.0,0.0,0.1404821509265323,0.3833780834857844,1776.9928389168283,249.63577619208095,681.2601089518968
6084,0.0,0.0,63.0,0.0,0.1404821509265323,0.3833780834857844,1776.9928389168283,249.63577619208095,681.2601089518968
3090,0.0,0.0,63.0,0.0,0.1404821509265323,0.3833780834857844,1776.9928389168283,249.63577619208095,681.2601089518968
1200,0.0,0.0,63.0,0.0,0.1404821509265323,0.3833780834857844,1776.9928389168283,249.63577619208095,681.2601089518968
2771,0.0,0.0,63.0,0.0,0.1404821509265323,0.3833780834857844,1776.9928389168283,249.63577619208095,681.2601089518968
6289,1.0,281.0,295.0,2861.82,0.11055910935131316,0.3197940819879039,2125.6440197351317,235.00930961986128,679.7683779242743
3206,0.0,0.0,64.0,0.0,0.1396875923086077,0.3818339484895046,1776.9928389168283,248.2238512179293,678.5161921211867
8141,0.0,0.0,64.0,0.0,0.1396875923086077,0.3818339484895046,1776.9928389168283,248.2238512179293,678.5161921211867
5886,0.0,0.0,64.0,0.0,0.1396875923086077,0.3818339484895046,1776.9928389168283,248.2238512179293,678.5161921211867
9056,0.0,0.0,64.0,0.0,0.1396875923086077,0.3818339484895046,1776.9928389168283,248.2238512179293,678.5161921211867
8412,0.0,0.0,64.0,0.0,0.1396875923086077,0.3818339484895046,1776.9928389168283,248.2238512179293,678.5161921211867
3129,0.0,0.0,64.0,0.0,0.1396875923086077,0.3818339484895046,1776.9928389168283,248.2238512179293,678.5161921211867
1492,1.0,166.0,180.0,1680.86,0.14844201493543,0.3886269663926039,1745.5963328427044,259.11983691106855,678.3858073787143
8928,1.0,161.0,191.0,2059.03,0.1369708621720621,0.36294945313191246,1867.2961649725821,255.7651656468797,677.734121912116
8377,2.0,236.0,302.0,1643.895,0.15211826375115625,0.39485151551412623,1711.7864995559098,260.3939902251144,675.9014935862722
6931,0.0,0.0,65.0,0.0,0.13890204639386194,0.38030304693773737,1776.9928389168283,246.82794175278573,675.7957910266098
8648,0.0,0.0,65.0,0.0,0.13890204639386194,0.38030304693773737,1776.9928389168283,246.82794175278573,675.7957910266098
4725,1.0,87.0,210.0,4894.37,0.08991078978154944,0.24292783394321343,2779.7440112616705,249.92897944306907,675.2771915724171
6521,0.0,0.0,66.0,0.0,0.1381253594124642,0.3787851981770115,1776.9928389168283,245.44777454876203,673.0985846482411
7343,0.0,0.0,66.0,0.0,0.1381253594124642,0.3787851981770115,1776.9928389168283,245.44777454876203,673.0985846482411
1695,0.0,0.0,66.0,0.0,0.1381253594124642,0.3787851981770115,1776.9928389168283,245.44777454876203,673.0985846482411
5429,0.0,0.0,66.0,0.0,0.1381253594124642,0.3787851981770115,1776.9928389168283,245.44777454876203,673.0985846482411
5651,0.0,0.0,66.0,0.0,0.1381253594124642,0.3787851981770115,1776.9928389168283,245.44777454876203,673.0985846482411
7669,0.0,0.0,66.0,0.0,0.1381253594124642,0.3787851981770115,1776.9928389168283,245.44777454876203,673.0985846482411
5617,0.0,0.0,66.0,0.0,0.1381253594124642,0.3787851981770115,1776.9928389168283,245.44777454876203,673.0985846482411
3121,1.0,17.0,47.0,922.59,0.2155740018893455,0.4482614908712627,1501.5755704630092,323.7006548639878,673.0985038716153
3988,1.0,211.0,257.0,2911.08,0.11160025320303461,0.3140742846229469,2141.496503355501,238.99155200788715,672.5889823139212
4138,1.0,106.0,129.0,1307.76,0.16870836958915975,0.4133561169403981,1625.5280900744795,274.24019379784625,671.9219792907285
9983,1.0,284.0,284.0,2479.56,0.11661717497274621,0.3347897887640745,2002.6279744910069,233.54081690653408,670.4593965528705
5206,0.0,0.0,67.0,0.0,0.13735738110208284,0.3772802250251675,1776.9928389168283,244.08308259077089,670.4242581346522
3094,0.0,0.0,67.0,0.0,0.13735738110208284,0.3772802250251675,1776.9928389168283,244.08308259077089,670.4242581346522
8512,0.0,0.0,67.0,0.0,0.13735738110208284,0.3772802250251675,1776.9928389168283,244.08308259077089,670.4242581346522
2802,0.0,0.0,67.0,0.0,0.13735738110208284,0.3772802250251675,1776.9928389168283,244.08308259077089,670.4242581346522
1668,0.0,0.0,67.0,0.0,0.13735738110208284,0.3772802250251675,1776.9928389168283,244.08308259077089,670.4242581346522
6896,0.0,0.0,67.0,0.0,0.13735738110208284,0.3772802250251675,1776.9928389168283,244.08308259077089,670.4242581346522
3833,0.0,0.0,67.0,0.0,0.13735738110208284,0.3772802250251675,1776.9928389168283,244.08308259077089,670.4242581346522
7011,0.0,0.0,67.0,0.0,0.13735738110208284,0.3772802250251675,1776.9928389168283,244.08308259077089,670.4242581346522
7931,0.0,0.0,67.0,0.0,0.13735738110208284,0.3772802250251675,1776.9928389168283,244.08308259077089,670.4242581346522
7242,0.0,0.0,67.0,0.0,0.13735738110208284,0.3772802250251675,1776.9928389168283,244.08308259077089,670.4242581346522
9932,1.0,84.0,102.0,943.38,0.1893495554311127,0.4438887598347871,1508.2660522833,285.5895064716822,669.5023474489442
2396,1.0,164.0,168.0,1333.35,0.15871009312102158,0.40974370176802877,1633.763271882144,259.29472101811996,669.424210833636
1386,1.0,222.0,265.0,2898.19,0.1105519353980451,0.31304126928060916,2137.34834026443,236.2879956360322,669.0782373311805
3119,1.0,51.0,168.0,4766.09,0.09447292957182941,0.24396376709075115,2738.4619040992225,258.71051860110373,668.0854821585576
5228,0.0,0.0,68.0,0.0,0.13659796460761667,0.37578795368408907,1776.9928389168283,242.7336049183492,667.772502647835
2816,0.0,0.0,68.0,0.0,0.13659796460761667,0.37578795368408907,1776.9928389168283,242.7336049183492,667.772502647835
5014,0.0,0.0,68.0,0.0,0.13659796460761667,0.37578795368408907,1776.9928389168283,242.7336049183492,667.772502647835
8118,0.0,0.0,68.0,0.0,0.13659796460761667,0.37578795368408907,1776.9928389168283,242.7336049183492,667.772502647835
8987,0.0,0.0,68.0,0.0,0.13659796460761667,0.37578795368408907,1776.9928389168283,242.7336049183492,667.772502647835
6913,0.0,0.0,68.0,0.0,0.13659796460761667,0.37578795368408907,1776.9928389168283,242.7336049183492,667.772502647835
6926,0.0,0.0,68.0,0.0,0.13659796460761667,0.37578795368408907,1776.9928389168283,242.7336049183492,667.772502647835
7155,0.0,0.0,68.0,0.0,0.13659796460761667,0.37578795368408907,1776.9928389168283,242.7336049183492,667.772502647835
1487,0.0,0.0,68.0,0.0,0.13659796460761667,0.37578795368408907,1776.9928389168283,242.7336049183492,667.772502647835
3834,0.0,0.0,68.0,0.0,0.13659796460761667,0.37578795368408907,1776.9928389168283,242.7336049183492,667.772502647835
4145,0.0,0.0,68.0,0.0,0.13659796460761667,0.37578795368408907,1776.9928389168283,242.7336049183492,667.772502647835
7213,0.0,0.0,68.0,0.0,0.13659796460761667,0.37578795368408907,1776.9928389168283,242.7336049183492,667.772502647835
2288,0.0,0.0,68.0,0.0,0.13659796460761667,0.37578795368408907,1776.9928389168283,242.7336049183492,667.772502647835
5382,2.0,284.0,347.0,1647.375,0.14492448766999855,0.38933357238817545,1713.477748121038,248.32488478038425,667.11441288361
5518,1.0,56.0,160.0,4078.87,0.10351563147747976,0.2646971120878097,2517.305919657584,260.58051189535274,666.3236071749104
1766,0.0,0.0,69.0,0.0,0.1358469663843789,0.3743082136551292,1776.9928389168283,241.3990864536164,665.1430152129147
3258,0.0,0.0,69.0,0.0,0.1358469663843789,0.3743082136551292,1776.9928389168283,241.3990864536164,665.1430152129147
5232,0.0,0.0,69.0,0.0,0.1358469663843789,0.3743082136551292,1776.9928389168283,241.3990864536164,665.1430152129147
5284,0.0,0.0,69.0,0.0,0.1358469663843789,0.3743082136551292,1776.9928389168283,241.3990864536164,665.1430152129147
3623,0.0,0.0,69.0,0.0,0.1358469663843789,0.3743082136551292,1776.9928389168283,241.3990864536164,665.1430152129147
8232,0.0,0.0,69.0,0.0,0.1358469663843789,0.3743082136551292,1776.9928389168283,241.3990864536164,665.1430152129147
5568,0.0,0.0,69.0,0.0,0.1358469663843789,0.3743082136551292,1776.9928389168283,241.3990864536164,665.1430152129147
8740,0.0,0.0,69.0,0.0,0.1358469663843789,0.3743082136551292,1776.9928389168283,241.3990864536164,665.1430152129147
4317,2.0,309.0,321.0,965.885,0.1820921060398032,0.47979197230046833,1382.2797640266037,251.70223336780646,663.2067342533502
4355,0.0,0.0,70.0,0.0,0.1351042461045814,0.3728408376571845,1776.9928389168283,240.07927783509797,662.5354985725686
4705,0.0,0.0,70.0,0.0,0.1351042461045814,0.3728408376571845,1776.9928389168283,240.07927783509797,662.5354985725686
9010,0.0,0.0,70.0,0.0,0.1351042461045814,0.3728408376571845,1776.9928389168283,240.07927783509797,662.5354985725686
4486,0.0,0.0,70.0,0.0,0.1351042461045814,0.3728408376571845,1776.9928389168283,240.07927783509797,662.5354985725686
4226,0.0,0.0,70.0,0.0,0.1351042461045814,0.3728408376571845,1776.9928389168283,240.07927783509797,662.5354985725686
8431,0.0,0.0,70.0,0.0,0.1351042461045814,0.3728408376571845,1776.9928389168283,240.07927783509797,662.5354985725686
8461,0.0,0.0,70.0,0.0,0.1351042461045814,0.3728408376571845,1776.9928389168283,240.07927783509797,662.5354985725686
7830,0.0,0.0,70.0,0.0,0.1351042461045814,0.3728408376571845,1776.9928389168283,240.07927783509797,662.5354985725686
9254,0.0,0.0,70.0,0.0,0.1351042461045814,0.3728408376571845,1776.9928389168283,240.07927783509797,662.5354985725686
2613,0.0,0.0,70.0,0.0,0.1351042461045814,0.3728408376571845,1776.9928389168283,240.07927783509797,662.5354985725686
3715,1.0,308.0,344.0,3462.69,0.09566838360816889,0.2850988518712333,2319.0114950290003,221.85608129818763,661.1475147089602
3535,1.0,24.0,79.0,1924.29,0.16155502238962036,0.3623626638632041,1823.9351490771455,294.6658838463738,660.9259993333247
2821,2.0,262.0,293.0,1062.04,0.1793904756341741,0.4620547305024888,1429.0102254575831,256.3508240309342,660.2809346091043
9108,0.0,0.0,71.0,0.0,0.13436966656701377,0.3713856615473204,1776.9928389168283,238.77393525722542,659.9496610459772
4857,0.0,0.0,71.0,0.0,0.13436966656701377,0.3713856615473204,1776.9928389168283,238.77393525722542,659.9496610459772
9994,0.0,0.0,71.0,0.0,0.13436966656701377,0.3713856615473204,1776.9928389168283,238.77393525722542,659.9496610459772
8314,0.0,0.0,71.0,0.0,0.13436966656701377,0.3713856615473204,1776.9928389168283,238.77393525722542,659.9496610459772
5295,0.0,0.0,71.0,0.0,0.13436966656701377,0.3713856615473204,1776.9928389168283,238.77393525722542,659.9496610459772
1463,0.0,0.0,71.0,0.0,0.13436966656701377,0.3713856615473204,1776.9928389168283,238.77393525722542,659.9496610459772
3823,0.0,0.0,71.0,0.0,0.13436966656701377,0.3713856615473204,1776.9928389168283,238.77393525722542,659.9496610459772
6006,0.0,0.0,71.0,0.0,0.13436966656701377,0.3713856615473204,1776.9928389168283,238.77393525722542,659.9496610459772
7433,0.0,0.0,71.0,0.0,0.13436966656701377,0.3713856615473204,1776.9928389168283,238.77393525722542,659.9496610459772
6661,0.0,0.0,71.0,0.0,0.13436966656701377,0.3713856615473204,1776.9928389168283,238.77393525722542,659.9496610459772
7110,0.0,0.0,71.0,0.0,0.13436966656701377,0.3713856615473204,1776.9928389168283,238.77393525722542,659.9496610459772
4072,0.0,0.0,71.0,0.0,0.13436966656701377,0.3713856615473204,1776.9928389168283,238.77393525722542,659.9496610459772
8806,0.0,0.0,71.0,0.0,0.13436966656701377,0.3713856615473204,1776.9928389168283,238.77393525722542,659.9496610459772
3424,0.0,0.0,71.0,0.0,0.13436966656701377,0.3713856615473204,1776.9928389168283,238.77393525722542,659.9496610459772
8084,0.0,0.0,71.0,0.0,0.13436966656701377,0.3713856615473204,1776.9928389168283,238.77393525722542,659.9496610459772
4433,2.0,173.0,190.0,587.655,0.2381962083539986,0.5497651725404985,1198.4634005817343,285.46943786960844,658.8734382042898
9759,1.0,88.0,189.0,3764.62,0.1029279109800886,0.27219458764127724,2416.1763423595053,248.69198347857525,657.670123177155
3344,0.0,0.0,72.0,0.0,0.13364309360974802,0.3699425242437895,1776.9928389168283,237.48282031521356,657.3852163920291
3713,0.0,0.0,72.0,0.0,0.13364309360974802,0.3699425242437895,1776.9928389168283,237.48282031521356,657.3852163920291
5697,0.0,0.0,72.0,0.0,0.13364309360974802,0.3699425242437895,1776.9928389168283,237.48282031521356,657.3852163920291
8136,0.0,0.0,72.0,0.0,0.13364309360974802,0.3699425242437895,1776.9928389168283,237.48282031521356,657.3852163920291
2732,0.0,0.0,72.0,0.0,0.13364309360974802,0.3699425242437895,1776.9928389168283,237.48282031521356,657.3852163920291
7296,0.0,0.0,72.0,0.0,0.13364309360974802,0.3699425242437895,1776.9928389168283,237.48282031521356,657.3852163920291
9772,0.0,0.0,72.0,0.0,0.13364309360974802,0.3699425242437895,1776.9928389168283,237.48282031521356,657.3852163920291
3765,1.0,145.0,182.0,1931.85,0.13707428495035612,0.3596841900394772,1826.3680515572444,250.3480947233844,656.9157133383457
2344,1.0,71.0,140.0,2491.78,0.13141671439701,0.32721100751592747,2006.5605232088517,263.69559119885264,656.5686904408549
3300,2.0,246.0,338.0,2031.335,0.12920740119573618,0.34491798515448907,1900.0788398067516,245.5042489584399,655.371365060824
9341,0.0,0.0,73.0,0.0,0.13292439602579806,0.3685112676514374,1776.9928389168283,236.20569985518767,654.8418836767669
2649,0.0,0.0,73.0,0.0,0.13292439602579806,0.3685112676514374,1776.9928389168283,236.20569985518767,654.8418836767669
2135,0.0,0.0,73.0,0.0,0.13292439602579806,0.3685112676514374,1776.9928389168283,236.20569985518767,654.8418836767669
9741,0.0,0.0,73.0,0.0,0.13292439602579806,0.3685112676514374,1776.9928389168283,236.20569985518767,654.8418836767669
6437,0.0,0.0,73.0,0.0,0.13292439602579806,0.3685112676514374,1776.9928389168283,236.20569985518767,654.8418836767669
1731,0.0,0.0,73.0,0.0,0.13292439602579806,0.3685112676514374,1776.9928389168283,236.20569985518767,654.8418836767669
6909,1.0,98.0,204.0,3926.2,0.09871893861168277,0.26514995966560145,2468.1748056843144,243.65559712525186,654.4364501748497
7947,1.0,178.0,315.0,5228.25,0.07727444814134704,0.22643075887809064,2887.1907678831058,223.106073266959,653.7487965975889
1773,3.0,283.0,354.0,1285.2633333333333,0.1778902151525908,0.4391483558763245,1488.3707251488013,264.76658852353785,653.615556883549
8000,2.0,218.0,351.0,2926.0499999999997,0.1038260114074868,0.2797788696326825,2334.90224783777,242.4235874193709,653.2563116028608
2073,0.0,0.0,74.0,0.0,0.1322134454815772,0.3670917365893598,1776.9928389168283,234.9423458292832,652.319387144835
9314,0.0,0.0,74.0,0.0,0.1322134454815772,0.3670917365893598,1776.9928389168283,234.9423458292832,652.319387144835
7472,0.0,0.0,74.0,0.0,0.1322134454815772,0.3670917365893598,1776.9928389168283,234.9423458292832,652.319387144835
2143,0.0,0.0,74.0,0.0,0.1322134454815772,0.3670917365893598,1776.9928389168283,234.9423458292832,652.319387144835
7934,0.0,0.0,74.0,0.0,0.1322134454815772,0.3670917365893598,1776.9928389168283,234.9423458292832,652.319387144835
5799,0.0,0.0,74.0,0.0,0.1322134454815772,0.3670917365893598,1776.9928389168283,234.9423458292832,652.319387144835
8988,0.0,0.0,74.0,0.0,0.1322134454815772,0.3670917365893598,1776.9928389168283,234.9423458292832,652.319387144835
7968,0.0,0.0,74.0,0.0,0.1322134454815772,0.3670917365893598,1776.9928389168283,234.9423458292832,652.319387144835
3634,0.0,0.0,74.0,0.0,0.1322134454815772,0.3670917365893598,1776.9928389168283,234.9423458292832,652.319387144835
4906,1.0,80.0,86.0,433.89,0.2131519747304553,0.4848487942747093,1344.305802998982,286.54143655084346,651.7850477205513
8942,1.0,268.0,332.0,3671.22,0.09223213633001703,0.273002126555417,2386.119055105275,220.07685799012114,651.4155762581423
3456,2.0,223.0,246.0,791.6099999999999,0.20358879746217684,0.5016824437967776,1297.5836882543135,264.17350269823186,650.97495575426
6391,1.0,206.0,218.0,1798.42,0.1340677477671979,0.3649342553709908,1783.4286100333582,239.10025705075662,650.8341918098447
2859,0.0,0.0,75.0,0.0,0.13151011643807145,0.3656837787207189,1776.9928389168283,233.69253515557122,649.8174560947635
1503,0.0,0.0,75.0,0.0,0.13151011643807145,0.3656837787207189,1776.9928389168283,233.69253515557122,649.8174560947635
9217,0.0,0.0,75.0,0.0,0.13151011643807145,0.3656837787207189,1776.9928389168283,233.69253515557122,649.8174560947635
6254,0.0,0.0,75.0,0.0,0.13151011643807145,0.3656837787207189,1776.9928389168283,233.69253515557122,649.8174560947635
3649,0.0,0.0,75.0,0.0,0.13151011643807145,0.3656837787207189,1776.9928389168283,233.69253515557122,649.8174560947635
7185,0.0,0.0,75.0,0.0,0.13151011643807145,0.3656837787207189,1776.9928389168283,233.69253515557122,649.8174560947635
7123,0.0,0.0,75.0,0.0,0.13151011643807145,0.3656837787207189,1776.9928389168283,233.69253515557122,649.8174560947635
6745,0.0,0.0,75.0,0.0,0.13151011643807145,0.3656837787207189,1776.9928389168283,233.69253515557122,649.8174560947635
4079,1.0,183.0,265.0,3454.43,0.09902455482658153,0.2804119421395344,2316.3533238007285,229.3758567104396,649.5331342083281
5587,1.0,27.0,50.0,533.06,0.22512294989311152,0.4718153110368226,1376.219948363019,309.81869447722846,649.3216429919778
4360,2.0,116.0,186.0,1542.255,0.16961996109035388,0.3895694397701547,1662.3903776709826,281.9745911775308,647.6164881085806
4211,0.0,0.0,76.0,0.0,0.1308142860746054,0.36428724448470107,1776.9928389168283,232.4560495825912,647.3358247580577
6388,0.0,0.0,76.0,0.0,0.1308142860746054,0.36428724448470107,1776.9928389168283,232.4560495825912,647.3358247580577
9617,0.0,0.0,76.0,0.0,0.1308142860746054,0.36428724448470107,1776.9928389168283,232.4560495825912,647.3358247580577
7274,0.0,0.0,76.0,0.0,0.1308142860746054,0.36428724448470107,1776.9928389168283,232.4560495825912,647.3358247580577
4278,0.0,0.0,76.0,0.0,0.1308142860746054,0.36428724448470107,1776.9928389168283,232.4560495825912,647.3358247580577
7211,0.0,0.0,76.0,0.0,0.1308142860746054,0.36428724448470107,1776.9928389168283,232.4560495825912,647.3358247580577
1231,0.0,0.0,76.0,0.0,0.1308142860746054,0.36428724448470107,1776.9928389168283,232.4560495825912,647.3358247580577
3686,0.0,0.0,76.0,0.0,0.1308142860746054,0.36428724448470107,1776.9928389168283,232.4560495825912,647.3358247580577
8923,0.0,0.0,76.0,0.0,0.1308142860746054,0.36428724448470107,1776.9928389168283,232.4560495825912,647.3358247580577
3192,1.0,23.0,44.0,411.88,0.23415653175561094,0.4829297862181229,1337.222709931892,313.1194319424912,645.7846774334275
5514,1.0,202.0,334.0,5050.38,0.07691751237115343,0.22794751000449323,2829.94997897615,217.67271251764342,645.0800511448813
6670,0.0,0.0,77.0,0.0,0.13012583421511634,0.3629019870304572,1776.9928389168283,231.23267555834013,644.87423218181
9707,0.0,0.0,77.0,0.0,0.13012583421511634,0.3629019870304572,1776.9928389168283,231.23267555834013,644.87423218181
7646,0.0,0.0,77.0,0.0,0.13012583421511634,0.3629019870304572,1776.9928389168283,231.23267555834013,644.87423218181
2974,0.0,0.0,77.0,0.0,0.13012583421511634,0.3629019870304572,1776.9928389168283,231.23267555834013,644.87423218181
2164,0.0,0.0,77.0,0.0,0.13012583421511634,0.3629019870304572,1776.9928389168283,231.23267555834013,644.87423218181
9718,0.0,0.0,77.0,0.0,0.13012583421511634,0.3629019870304572,1776.9928389168283,231.23267555834013,644.87423218181
8735,0.0,0.0,77.0,0.0,0.13012583421511634,0.3629019870304572,1776.9928389168283,231.23267555834013,644.87423218181
5834,0.0,0.0,77.0,0.0,0.13012583421511634,0.3629019870304572,1776.9928389168283,231.23267555834013,644.87423218181
4037,0.0,0.0,77.0,0.0,0.13012583421511634,0.3629019870304572,1776.9928389168283,231.23267555834013,644.87423218181
7298,0.0,0.0,77.0,0.0,0.13012583421511634,0.3629019870304572,1776.9928389168283,231.23267555834013,644.87423218181
4050,0.0,0.0,77.0,0.0,0.13012583421511634,0.3629019870304572,1776.9928389168283,231.23267555834013,644.87423218181
5409,0.0,0.0,77.0,0.0,0.13012583421511634,0.3629019870304572,1776.9928389168283,231.23267555834013,644.87423218181
9630,1.0,106.0,138.0,1363.62,0.15803057173329343,0.3923267271756809,1643.504536177479,259.72396149838823,644.7907557768957
8379,1.0,333.0,349.0,3065.31,0.09834053778192432,0.2938640917682845,2191.129644824663,215.4768676219742,643.8943230229634
4554,1.0,82.0,144.0,2158.8,0.13539335683490472,0.3389824174406687,1899.4033978350446,257.1666020165107,643.8643554931436
8311,1.0,318.0,364.0,3599.4,0.09043718129380926,0.2724093233899292,2363.006481544258,213.7036455698644,643.7049968034885
9624,0.0,0.0,78.0,0.0,0.12944464325682584,0.3615278621530249,1776.9928389168283,230.02220410352302,642.4324221148355
3699,0.0,0.0,78.0,0.0,0.12944464325682584,0.3615278621530249,1776.9928389168283,230.02220410352302,642.4324221148355
1056,0.0,0.0,78.0,0.0,0.12944464325682584,0.3615278621530249,1776.9928389168283,230.02220410352302,642.4324221148355
4899,0.0,0.0,78.0,0.0,0.12944464325682584,0.3615278621530249,1776.9928389168283,230.02220410352302,642.4324221148355
5976,0.0,0.0,78.0,0.0,0.12944464325682584,0.3615278621530249,1776.9928389168283,230.02220410352302,642.4324221148355
5782,0.0,0.0,78.0,0.0,0.12944464325682584,0.3615278621530249,1776.9928389168283,230.02220410352302,642.4324221148355
6389,0.0,0.0,78.0,0.0,0.12944464325682584,0.3615278621530249,1776.9928389168283,230.02220410352302,642.4324221148355
5202,0.0,0.0,78.0,0.0,0.12944464325682584,0.3615278621530249,1776.9928389168283,230.02220410352302,642.4324221148355
5839,0.0,0.0,78.0,0.0,0.12944464325682584,0.3615278621530249,1776.9928389168283,230.02220410352302,642.4324221148355
8972,0.0,0.0,78.0,0.0,0.12944464325682584,0.3615278621530249,1776.9928389168283,230.02220410352302,642.4324221148355
1484,1.0,78.0,177.0,3507.3,0.10537362804113135,0.2749803162416726,2333.3675505366145,245.87540435349098,641.6301469546152
2422,2.0,210.0,252.0,1008.5150000000001,0.18428434714075742,0.45694538036915117,1402.9975589494077,258.5504891910679,641.0932532311277
5498,0.0,0.0,79.0,0.0,0.1287705981012278,0.3601647282311361,1776.9928389168283,228.8244306889187,640.0101428971544
8998,0.0,0.0,79.0,0.0,0.1287705981012278,0.3601647282311361,1776.9928389168283,228.8244306889187,640.0101428971544
7248,0.0,0.0,79.0,0.0,0.1287705981012278,0.3601647282311361,1776.9928389168283,228.8244306889187,640.0101428971544
9520,0.0,0.0,79.0,0.0,0.1287705981012278,0.3601647282311361,1776.9928389168283,228.8244306889187,640.0101428971544
9587,0.0,0.0,79.0,0.0,0.1287705981012278,0.3601647282311361,1776.9928389168283,228.8244306889187,640.0101428971544
8153,0.0,0.0,79.0,0.0,0.1287705981012278,0.3601647282311361,1776.9928389168283,228.8244306889187,640.0101428971544
7865,0.0,0.0,79.0,0.0,0.1287705981012278,0.3601647282311361,1776.9928389168283,228.8244306889187,640.0101428971544
9389,0.0,0.0,80.0,0.0,0.12810358608730388,0.3588124461668069,1776.9928389168283,227.63915511670442,637.6071473526458
4693,0.0,0.0,80.0,0.0,0.12810358608730388,0.3588124461668069,1776.9928389168283,227.63915511670442,637.6071473526458
3857,0.0,0.0,80.0,0.0,0.12810358608730388,0.3588124461668069,1776.9928389168283,227.63915511670442,637.6071473526458
1163,0.0,0.0,80.0,0.0,0.12810358608730388,0.3588124461668069,1776.9928389168283,227.63915511670442,637.6071473526458
4477,0.0,0.0,80.0,0.0,0.12810358608730388,0.3588124461668069,1776.9928389168283,227.63915511670442,637.6071473526458
1304,0.0,0.0,80.0,0.0,0.12810358608730388,0.3588124461668069,1776.9928389168283,227.63915511670442,637.6071473526458
3296,0.0,0.0,80.0,0.0,0.12810358608730388,0.3588124461668069,1776.9928389168283,227.63915511670442,637.6071473526458
6119,0.0,0.0,80.0,0.0,0.12810358608730388,0.3588124461668069,1776.9928389168283,227.63915511670442,637.6071473526458
2025,0.0,0.0,80.0,0.0,0.12810358608730388,0.3588124461668069,1776.9928389168283,227.63915511670442,637.6071473526458
9567,1.0,5.0,40.0,861.88,0.21063708818096633,0.42966154904549797,1482.0383337477679,312.172239193201,636.7748862228747
4714,1.0,70.0,83.0,442.7,0.2087779978567114,0.47205721920287463,1347.1409711008007,281.2533947771711,635.927620692104
9188,1.0,260.0,357.0,4281.2,0.08200516449323737,0.24611801509404588,2582.418242250164,211.7716327460616,635.5796519252652
7025,0.0,0.0,81.0,0.0,0.12744349692687248,0.35747087932672644,1776.9928389168283,226.46618140557123,635.2231926848946
3133,0.0,0.0,81.0,0.0,0.12744349692687248,0.35747087932672644,1776.9928389168283,226.46618140557123,635.2231926848946
1732,0.0,0.0,81.0,0.0,0.12744349692687248,0.35747087932672644,1776.9928389168283,226.46618140557123,635.2231926848946
6125,0.0,0.0,81.0,0.0,0.12744349692687248,0.35747087932672644,1776.9928389168283,226.46618140557123,635.2231926848946
7980,0.0,0.0,81.0,0.0,0.12744349692687248,0.35747087932672644,1776.9928389168283,226.46618140557123,635.2231926848946
6482,0.0,0.0,81.0,0.0,0.12744349692687248,0.35747087932672644,1776.9928389168283,226.46618140557123,635.2231926848946
6643,0.0,0.0,81.0,0.0,0.12744349692687248,0.35747087932672644,1776.9928389168283,226.46618140557123,635.2231926848946
3627,0.0,0.0,81.0,0.0,0.12744349692687248,0.35747087932672644,1776.9928389168283,226.46618140557123,635.2231926848946
8771,0.0,0.0,81.0,0.0,0.12744349692687248,0.35747087932672644,1776.9928389168283,226.46618140557123,635.2231926848946
1378,2.0,235.0,265.0,859.49,0.18999106781879915,0.4771119842610186,1330.5727550936308,252.79693855084045,634.8322073863725
6028,1.0,264.0,267.0,2009.52,0.12073300507120427,0.3423719398137199,1851.3632282278625,223.52064602227563,633.8548197481639
5889,2.0,200.0,255.0,1173.345,0.1717594416339879,0.4271992972608571,1483.1034500384687,254.73702046404847,633.5807516215865
6262,0.0,0.0,82.0,0.0,0.1267902226420064,0.35613989348531805,1776.9928389168283,225.30531767951567,632.8580403760121
5328,0.0,0.0,82.0,0.0,0.1267902226420064,0.35613989348531805,1776.9928389168283,225.30531767951567,632.8580403760121
2727,0.0,0.0,82.0,0.0,0.1267902226420064,0.35613989348531805,1776.9928389168283,225.30531767951567,632.8580403760121
9916,0.0,0.0,82.0,0.0,0.1267902226420064,0.35613989348531805,1776.9928389168283,225.30531767951567,632.8580403760121
4325,0.0,0.0,82.0,0.0,0.1267902226420064,0.35613989348531805,1776.9928389168283,225.30531767951567,632.8580403760121
3829,0.0,0.0,82.0,0.0,0.1267902226420064,0.35613989348531805,1776.9928389168283,225.30531767951567,632.8580403760121
2644,1.0,266.0,314.0,3032.74,0.0988436886479916,0.28943066601164663,2180.6482117853625,215.54331289651202,631.1464642741437
8969,0.0,0.0,83.0,0.0,0.12614365750443193,0.35481935676942183,1776.9928389168283,224.15637606015258,630.5114560883378
7685,0.0,0.0,83.0,0.0,0.12614365750443193,0.35481935676942183,1776.9928389168283,224.15637606015258,630.5114560883378
6557,0.0,0.0,83.0,0.0,0.12614365750443193,0.35481935676942183,1776.9928389168283,224.15637606015258,630.5114560883378
1366,0.0,0.0,83.0,0.0,0.12614365750443193,0.35481935676942183,1776.9928389168283,224.15637606015258,630.5114560883378
8428,0.0,0.0,83.0,0.0,0.12614365750443193,0.35481935676942183,1776.9928389168283,224.15637606015258,630.5114560883378
2163,1.0,142.0,145.0,802.45,0.1718834478258256,0.43087434303468924,1462.9130170291514,251.45053323625126,630.3316851293308
7082,1.0,235.0,276.0,2559.68,0.10851773570328951,0.3097853528999292,2028.4115917801792,220.11863301429025,628.37220078593
1759,0.0,0.0,84.0,0.0,0.12550369797683758,0.353509139604577,1776.9928389168283,223.0191725624208,628.1832095689828
9279,0.0,0.0,84.0,0.0,0.12550369797683758,0.353509139604577,1776.9928389168283,223.0191725624208,628.1832095689828
9360,0.0,0.0,84.0,0.0,0.12550369797683758,0.353509139604577,1776.9928389168283,223.0191725624208,628.1832095689828
1819,0.0,0.0,84.0,0.0,0.12550369797683758,0.353509139604577,1776.9928389168283,223.0191725624208,628.1832095689828
7064,0.0,0.0,84.0,0.0,0.12550369797683758,0.353509139604577,1776.9928389168283,223.0191725624208,628.1832095689828
8845,0.0,0.0,84.0,0.0,0.12550369797683758,0.353509139604577,1776.9928389168283,223.0191725624208,628.1832095689828
7538,0.0,0.0,84.0,0.0,0.12550369797683758,0.353509139604577,1776.9928389168283,223.0191725624208,628.1832095689828
6221,1.0,64.0,79.0,393.01,0.21007282715390332,0.4710912897470656,1331.1501081065521,279.63846657616745,627.0932212748614
2199,1.0,101.0,111.0,572.97,0.1895311268886678,0.4512760055974363,1389.0634851329976,263.2707676571573,626.851021092073
5463,2.0,286.0,301.0,771.635,0.18752792661934312,0.4862564626309704,1287.8760186886748,241.51271952746157,626.2380371548126
4833,2.0,350.0,355.0,857.6299999999999,0.17430564186305247,0.4707885126554724,1329.6688118950244,231.76877572264462,625.9928022764276
8260,0.0,0.0,85.0,0.0,0.12487024265602456,0.35220911466281773,1776.9928389168283,221.89352699356232,625.8730745570632
9445,0.0,0.0,85.0,0.0,0.12487024265602456,0.35220911466281773,1776.9928389168283,221.89352699356232,625.8730745570632
8064,0.0,0.0,85.0,0.0,0.12487024265602456,0.35220911466281773,1776.9928389168283,221.89352699356232,625.8730745570632
1153,0.0,0.0,85.0,0.0,0.12487024265602456,0.35220911466281773,1776.9928389168283,221.89352699356232,625.8730745570632
1134,2.0,214.0,266.0,1107.75,0.17141797028523575,0.43092846170888227,1451.2248725587185,248.76602208146545,625.3741019253973
6377,0.0,0.0,86.0,0.0,0.12424319221783023,0.35091915681194713,1776.9928389168283,220.77926285525132,623.5808286935616
4098,0.0,0.0,86.0,0.0,0.12424319221783023,0.35091915681194713,1776.9928389168283,220.77926285525132,623.5808286935616
7705,0.0,0.0,86.0,0.0,0.12424319221783023,0.35091915681194713,1776.9928389168283,220.77926285525132,623.5808286935616
4262,0.0,0.0,86.0,0.0,0.12424319221783023,0.35091915681194713,1776.9928389168283,220.77926285525132,623.5808286935616
5884,0.0,0.0,86.0,0.0,0.12424319221783023,0.35091915681194713,1776.9928389168283,220.77926285525132,623.5808286935616
9747,0.0,0.0,86.0,0.0,0.12424319221783023,0.35091915681194713,1776.9928389168283,220.77926285525132,623.5808286935616
5113,0.0,0.0,86.0,0.0,0.12424319221783023,0.35091915681194713,1776.9928389168283,220.77926285525132,623.5808286935616
5298,1.0,215.0,252.0,2234.94,0.11554507810409302,0.32389083946734404,1923.906201384688,222.2978923039427,623.1355946229156
3277,1.0,70.0,81.0,298.35,0.21261106623556333,0.4787583434630332,1300.6873371056372,276.5405215811251,622.7149148760387
5032,1.0,29.0,48.0,228.53,0.23360674953797889,0.48701357780740084,1278.218388539356,298.60044294635236,622.5097106217622
3092,1.0,224.0,352.0,4737.96,0.07618876142654503,0.2280580426565195,2729.4093185482407,207.95031540626076,622.4637467965765
5635,1.0,166.0,362.0,6861.88,0.06059749724852101,0.182360652180043,3412.9133179593746,206.8140053944839,622.381098497026
1099,0.0,0.0,87.0,0.0,0.12362244936376157,0.34963914306621796,1776.9928389168283,219.67620724876252,621.3062534336857
6031,0.0,0.0,87.0,0.0,0.12362244936376157,0.34963914306621796,1776.9928389168283,219.67620724876252,621.3062534336857
2147,0.0,0.0,87.0,0.0,0.12362244936376157,0.34963914306621796,1776.9928389168283,219.67620724876252,621.3062534336857
1527,0.0,0.0,87.0,0.0,0.12362244936376157,0.34963914306621796,1776.9928389168283,219.67620724876252,621.3062534336857
6021,0.0,0.0,87.0,0.0,0.12362244936376157,0.34963914306621796,1776.9928389168283,219.67620724876252,621.3062534336857
8211,0.0,0.0,87.0,0.0,0.12362244936376157,0.34963914306621796,1776.9928389168283,219.67620724876252,621.3062534336857
6595,0.0,0.0,87.0,0.0,0.12362244936376157,0.34963914306621796,1776.9928389168283,219.67620724876252,621.3062534336857
8346,0.0,0.0,87.0,0.0,0.12362244936376157,0.34963914306621796,1776.9928389168283,219.67620724876252,621.3062534336857
5893,0.0,0.0,87.0,0.0,0.12362244936376157,0.34963914306621796,1776.9928389168283,219.67620724876252,621.3062534336857
2711,0.0,0.0,87.0,0.0,0.12362244936376157,0.34963914306621796,1776.9928389168283,219.67620724876252,621.3062534336857
8132,0.0,0.0,87.0,0.0,0.12362244936376157,0.34963914306621796,1776.9928389168283,219.67620724876252,621.3062534336857
4295,0.0,0.0,87.0,0.0,0.12362244936376157,0.34963914306621796,1776.9928389168283,219.67620724876252,621.3062534336857
9891,0.0,0.0,87.0,0.0,0.12362244936376157,0.34963914306621796,1776.9928389168283,219.67620724876252,621.3062534336857
8453,1.0,71.0,114.0,1269.59,0.16088475998553903,0.38502228968384256,1613.2445070499177,259.5464553147152,621.1350939242412
1419,1.0,108.0,207.0,3297.88,0.10172587204996959,0.274034684356578,2265.9735773376806,230.50813819686476,620.9553540260772
5952,2.0,172.0,307.0,2894.87,0.10262014555851753,0.2675480963244979,2319.7490494870053,238.05298511758917,620.6444421408117
7333,1.0,87.0,167.0,2578.59,0.118257427109744,0.30498482073809957,2034.4970661054115,240.59438849994874,620.4907229983485
1708,1.0,121.0,136.0,833.91,0.1700340441619522,0.420904482184615,1473.0372381963641,250.46647881168067,620.0079759816961
6409,1.0,164.0,199.0,1715.22,0.13202882775383096,0.3527885518975486,1756.6538102522875,231.92894333691012,619.7273539042156
4337,1.0,76.0,193.0,3976.52,0.09387780014568343,0.24932891240456487,2484.3684105518932,233.22704113403984,619.424873815161
6610,1.0,250.0,275.0,2231.5,0.11292430444886506,0.3221270919452192,1922.799166393748,217.13075845987154,619.3857038651097
3461,0.0,0.0,88.0,0.0,0.12300791876926953,0.3483689525384047,1776.9928389168283,218.58419078305488,619.0491339617016
1003,0.0,0.0,88.0,0.0,0.12300791876926953,0.3483689525384047,1776.9928389168283,218.58419078305488,619.0491339617016
5775,0.0,0.0,88.0,0.0,0.12300791876926953,0.3483689525384047,1776.9928389168283,218.58419078305488,619.0491339617016
8597,0.0,0.0,88.0,0.0,0.12300791876926953,0.3483689525384047,1776.9928389168283,218.58419078305488,619.0491339617016
1077,0.0,0.0,88.0,0.0,0.12300791876926953,0.3483689525384047,1776.9928389168283,218.58419078305488,619.0491339617016
6825,0.0,0.0,88.0,0.0,0.12300791876926953,0.3483689525384047,1776.9928389168283,218.58419078305488,619.0491339617016
1430,0.0,0.0,88.0,0.0,0.12300791876926953,0.3483689525384047,1776.9928389168283,218.58419078305488,619.0491339617016
9598,0.0,0.0,88.0,0.0,0.12300791876926953,0.3483689525384047,1776.9928389168283,218.58419078305488,619.0491339617016
1351,0.0,0.0,88.0,0.0,0.12300791876926953,0.3483689525384047,1776.9928389168283,218.58419078305488,619.0491339617016
4479,1.0,357.0,361.0,2778.54,0.09803153728891523,0.29481769337717845,2098.8434749542735,205.75285237857628,618.7761920457607
3135,1.0,119.0,144.0,1067.64,0.15956571013396922,0.39946657414805065,1548.2544732063266,247.04832448526193,618.4759103211261
8851,1.0,126.0,156.0,1253.79,0.15103279351127918,0.38417734806533543,1608.159869591496,242.88487751713808,617.8185939647566
1155,1.0,87.0,201.0,3802.53,0.09497717946827025,0.25433717499502406,2428.3762541347496,230.64032730544196,617.6263563016308
4269,1.0,34.0,51.0,160.96,0.2337759751412938,0.4912060205435538,1256.4735180921648,293.7333219312079,617.1873567404112
1324,0.0,0.0,89.0,0.0,0.12239950703361448,0.3471084663932059,1776.9928389168283,217.50304748568288,616.8092591081295
4339,0.0,0.0,89.0,0.0,0.12239950703361448,0.3471084663932059,1776.9928389168283,217.50304748568288,616.8092591081295
7057,0.0,0.0,89.0,0.0,0.12239950703361448,0.3471084663932059,1776.9928389168283,217.50304748568288,616.8092591081295
4774,0.0,0.0,89.0,0.0,0.12239950703361448,0.3471084663932059,1776.9928389168283,217.50304748568288,616.8092591081295
2458,0.0,0.0,89.0,0.0,0.12239950703361448,0.3471084663932059,1776.9928389168283,217.50304748568288,616.8092591081295
6264,0.0,0.0,89.0,0.0,0.12239950703361448,0.3471084663932059,1776.9928389168283,217.50304748568288,616.8092591081295
3510,0.0,0.0,89.0,0.0,0.12239950703361448,0.3471084663932059,1776.9928389168283,217.50304748568288,616.8092591081295
8829,0.0,0.0,89.0,0.0,0.12239950703361448,0.3471084663932059,1776.9928389168283,217.50304748568288,616.8092591081295
4940,0.0,0.0,89.0,0.0,0.12239950703361448,0.3471084663932059,1776.9928389168283,217.50304748568288,616.8092591081295
7882,2.0,103.0,242.0,3632.52,0.0936492257526266,0.22997536659020326,2678.2402862876374,250.81512919033025,615.9292916556503
9208,0.0,0.0,90.0,0.0,0.12179712263126616,0.34585756780190896,1776.9928389168283,216.43261471643473,614.5864212691837
3384,0.0,0.0,90.0,0.0,0.12179712263126616,0.34585756780190896,1776.9928389168283,216.43261471643473,614.5864212691837
9789,0.0,0.0,90.0,0.0,0.12179712263126616,0.34585756780190896,1776.9928389168283,216.43261471643473,614.5864212691837
4249,0.0,0.0,90.0,0.0,0.12179712263126616,0.34585756780190896,1776.9928389168283,216.43261471643473,614.5864212691837
4077,0.0,0.0,90.0,0.0,0.12179712263126616,0.34585756780190896,1776.9928389168283,216.43261471643473,614.5864212691837
3247,0.0,0.0,90.0,0.0,0.12179712263126616,0.34585756780190896,1776.9928389168283,216.43261471643473,614.5864212691837
5199,0.0,0.0,90.0,0.0,0.12179712263126616,0.34585756780190896,1776.9928389168283,216.43261471643473,614.5864212691837
5725,1.0,171.0,303.0,4503.6,0.07960995299107868,0.23151211391308776,2653.9893416649484,211.2839667287704,614.4306827916563
9289,1.0,64.0,140.0,2324.97,0.1261659106628803,0.31414412831792105,1952.8789805227925,246.3867549920554,613.485465046723
3558,1.0,209.0,217.0,1413.16,0.1358096542724802,0.36932857762836496,1659.4471272971273,225.3689406416833,612.8812471741243
2402,1.0,193.0,324.0,4536.36,0.07804228732402886,0.22993098005978588,2664.5319190787445,207.9461656127894,612.6584355543578
9138,0.0,0.0,91.0,0.0,0.12120067586476739,0.3446161418983171,1776.9928389168283,215.37273308357132,612.380416328455
8337,0.0,0.0,91.0,0.0,0.12120067586476739,0.3446161418983171,1776.9928389168283,215.37273308357132,612.380416328455
3682,0.0,0.0,91.0,0.0,0.12120067586476739,0.3446161418983171,1776.9928389168283,215.37273308357132,612.380416328455
7797,0.0,0.0,91.0,0.0,0.12120067586476739,0.3446161418983171,1776.9928389168283,215.37273308357132,612.380416328455
6881,0.0,0.0,91.0,0.0,0.12120067586476739,0.3446161418983171,1776.9928389168283,215.37273308357132,612.380416328455
2736,0.0,0.0,91.0,0.0,0.12120067586476739,0.3446161418983171,1776.9928389168283,215.37273308357132,612.380416328455
5644,0.0,0.0,91.0,0.0,0.12120067586476739,0.3446161418983171,1776.9928389168283,215.37273308357132,612.380416328455
8386,0.0,0.0,91.0,0.0,0.12120067586476739,0.3446161418983171,1776.9928389168283,215.37273308357132,612.380416328455
5056,0.0,0.0,91.0,0.0,0.12120067586476739,0.3446161418983171,1776.9928389168283,215.37273308357132,612.380416328455
8529,0.0,0.0,91.0,0.0,0.12120067586476739,0.3446161418983171,1776.9928389168283,215.37273308357132,612.380416328455
3225,2.0,162.0,201.0,735.245,0.20579378467425616,0.4818339258776267,1270.190807399881,261.3973735132707,612.021023343157
9568,0.0,0.0,92.0,0.0,0.12061007881903538,0.34338407573588076,1776.9928389168283,214.3232463626201,610.1910435807339
9150,0.0,0.0,92.0,0.0,0.12061007881903538,0.34338407573588076,1776.9928389168283,214.3232463626201,610.1910435807339
1923,0.0,0.0,92.0,0.0,0.12061007881903538,0.34338407573588076,1776.9928389168283,214.3232463626201,610.1910435807339
3106,0.0,0.0,92.0,0.0,0.12061007881903538,0.34338407573588076,1776.9928389168283,214.3232463626201,610.1910435807339
6815,0.0,0.0,92.0,0.0,0.12061007881903538,0.34338407573588076,1776.9928389168283,214.3232463626201,610.1910435807339
8176,1.0,116.0,198.0,2627.32,0.11125406174166678,0.2969958457731997,2050.1789891021936,228.09073983504342,608.8946428548495
9094,0.0,0.0,93.0,0.0,0.12002524531702412,0.3421612582459655,1776.9928389168283,213.28400141758743,608.0181056578523
9097,0.0,0.0,93.0,0.0,0.12002524531702412,0.3421612582459655,1776.9928389168283,213.28400141758743,608.0181056578523
8903,0.0,0.0,93.0,0.0,0.12002524531702412,0.3421612582459655,1776.9928389168283,213.28400141758743,608.0181056578523
3346,0.0,0.0,93.0,0.0,0.12002524531702412,0.3421612582459655,1776.9928389168283,213.28400141758743,608.0181056578523
9802,0.0,0.0,93.0,0.0,0.12002524531702412,0.3421612582459655,1776.9928389168283,213.28400141758743,608.0181056578523
2484,0.0,0.0,93.0,0.0,0.12002524531702412,0.3421612582459655,1776.9928389168283,213.28400141758743,608.0181056578523
8681,0.0,0.0,93.0,0.0,0.12002524531702412,0.3421612582459655,1776.9928389168283,213.28400141758743,608.0181056578523
9947,0.0,0.0,93.0,0.0,0.12002524531702412,0.3421612582459655,1776.9928389168283,213.28400141758743,608.0181056578523
3197,0.0,0.0,93.0,0.0,0.12002524531702412,0.3421612582459655,1776.9928389168283,213.28400141758743,608.0181056578523
8012,0.0,0.0,93.0,0.0,0.12002524531702412,0.3421612582459655,1776.9928389168283,213.28400141758743,608.0181056578523
7850,1.0,118.0,256.0,4532.4,0.08107194845614857,0.22800756475155384,2663.257541589149,215.91547813716443,607.242866363952
9382,1.0,290.0,302.0,2195.82,0.10929733917471522,0.31760450737728946,1911.3168964876372,208.90185110577335,607.0428613508458
7522,0.0,0.0,94.0,0.0,0.11944609087671701,0.34094758019727794,1776.9928389168283,212.25484812453482,605.861408456584
2361,0.0,0.0,94.0,0.0,0.11944609087671701,0.34094758019727794,1776.9928389168283,212.25484812453482,605.861408456584
7676,0.0,0.0,94.0,0.0,0.11944609087671701,0.34094758019727794,1776.9928389168283,212.25484812453482,605.861408456584
1916,0.0,0.0,94.0,0.0,0.11944609087671701,0.34094758019727794,1776.9928389168283,212.25484812453482,605.861408456584
2436,0.0,0.0,94.0,0.0,0.11944609087671701,0.34094758019727794,1776.9928389168283,212.25484812453482,605.861408456584
9547,0.0,0.0,94.0,0.0,0.11944609087671701,0.34094758019727794,1776.9928389168283,212.25484812453482,605.861408456584
7495,0.0,0.0,94.0,0.0,0.11944609087671701,0.34094758019727794,1776.9928389168283,212.25484812453482,605.861408456584
9331,0.0,0.0,94.0,0.0,0.11944609087671701,0.34094758019727794,1776.9928389168283,212.25484812453482,605.861408456584
1451,0.0,0.0,94.0,0.0,0.11944609087671701,0.34094758019727794,1776.9928389168283,212.25484812453482,605.861408456584
9815,0.0,0.0,94.0,0.0,0.11944609087671701,0.34094758019727794,1776.9928389168283,212.25484812453482,605.861408456584
6626,0.0,0.0,94.0,0.0,0.11944609087671701,0.34094758019727794,1776.9928389168283,212.25484812453482,605.861408456584
4080,0.0,0.0,94.0,0.0,0.11944609087671701,0.34094758019727794,1776.9928389168283,212.25484812453482,605.861408456584
5087,0.0,0.0,94.0,0.0,0.11944609087671701,0.34094758019727794,1776.9928389168283,212.25484812453482,605.861408456584
4629,0.0,0.0,94.0,0.0,0.11944609087671701,0.34094758019727794,1776.9928389168283,212.25484812453482,605.861408456584
5513,0.0,0.0,94.0,0.0,0.11944609087671701,0.34094758019727794,1776.9928389168283,212.25484812453482,605.861408456584
4866,1.0,147.0,322.0,5837.4,0.06676533104035498,0.19648027650459704,3083.2228506551887,205.85239429518063,605.7924782220234
9431,1.0,105.0,131.0,882.22,0.16556519228771172,0.4068699195916607,1488.5839999442467,246.45769618718023,605.6600523627483
4026,1.0,15.0,45.0,441.42,0.21704916820742112,0.4489031110338218,1346.7290511041613,292.3064203429277,604.5508607602848
8080,2.0,236.0,335.0,1850.165,0.12524040784609575,0.33360520426195606,1812.031856317069,226.9396087152677,604.5032575558272
8823,1.0,325.0,346.0,2675.44,0.09803561109526432,0.29247327122076505,2065.664606475563,202.50869201369048,604.1516847008622
5894,0.0,0.0,95.0,0.0,0.11887253266940105,0.3397429341563427,1776.9928389168283,211.23563929743239,603.7207610684125
5938,0.0,0.0,95.0,0.0,0.11887253266940105,0.3397429341563427,1776.9928389168283,211.23563929743239,603.7207610684125
9784,0.0,0.0,95.0,0.0,0.11887253266940105,0.3397429341563427,1776.9928389168283,211.23563929743239,603.7207610684125
4821,0.0,0.0,95.0,0.0,0.11887253266940105,0.3397429341563427,1776.9928389168283,211.23563929743239,603.7207610684125
3979,0.0,0.0,95.0,0.0,0.11887253266940105,0.3397429341563427,1776.9928389168283,211.23563929743239,603.7207610684125
6337,0.0,0.0,95.0,0.0,0.11887253266940105,0.3397429341563427,1776.9928389168283,211.23563929743239,603.7207610684125
2472,0.0,0.0,95.0,0.0,0.11887253266940105,0.3397429341563427,1776.9928389168283,211.23563929743239,603.7207610684125
2629,0.0,0.0,95.0,0.0,0.11887253266940105,0.3397429341563427,1776.9928389168283,211.23563929743239,603.7207610684125
2812,0.0,0.0,95.0,0.0,0.11887253266940105,0.3397429341563427,1776.9928389168283,211.23563929743239,603.7207610684125
2287,1.0,78.0,181.0,3227.85,0.10262743783063218,0.2690310489750022,2243.437048146949,230.23819618563797,603.5542223723562
8750,2.0,346.0,364.0,889.315,0.16492197400394992,0.44818246486574675,1345.0674356841243,221.83117666145674,602.8356387355601
7710,0.0,0.0,96.0,0.0,0.11830448947916779,0.3385472144490715,1776.9928389168283,210.22623061619242,601.5959757112398
8605,0.0,0.0,96.0,0.0,0.11830448947916779,0.3385472144490715,1776.9928389168283,210.22623061619242,601.5959757112398
3887,0.0,0.0,96.0,0.0,0.11830448947916779,0.3385472144490715,1776.9928389168283,210.22623061619242,601.5959757112398
6925,0.0,0.0,96.0,0.0,0.11830448947916779,0.3385472144490715,1776.9928389168283,210.22623061619242,601.5959757112398
9473,0.0,0.0,96.0,0.0,0.11830448947916779,0.3385472144490715,1776.9928389168283,210.22623061619242,601.5959757112398
8308,0.0,0.0,96.0,0.0,0.11830448947916779,0.3385472144490715,1776.9928389168283,210.22623061619242,601.5959757112398
6536,0.0,0.0,96.0,0.0,0.11830448947916779,0.3385472144490715,1776.9928389168283,210.22623061619242,601.5959757112398
1767,0.0,0.0,96.0,0.0,0.11830448947916779,0.3385472144490715,1776.9928389168283,210.22623061619242,601.5959757112398
2633,0.0,0.0,96.0,0.0,0.11830448947916779,0.3385472144490715,1776.9928389168283,210.22623061619242,601.5959757112398
3639,1.0,8.0,108.0,3764.51,0.10500885285155916,0.2488564273260177,2416.1409429847827,253.71618875051644,601.2722029873084
4391,1.0,256.0,294.0,2399.0,0.10522646122906115,0.30417180840984803,1976.7027597029874,208.00143630526458,601.2572531075949
6111,1.0,322.0,340.0,2548.63,0.0997593153659344,0.2966234396658357,2024.855563684252,201.99820474804415,600.6196221265275
7281,0.0,0.0,97.0,0.0,0.1177418816636151,0.337360317123326,1776.9928389168283,209.22648055683663,599.4868676628605
2020,0.0,0.0,97.0,0.0,0.1177418816636151,0.337360317123326,1776.9928389168283,209.22648055683663,599.4868676628605
7841,0.0,0.0,97.0,0.0,0.1177418816636151,0.337360317123326,1776.9928389168283,209.22648055683663,599.4868676628605
5527,0.0,0.0,97.0,0.0,0.1177418816636151,0.337360317123326,1776.9928389168283,209.22648055683663,599.4868676628605
1240,0.0,0.0,97.0,0.0,0.1177418816636151,0.337360317123326,1776.9928389168283,209.22648055683663,599.4868676628605
5241,0.0,0.0,97.0,0.0,0.1177418816636151,0.337360317123326,1776.9928389168283,209.22648055683663,599.4868676628605
1264,0.0,0.0,97.0,0.0,0.1177418816636151,0.337360317123326,1776.9928389168283,209.22648055683663,599.4868676628605
1990,0.0,0.0,97.0,0.0,0.1177418816636151,0.337360317123326,1776.9928389168283,209.22648055683663,599.4868676628605
8072,0.0,0.0,97.0,0.0,0.1177418816636151,0.337360317123326,1776.9928389168283,209.22648055683663,599.4868676628605
3124,0.0,0.0,97.0,0.0,0.1177418816636151,0.337360317123326,1776.9928389168283,209.22648055683663,599.4868676628605
1329,0.0,0.0,97.0,0.0,0.1177418816636151,0.337360317123326,1776.9928389168283,209.22648055683663,599.4868676628605
3943,0.0,0.0,97.0,0.0,0.1177418816636151,0.337360317123326,1776.9928389168283,209.22648055683663,599.4868676628605
8911,1.0,269.0,309.0,2537.22,0.10160001193987864,0.29657037566180866,2021.1836830892796,205.3522863345587,599.4232041753057
1830,1.0,200.0,203.0,1105.79,0.14307939401132846,0.3838512849288264,1560.5316199809442,223.27991852239023,599.0120675017484
2423,1.0,197.0,201.0,1098.7,0.14353644798663776,0.38430266214072273,1558.2499693745956,223.6656656793165,598.8396115113568
1212,2.0,239.0,270.0,726.72,0.18735632356598905,0.4727288293877805,1266.047734406291,237.20204897741243,598.4972634349376
8326,1.0,49.0,156.0,3452.65,0.1015185438780595,0.2582817084916426,2315.780497555406,235.09466405303294,598.1237434002364
6878,0.0,0.0,98.0,0.0,0.11718463111568846,0.3361821399124608,1776.9928389168283,208.23625032368852,597.3932551961781
1682,0.0,0.0,98.0,0.0,0.11718463111568846,0.3361821399124608,1776.9928389168283,208.23625032368852,597.3932551961781
8953,0.0,0.0,98.0,0.0,0.11718463111568846,0.3361821399124608,1776.9928389168283,208.23625032368852,597.3932551961781
5108,0.0,0.0,98.0,0.0,0.11718463111568846,0.3361821399124608,1776.9928389168283,208.23625032368852,597.3932551961781
8583,0.0,0.0,98.0,0.0,0.11718463111568846,0.3361821399124608,1776.9928389168283,208.23625032368852,597.3932551961781
4108,0.0,0.0,98.0,0.0,0.11718463111568846,0.3361821399124608,1776.9928389168283,208.23625032368852,597.3932551961781
2329,1.0,33.0,57.0,254.26,0.2174514484289343,0.4639045053470609,1286.4986240966548,279.7509892116487,596.8125078412331
4884,3.0,200.0,267.0,1029.1566666666668,0.19564688964976043,0.44534999250591223,1338.3110569256223,261.83639567138147,596.0168191724053
1040,1.0,269.0,282.0,1918.86,0.11409254464265217,0.32708668494190823,1822.1877072164293,207.89803233288248,596.0133364953183
5755,1.0,301.0,331.0,2561.52,0.0992748453455571,0.2936703590601278,2029.0037267753396,201.42903118118082,595.8582529764514
7633,1.0,351.0,352.0,2420.52,0.10031856709343753,0.30025940789868505,1983.6281646463672,198.99473512350895,595.6030182078736
9485,0.0,0.0,99.0,0.0,0.11663266122664544,0.3350125821998599,1776.9928389168283,207.25540378356135,595.3149595161864
9378,0.0,0.0,99.0,0.0,0.11663266122664544,0.3350125821998599,1776.9928389168283,207.25540378356135,595.3149595161864
9951,0.0,0.0,99.0,0.0,0.11663266122664544,0.3350125821998599,1776.9928389168283,207.25540378356135,595.3149595161864
4846,1.0,218.0,357.0,4628.0,0.07341548550121504,0.22034556507905298,2694.0228163376078,197.78299301277616,593.6159798017719
9225,1.0,60.0,193.0,4434.56,0.08491159377044397,0.22552515029352493,2631.7714068466257,223.4679045948305,593.5306420672869
7202,0.0,0.0,100.0,0.0,0.11608589685008408,0.3338515449843482,1776.9928389168283,206.283807401837,593.2518046985061
7194,0.0,0.0,100.0,0.0,0.11608589685008408,0.3338515449843482,1776.9928389168283,206.283807401837,593.2518046985061
6198,0.0,0.0,100.0,0.0,0.11608589685008408,0.3338515449843482,1776.9928389168283,206.283807401837,593.2518046985061
7496,0.0,0.0,100.0,0.0,0.11608589685008408,0.3338515449843482,1776.9928389168283,206.283807401837,593.2518046985061
3524,0.0,0.0,100.0,0.0,0.11608589685008408,0.3338515449843482,1776.9928389168283,206.283807401837,593.2518046985061
6897,0.0,0.0,100.0,0.0,0.11608589685008408,0.3338515449843482,1776.9928389168283,206.283807401837,593.2518046985061
8147,0.0,0.0,100.0,0.0,0.11608589685008408,0.3338515449843482,1776.9928389168283,206.283807401837,593.2518046985061
5118,0.0,0.0,100.0,0.0,0.11608589685008408,0.3338515449843482,1776.9928389168283,206.283807401837,593.2518046985061
6724,1.0,246.0,268.0,1876.41,0.11552883959544064,0.32786470384981703,1808.526766703127,208.93699873450643,592.9520927695878
1595,0.0,0.0,101.0,0.0,0.11554426426701403,0.33269893084654895,1776.9928389168283,205.3213301803975,591.2036176296026
4165,0.0,0.0,101.0,0.0,0.11554426426701403,0.33269893084654895,1776.9928389168283,205.3213301803975,591.2036176296026
7101,0.0,0.0,101.0,0.0,0.11554426426701403,0.33269893084654895,1776.9928389168283,205.3213301803975,591.2036176296026
6833,0.0,0.0,101.0,0.0,0.11554426426701403,0.33269893084654895,1776.9928389168283,205.3213301803975,591.2036176296026
6706,0.0,0.0,101.0,0.0,0.11554426426701403,0.33269893084654895,1776.9928389168283,205.3213301803975,591.2036176296026
1658,0.0,0.0,101.0,0.0,0.11554426426701403,0.33269893084654895,1776.9928389168283,205.3213301803975,591.2036176296026
2325,0.0,0.0,101.0,0.0,0.11554426426701403,0.33269893084654895,1776.9928389168283,205.3213301803975,591.2036176296026
5500,0.0,0.0,101.0,0.0,0.11554426426701403,0.33269893084654895,1776.9928389168283,205.3213301803975,591.2036176296026
8477,0.0,0.0,101.0,0.0,0.11554426426701403,0.33269893084654895,1776.9928389168283,205.3213301803975,591.2036176296026
5490,0.0,0.0,101.0,0.0,0.11554426426701403,0.33269893084654895,1776.9928389168283,205.3213301803975,591.2036176296026
2647,0.0,0.0,101.0,0.0,0.11554426426701403,0.33269893084654895,1776.9928389168283,205.3213301803975,591.2036176296026
2754,0.0,0.0,101.0,0.0,0.11554426426701403,0.33269893084654895,1776.9928389168283,205.3213301803975,591.2036176296026
6329,0.0,0.0,101.0,0.0,0.11554426426701403,0.33269893084654895,1776.9928389168283,205.3213301803975,591.2036176296026
3513,2.0,333.0,339.0,662.59,0.17919301419398323,0.4785534369357509,1234.8811336931797,221.28207251776405,590.9566107359876
3619,1.0,229.0,257.0,1834.96,0.11684199276065714,0.32881986495681875,1795.1876386871986,209.75330108351085,590.293356925275
8800,0.0,0.0,102.0,0.0,0.11500769115192931,0.33155464391606987,1776.9928389168283,204.36784359733667,589.1702279484751
3493,0.0,0.0,102.0,0.0,0.11500769115192931,0.33155464391606987,1776.9928389168283,204.36784359733667,589.1702279484751
5335,0.0,0.0,102.0,0.0,0.11500769115192931,0.33155464391606987,1776.9928389168283,204.36784359733667,589.1702279484751
7269,0.0,0.0,102.0,0.0,0.11500769115192931,0.33155464391606987,1776.9928389168283,204.36784359733667,589.1702279484751
2295,0.0,0.0,102.0,0.0,0.11500769115192931,0.33155464391606987,1776.9928389168283,204.36784359733667,589.1702279484751
6898,0.0,0.0,102.0,0.0,0.11500769115192931,0.33155464391606987,1776.9928389168283,204.36784359733667,589.1702279484751
8586,0.0,0.0,102.0,0.0,0.11500769115192931,0.33155464391606987,1776.9928389168283,204.36784359733667,589.1702279484751
3342,0.0,0.0,102.0,0.0,0.11500769115192931,0.33155464391606987,1776.9928389168283,204.36784359733667,589.1702279484751
7567,0.0,0.0,102.0,0.0,0.11500769115192931,0.33155464391606987,1776.9928389168283,204.36784359733667,589.1702279484751
1853,1.0,198.0,246.0,2029.1,0.11367490518466926,0.31710856504046925,1857.664316926339,211.169815091545,589.0812658673949
7491,1.0,68.0,105.0,810.0,0.17053223384257096,0.4019213964114969,1465.3427013842818,249.88816421196898,588.9525847617656
1515,2.0,337.0,351.0,749.115,0.17091883697910043,0.46037868106434143,1276.9315021120428,218.25164724296607,587.8720407518506
9026,0.0,0.0,103.0,0.0,0.11447610653984652,0.3304185898395659,1776.9928389168283,203.42322154838718,587.1514679899053
5994,0.0,0.0,103.0,0.0,0.11447610653984652,0.3304185898395659,1776.9928389168283,203.42322154838718,587.1514679899053
1982,0.0,0.0,103.0,0.0,0.11447610653984652,0.3304185898395659,1776.9928389168283,203.42322154838718,587.1514679899053
3228,0.0,0.0,103.0,0.0,0.11447610653984652,0.3304185898395659,1776.9928389168283,203.42322154838718,587.1514679899053
5300,0.0,0.0,103.0,0.0,0.11447610653984652,0.3304185898395659,1776.9928389168283,203.42322154838718,587.1514679899053
3571,0.0,0.0,103.0,0.0,0.11447610653984652,0.3304185898395659,1776.9928389168283,203.42322154838718,587.1514679899053
2721,0.0,0.0,103.0,0.0,0.11447610653984652,0.3304185898395659,1776.9928389168283,203.42322154838718,587.1514679899053
8345,0.0,0.0,103.0,0.0,0.11447610653984652,0.3304185898395659,1776.9928389168283,203.42322154838718,587.1514679899053
2151,2.0,173.0,325.0,3085.75,0.09194954340514949,0.24315868390016523,2412.515005266181,221.82965319229717,586.6239735699248
7678,1.0,75.0,95.0,346.95,0.19247623182090465,0.4454972641467426,1316.3274244777474,253.36174250599328,586.4202663261644
5503,0.0,0.0,104.0,0.0,0.1139494407942842,0.32929067574958365,1776.9928389168283,202.48734029002014,585.1471727290934
6311,0.0,0.0,104.0,0.0,0.1139494407942842,0.32929067574958365,1776.9928389168283,202.48734029002014,585.1471727290934
1631,0.0,0.0,104.0,0.0,0.1139494407942842,0.32929067574958365,1776.9928389168283,202.48734029002014,585.1471727290934
2407,0.0,0.0,104.0,0.0,0.1139494407942842,0.32929067574958365,1776.9928389168283,202.48734029002014,585.1471727290934
4210,0.0,0.0,104.0,0.0,0.1139494407942842,0.32929067574958365,1776.9928389168283,202.48734029002014,585.1471727290934
4263,0.0,0.0,104.0,0.0,0.1139494407942842,0.32929067574958365,1776.9928389168283,202.48734029002014,585.1471727290934
4223,0.0,0.0,105.0,0.0,0.11342762557614078,0.32817081023422956,1776.9928389168283,201.56007838414143,583.1571797277593
1356,0.0,0.0,105.0,0.0,0.11342762557614078,0.32817081023422956,1776.9928389168283,201.56007838414143,583.1571797277593
8826,0.0,0.0,105.0,0.0,0.11342762557614078,0.32817081023422956,1776.9928389168283,201.56007838414143,583.1571797277593
6434,0.0,0.0,105.0,0.0,0.11342762557614078,0.32817081023422956,1776.9928389168283,201.56007838414143,583.1571797277593
4265,0.0,0.0,105.0,0.0,0.11342762557614078,0.32817081023422956,1776.9928389168283,201.56007838414143,583.1571797277593
1798,0.0,0.0,105.0,0.0,0.11342762557614078,0.32817081023422956,1776.9928389168283,201.56007838414143,583.1571797277593
8776,0.0,0.0,105.0,0.0,0.11342762557614078,0.32817081023422956,1776.9928389168283,201.56007838414143,583.1571797277593
8670,0.0,0.0,105.0,0.0,0.11342762557614078,0.32817081023422956,1776.9928389168283,201.56007838414143,583.1571797277593
1096,1.0,123.0,258.0,4085.96,0.08205827986070038,0.23114114436143637,2519.5875702639264,206.75302197425935,582.3803543096549
5484,1.0,159.0,197.0,1415.66,0.13143585334058697,0.35048463658388357,1660.2516585405488,218.21659350040184,581.8926991813742
6633,1.0,95.0,111.0,363.93,0.18484624255090568,0.4401282848600859,1321.791800683067,244.3282477908606,581.7579581767628
5109,1.0,153.0,202.0,1643.76,0.12519296039709285,0.33554977590716745,1733.6570891903207,217.04166330914308,581.7282477776843
3403,1.0,141.0,230.0,2661.62,0.1025456130275691,0.2822127514766135,2061.2171577619356,211.3687770256413,581.7017654828007
9266,0.0,0.0,106.0,0.0,0.11291059381345818,0.32705890330758247,1776.9928389168283,200.64131664436192,581.1813290815654
9597,0.0,0.0,106.0,0.0,0.11291059381345818,0.32705890330758247,1776.9928389168283,200.64131664436192,581.1813290815654
1079,0.0,0.0,106.0,0.0,0.11291059381345818,0.32705890330758247,1776.9928389168283,200.64131664436192,581.1813290815654
3259,0.0,0.0,106.0,0.0,0.11291059381345818,0.32705890330758247,1776.9928389168283,200.64131664436192,581.1813290815654
2223,0.0,0.0,106.0,0.0,0.11291059381345818,0.32705890330758247,1776.9928389168283,200.64131664436192,581.1813290815654
8166,0.0,0.0,106.0,0.0,0.11291059381345818,0.32705890330758247,1776.9928389168283,200.64131664436192,581.1813290815654
2992,1.0,130.0,136.0,407.46,0.17560554412125556,0.43468809995442415,1335.800298693526,234.57393828941233,580.6564937576411
1458,1.0,142.0,164.0,881.08,0.15176607812368323,0.38993013589038306,1488.2171336972406,225.86087777769933,580.3007091769614
6828,0.0,0.0,107.0,0.0,0.11239827967202097,0.32595486638086363,1776.9928389168283,199.73093808375216,579.2194633688863
8498,0.0,0.0,107.0,0.0,0.11239827967202097,0.32595486638086363,1776.9928389168283,199.73093808375216,579.2194633688863
8476,0.0,0.0,107.0,0.0,0.11239827967202097,0.32595486638086363,1776.9928389168283,199.73093808375216,579.2194633688863
8018,0.0,0.0,107.0,0.0,0.11239827967202097,0.32595486638086363,1776.9928389168283,199.73093808375216,579.2194633688863
8058,0.0,0.0,107.0,0.0,0.11239827967202097,0.32595486638086363,1776.9928389168283,199.73093808375216,579.2194633688863
6191,1.0,32.0,84.0,1098.02,0.16384353694553536,0.37127401341218763,1558.0311368763882,255.27333213710097,578.4564732092501
3962,1.0,168.0,211.0,1573.94,0.12497707369029598,0.3379522093016448,1711.1881406240586,213.85928634873355,578.2998126546743
1566,0.0,0.0,108.0,0.0,0.11189061852678332,0.32485861223431783,1776.9928389168283,198.82882786406856,577.2714276008415
1336,0.0,0.0,108.0,0.0,0.11189061852678332,0.32485861223431783,1776.9928389168283,198.82882786406856,577.2714276008415
1936,0.0,0.0,108.0,0.0,0.11189061852678332,0.32485861223431783,1776.9928389168283,198.82882786406856,577.2714276008415
9263,0.0,0.0,108.0,0.0,0.11189061852678332,0.32485861223431783,1776.9928389168283,198.82882786406856,577.2714276008415
5422,0.0,0.0,108.0,0.0,0.11189061852678332,0.32485861223431783,1776.9928389168283,198.82882786406856,577.2714276008415
1152,0.0,0.0,108.0,0.0,0.11189061852678332,0.32485861223431783,1776.9928389168283,198.82882786406856,577.2714276008415
2708,0.0,0.0,108.0,0.0,0.11189061852678332,0.32485861223431783,1776.9928389168283,198.82882786406856,577.2714276008415
4229,0.0,0.0,108.0,0.0,0.11189061852678332,0.32485861223431783,1776.9928389168283,198.82882786406856,577.2714276008415
9155,0.0,0.0,108.0,0.0,0.11189061852678332,0.32485861223431783,1776.9928389168283,198.82882786406856,577.2714276008415
6229,0.0,0.0,108.0,0.0,0.11189061852678332,0.32485861223431783,1776.9928389168283,198.82882786406856,577.2714276008415
1213,0.0,0.0,108.0,0.0,0.11189061852678332,0.32485861223431783,1776.9928389168283,198.82882786406856,577.2714276008415
1834,1.0,197.0,232.0,1601.18,0.1216920471500815,0.33546907162652456,1719.9543130523723,209.30476135995534,576.9914766397161
1188,2.0,237.0,256.0,473.95,0.20273376983693434,0.5046448904659088,1143.2037976800639,231.76601559557932,576.9119552604668
2066,1.0,150.0,189.0,1320.76,0.13369430371173985,0.35351492816970637,1629.711652540264,217.8831646372795,576.1273977851049
1278,1.0,241.0,323.0,3023.34,0.0897370017269454,0.26421669827383215,2177.6231743101102,195.41337455370268,575.364405200799
8111,0.0,0.0,109.0,0.0,0.11138754693408175,0.323770054989808,1776.9928389168283,197.9348732463754,575.3370691725966
5696,0.0,0.0,109.0,0.0,0.11138754693408175,0.323770054989808,1776.9928389168283,197.9348732463754,575.3370691725966
4952,0.0,0.0,109.0,0.0,0.11138754693408175,0.323770054989808,1776.9928389168283,197.9348732463754,575.3370691725966
5933,0.0,0.0,109.0,0.0,0.11138754693408175,0.323770054989808,1776.9928389168283,197.9348732463754,575.3370691725966
5813,0.0,0.0,109.0,0.0,0.11138754693408175,0.323770054989808,1776.9928389168283,197.9348732463754,575.3370691725966
8333,0.0,0.0,109.0,0.0,0.11138754693408175,0.323770054989808,1776.9928389168283,197.9348732463754,575.3370691725966
4676,0.0,0.0,109.0,0.0,0.11138754693408175,0.323770054989808,1776.9928389168283,197.9348732463754,575.3370691725966
3566,0.0,0.0,109.0,0.0,0.11138754693408175,0.323770054989808,1776.9928389168283,197.9348732463754,575.3370691725966
7111,2.0,144.0,186.0,601.9549999999999,0.20778573329006741,0.47711419836062224,1205.413071409704,250.4676389602977,575.1196912590564
8846,2.0,265.0,313.0,909.565,0.16187524355594546,0.423913149574282,1354.9087527656857,219.32618435002766,574.363636770664
6658,1.0,110.0,218.0,3061.65,0.0962767544526837,0.2621034466341058,2189.9518110842855,210.84145277897173,573.9939176477933
1958,1.0,313.0,327.0,2107.46,0.1032061964606634,0.3045821407904196,1882.8815442201462,194.3250425649417,573.4920915933433
5777,0.0,0.0,110.0,0.0,0.11088900260461858,0.32268911008407103,1776.9928389168283,197.04896354303673,573.4162378158383
8059,0.0,0.0,110.0,0.0,0.11088900260461858,0.32268911008407103,1776.9928389168283,197.04896354303673,573.4162378158383
9558,0.0,0.0,110.0,0.0,0.11088900260461858,0.32268911008407103,1776.9928389168283,197.04896354303673,573.4162378158383
3057,0.0,0.0,110.0,0.0,0.11088900260461858,0.32268911008407103,1776.9928389168283,197.04896354303673,573.4162378158383
2448,0.0,0.0,110.0,0.0,0.11088900260461858,0.32268911008407103,1776.9928389168283,197.04896354303673,573.4162378158383
4687,0.0,0.0,110.0,0.0,0.11088900260461858,0.32268911008407103,1776.9928389168283,197.04896354303673,573.4162378158383
7976,0.0,0.0,110.0,0.0,0.11088900260461858,0.32268911008407103,1776.9928389168283,197.04896354303673,573.4162378158383
8509,0.0,0.0,110.0,0.0,0.11088900260461858,0.32268911008407103,1776.9928389168283,197.04896354303673,573.4162378158383
9305,1.0,182.0,189.0,817.36,0.14748217770136648,0.3899542779508253,1467.7112413649127,216.46125011327325,572.340277366764
5446,2.0,119.0,196.0,1297.9650000000001,0.15926807564508122,0.37065107081385873,1543.667644344852,245.85697515038024,572.1620653571263
1943,1.0,12.0,118.0,3618.8,0.10015102508946155,0.24131007920796757,2369.2496439932106,237.2827805387619,571.7238192554506
1899,0.0,0.0,111.0,0.0,0.11039492437718734,0.3216156942426513,1776.9928389168283,196.17099007102672,571.5087855524556
2182,0.0,0.0,111.0,0.0,0.11039492437718734,0.3216156942426513,1776.9928389168283,196.17099007102672,571.5087855524556
4409,0.0,0.0,111.0,0.0,0.11039492437718734,0.3216156942426513,1776.9928389168283,196.17099007102672,571.5087855524556
1865,0.0,0.0,111.0,0.0,0.11039492437718734,0.3216156942426513,1776.9928389168283,196.17099007102672,571.5087855524556
4998,0.0,0.0,111.0,0.0,0.11039492437718734,0.3216156942426513,1776.9928389168283,196.17099007102672,571.5087855524556
7639,1.0,270.0,297.0,1974.19,0.1071283986190968,0.3102863616821652,1839.9935926958344,197.11556705490338,570.9249173960862
2193,1.0,39.0,69.0,300.04,0.19977794552895556,0.4384299911304095,1301.2312002261888,259.95729583936503,570.49878357378
8327,2.0,247.0,329.0,1357.135,0.13665060816950717,0.36235643949415247,1572.423729861681,214.87265898576356,569.7778641287938
5179,0.0,0.0,112.0,0.0,0.1099052521931144,0.3205497254544598,1776.9928389168283,195.30084610651232,569.6145666493304
5352,0.0,0.0,112.0,0.0,0.1099052521931144,0.3205497254544598,1776.9928389168283,195.30084610651232,569.6145666493304
5400,0.0,0.0,112.0,0.0,0.1099052521931144,0.3205497254544598,1776.9928389168283,195.30084610651232,569.6145666493304
4670,0.0,0.0,112.0,0.0,0.1099052521931144,0.3205497254544598,1776.9928389168283,195.30084610651232,569.6145666493304
9142,0.0,0.0,112.0,0.0,0.1099052521931144,0.3205497254544598,1776.9928389168283,195.30084610651232,569.6145666493304
3200,2.0,144.0,211.0,1035.23,0.1695499941991398,0.40195601639729367,1415.980807632555,240.079537720193,569.1620047310045
3078,0.0,0.0,113.0,0.0,0.10941992707139699,0.31949112294696547,1776.9928389168283,194.43842684067405,567.7334375742536
1706,0.0,0.0,113.0,0.0,0.10941992707139699,0.31949112294696547,1776.9928389168283,194.43842684067405,567.7334375742536
1937,0.0,0.0,113.0,0.0,0.10941992707139699,0.31949112294696547,1776.9928389168283,194.43842684067405,567.7334375742536
8982,0.0,0.0,113.0,0.0,0.10941992707139699,0.31949112294696547,1776.9928389168283,194.43842684067405,567.7334375742536
5425,0.0,0.0,113.0,0.0,0.10941992707139699,0.31949112294696547,1776.9928389168283,194.43842684067405,567.7334375742536
6112,0.0,0.0,113.0,0.0,0.10941992707139699,0.31949112294696547,1776.9928389168283,194.43842684067405,567.7334375742536
9589,0.0,0.0,113.0,0.0,0.10941992707139699,0.31949112294696547,1776.9928389168283,194.43842684067405,567.7334375742536
6208,0.0,0.0,113.0,0.0,0.10941992707139699,0.31949112294696547,1776.9928389168283,194.43842684067405,567.7334375742536
8184,0.0,0.0,113.0,0.0,0.10941992707139699,0.31949112294696547,1776.9928389168283,194.43842684067405,567.7334375742536
3939,0.0,0.0,113.0,0.0,0.10941992707139699,0.31949112294696547,1776.9928389168283,194.43842684067405,567.7334375742536
1996,0.0,0.0,113.0,0.0,0.10941992707139699,0.31949112294696547,1776.9928389168283,194.43842684067405,567.7334375742536
7126,1.0,197.0,250.0,1922.08,0.11112272139320675,0.3110003631379227,1823.2239434579644,202.60160630630313,567.0233084971824
6864,1.0,233.0,237.0,1144.73,0.1299713936802764,0.3598312984258877,1573.0629986284773,204.45319027861794,566.0373013022054
5791,0.0,0.0,114.0,0.0,0.10893889108451542,0.31843980716197456,1776.9928389168283,193.58362933672421,565.8652569528846
9987,0.0,0.0,114.0,0.0,0.10893889108451542,0.31843980716197456,1776.9928389168283,193.58362933672421,565.8652569528846
9695,0.0,0.0,114.0,0.0,0.10893889108451542,0.31843980716197456,1776.9928389168283,193.58362933672421,565.8652569528846
9785,0.0,0.0,114.0,0.0,0.10893889108451542,0.31843980716197456,1776.9928389168283,193.58362933672421,565.8652569528846
4089,0.0,0.0,114.0,0.0,0.10893889108451542,0.31843980716197456,1776.9928389168283,193.58362933672421,565.8652569528846
9888,0.0,0.0,114.0,0.0,0.10893889108451542,0.31843980716197456,1776.9928389168283,193.58362933672421,565.8652569528846
1881,0.0,0.0,114.0,0.0,0.10893889108451542,0.31843980716197456,1776.9928389168283,193.58362933672421,565.8652569528846
9924,1.0,226.0,293.0,2449.96,0.09826540470275293,0.2838666210244782,1993.1023245688953,195.8530065377601,565.7752222314051
1382,1.0,61.0,167.0,2932.85,0.10181208467289626,0.2625911708115977,2148.502361423218,218.74350434113825,564.1777505776054
4900,1.0,148.0,193.0,1347.18,0.12967971785855684,0.3443657697988128,1638.2139387207485,212.4431213652618,564.1448041027156
2758,0.0,0.0,115.0,0.0,0.10846208733489292,0.31739569973200793,1776.9928389168283,192.73635248807634,564.0098855267739
8503,0.0,0.0,115.0,0.0,0.10846208733489292,0.31739569973200793,1776.9928389168283,192.73635248807634,564.0098855267739
8850,0.0,0.0,115.0,0.0,0.10846208733489292,0.31739569973200793,1776.9928389168283,192.73635248807634,564.0098855267739
8899,0.0,0.0,115.0,0.0,0.10846208733489292,0.31739569973200793,1776.9928389168283,192.73635248807634,564.0098855267739
3930,0.0,0.0,115.0,0.0,0.10846208733489292,0.31739569973200793,1776.9928389168283,192.73635248807634,564.0098855267739
4813,0.0,0.0,115.0,0.0,0.10846208733489292,0.31739569973200793,1776.9928389168283,192.73635248807634,564.0098855267739
1969,0.0,0.0,115.0,0.0,0.10846208733489292,0.31739569973200793,1776.9928389168283,192.73635248807634,564.0098855267739
6156,0.0,0.0,115.0,0.0,0.10846208733489292,0.31739569973200793,1776.9928389168283,192.73635248807634,564.0098855267739
2824,2.0,245.0,329.0,1353.8899999999999,0.13538587562350204,0.3590056090218797,1570.846689173798,212.6704544840738,563.9427723268427
7100,1.0,38.0,111.0,1746.75,0.13393809979613555,0.3189786234338221,1766.8005582943163,236.64190949669214,563.5716099668293
8978,1.0,202.0,289.0,2744.68,0.0936598912269141,0.2698346673537869,2087.946903793371,195.5568798968592,563.4004582374536
1948,0.0,0.0,116.0,0.0,0.10798945993199434,0.31635872345724947,1776.9928389168283,191.8964969776497,562.1671861124015
4858,0.0,0.0,116.0,0.0,0.10798945993199434,0.31635872345724947,1776.9928389168283,191.8964969776497,562.1671861124015
3320,0.0,0.0,116.0,0.0,0.10798945993199434,0.31635872345724947,1776.9928389168283,191.8964969776497,562.1671861124015
5902,0.0,0.0,116.0,0.0,0.10798945993199434,0.31635872345724947,1776.9928389168283,191.8964969776497,562.1671861124015
9327,0.0,0.0,116.0,0.0,0.10798945993199434,0.31635872345724947,1776.9928389168283,191.8964969776497,562.1671861124015
6378,0.0,0.0,116.0,0.0,0.10798945993199434,0.31635872345724947,1776.9928389168283,191.8964969776497,562.1671861124015
5903,0.0,0.0,116.0,0.0,0.10798945993199434,0.31635872345724947,1776.9928389168283,191.8964969776497,562.1671861124015
6177,0.0,0.0,116.0,0.0,0.10798945993199434,0.31635872345724947,1776.9928389168283,191.8964969776497,562.1671861124015
8034,0.0,0.0,116.0,0.0,0.10798945993199434,0.31635872345724947,1776.9928389168283,191.8964969776497,562.1671861124015
7040,0.0,0.0,116.0,0.0,0.10798945993199434,0.31635872345724947,1776.9928389168283,191.8964969776497,562.1671861124015
9732,1.0,221.0,249.0,1497.62,0.11905056101549218,0.3329100029934668,1686.627410824873,200.79393948280816,561.4951363865716
7807,2.0,348.0,362.0,658.54,0.16752844635052908,0.4546517058286388,1232.9128702768642,206.54797764305445,560.5459396094595
9569,0.0,0.0,117.0,0.0,0.10752095397002978,0.31532880228302607,1776.9928389168283,191.06396523824884,560.3370235611577
7608,0.0,0.0,117.0,0.0,0.10752095397002978,0.31532880228302607,1776.9928389168283,191.06396523824884,560.3370235611577
3716,0.0,0.0,117.0,0.0,0.10752095397002978,0.31532880228302607,1776.9928389168283,191.06396523824884,560.3370235611577
2931,0.0,0.0,117.0,0.0,0.10752095397002978,0.31532880228302607,1776.9928389168283,191.06396523824884,560.3370235611577
9977,0.0,0.0,117.0,0.0,0.10752095397002978,0.31532880228302607,1776.9928389168283,191.06396523824884,560.3370235611577
8650,0.0,0.0,117.0,0.0,0.10752095397002978,0.31532880228302607,1776.9928389168283,191.06396523824884,560.3370235611577
9019,1.0,287.0,299.0,1711.82,0.11002432367153828,0.31909104689482315,1755.559647761235,193.15426290997385,560.1833658904395
8651,1.0,197.0,363.0,4851.65,0.06722779620531905,0.2024130023251963,2765.996181374083,185.95182758610753,559.8735914919563
7724,1.0,134.0,150.0,516.07,0.1617972196147655,0.40833907214955983,1370.7523540327309,221.78391966289055,559.7317443925502
5924,2.0,304.0,304.0,376.98,0.19608326709102478,0.509674594248677,1096.0772536109857,214.9224088721998,558.6427294993834
6788,0.0,0.0,118.0,0.0,0.10705651550625536,0.31430586127785504,1776.9928389168283,190.23866141400416,558.5192647203345
4995,0.0,0.0,118.0,0.0,0.10705651550625536,0.31430586127785504,1776.9928389168283,190.23866141400416,558.5192647203345
5876,0.0,0.0,118.0,0.0,0.10705651550625536,0.31430586127785504,1776.9928389168283,190.23866141400416,558.5192647203345
7454,0.0,0.0,118.0,0.0,0.10705651550625536,0.31430586127785504,1776.9928389168283,190.23866141400416,558.5192647203345
4642,0.0,0.0,118.0,0.0,0.10705651550625536,0.31430586127785504,1776.9928389168283,190.23866141400416,558.5192647203345
7761,0.0,0.0,118.0,0.0,0.10705651550625536,0.31430586127785504,1776.9928389168283,190.23866141400416,558.5192647203345
9096,0.0,0.0,118.0,0.0,0.10705651550625536,0.31430586127785504,1776.9928389168283,190.23866141400416,558.5192647203345
1067,0.0,0.0,118.0,0.0,0.10705651550625536,0.31430586127785504,1776.9928389168283,190.23866141400416,558.5192647203345
4582,0.0,0.0,118.0,0.0,0.10705651550625536,0.31430586127785504,1776.9928389168283,190.23866141400416,558.5192647203345
6092,0.0,0.0,118.0,0.0,0.10705651550625536,0.31430586127785504,1776.9928389168283,190.23866141400416,558.5192647203345
6465,0.0,0.0,118.0,0.0,0.10705651550625536,0.31430586127785504,1776.9928389168283,190.23866141400416,558.5192647203345
3617,0.0,0.0,118.0,0.0,0.10705651550625536,0.31430586127785504,1776.9928389168283,190.23866141400416,558.5192647203345
5580,0.0,0.0,118.0,0.0,0.10705651550625536,0.31430586127785504,1776.9928389168283,190.23866141400416,558.5192647203345
7411,2.0,230.0,256.0,463.89500000000004,0.19680352696982126,0.4899004416509064,1138.3171585069726,224.02483160443728,557.6620786913708
3437,1.0,260.0,286.0,1737.48,0.10994987200467483,0.3160949974075572,1763.8173564437172,193.93149258061064,557.5338427124811
6210,2.0,203.0,229.0,397.25,0.20820746342528498,0.5038211562951809,1105.928290511881,230.2625240977404,557.1900701052485
1404,1.0,115.0,146.0,704.48,0.15493802416414276,0.3889467806631901,1431.3850466619463,221.77597094790124,556.7326057885941
8634,0.0,0.0,119.0,0.0,0.10659609153984222,0.3132898266119697,1776.9928389168283,189.42049132282233,556.713778394965
1422,0.0,0.0,119.0,0.0,0.10659609153984222,0.3132898266119697,1776.9928389168283,189.42049132282233,556.713778394965
6213,0.0,0.0,119.0,0.0,0.10659609153984222,0.3132898266119697,1776.9928389168283,189.42049132282233,556.713778394965
5317,0.0,0.0,119.0,0.0,0.10659609153984222,0.3132898266119697,1776.9928389168283,189.42049132282233,556.713778394965
5847,0.0,0.0,119.0,0.0,0.10659609153984222,0.3132898266119697,1776.9928389168283,189.42049132282233,556.713778394965
9909,0.0,0.0,119.0,0.0,0.10659609153984222,0.3132898266119697,1776.9928389168283,189.42049132282233,556.713778394965
3134,0.0,0.0,119.0,0.0,0.10659609153984222,0.3132898266119697,1776.9928389168283,189.42049132282233,556.713778394965
5119,1.0,9.0,76.0,1587.83,0.1452466595245261,0.3237588717616983,1715.6581162125037,249.19361026600734,555.4595360337609
5183,0.0,0.0,120.0,0.0,0.10613962999131159,0.3122806255364019,1776.9928389168283,188.6093624198425,554.9204353106538
2940,0.0,0.0,120.0,0.0,0.10613962999131159,0.3122806255364019,1776.9928389168283,188.6093624198425,554.9204353106538
9039,0.0,0.0,120.0,0.0,0.10613962999131159,0.3122806255364019,1776.9928389168283,188.6093624198425,554.9204353106538
1041,0.0,0.0,120.0,0.0,0.10613962999131159,0.3122806255364019,1776.9928389168283,188.6093624198425,554.9204353106538
3850,0.0,0.0,120.0,0.0,0.10613962999131159,0.3122806255364019,1776.9928389168283,188.6093624198425,554.9204353106538
6556,0.0,0.0,120.0,0.0,0.10613962999131159,0.3122806255364019,1776.9928389168283,188.6093624198425,554.9204353106538
3393,0.0,0.0,120.0,0.0,0.10613962999131159,0.3122806255364019,1776.9928389168283,188.6093624198425,554.9204353106538
7574,1.0,141.0,349.0,6219.12,0.05786650378979974,0.17294584205791202,3206.06511715072,185.5237792519469,554.4756313781297
2818,1.0,159.0,222.0,1771.53,0.11425541165224373,0.31217662832679866,1774.7750719791072,202.7776564391134,554.0432980088891
2314,1.0,207.0,253.0,1701.29,0.11257228999973773,0.3158123378419986,1752.1709621639343,197.2458976818379,553.3572078598561
3935,0.0,0.0,121.0,0.0,0.10568707968249783,0.31127818636251836,1776.9928389168283,187.80518376183085,553.139108077213
2120,0.0,0.0,121.0,0.0,0.10568707968249783,0.31127818636251836,1776.9928389168283,187.80518376183085,553.139108077213
8077,0.0,0.0,121.0,0.0,0.10568707968249783,0.31127818636251836,1776.9928389168283,187.80518376183085,553.139108077213
2510,0.0,0.0,121.0,0.0,0.10568707968249783,0.31127818636251836,1776.9928389168283,187.80518376183085,553.139108077213
5605,0.0,0.0,121.0,0.0,0.10568707968249783,0.31127818636251836,1776.9928389168283,187.80518376183085,553.139108077213
2914,0.0,0.0,121.0,0.0,0.10568707968249783,0.31127818636251836,1776.9928389168283,187.80518376183085,553.139108077213
4478,0.0,0.0,121.0,0.0,0.10568707968249783,0.31127818636251836,1776.9928389168283,187.80518376183085,553.139108077213
6532,0.0,0.0,121.0,0.0,0.10568707968249783,0.31127818636251836,1776.9928389168283,187.80518376183085,553.139108077213
7353,0.0,0.0,121.0,0.0,0.10568707968249783,0.31127818636251836,1776.9928389168283,187.80518376183085,553.139108077213
3835,0.0,0.0,121.0,0.0,0.10568707968249783,0.31127818636251836,1776.9928389168283,187.80518376183085,553.139108077213
7537,0.0,0.0,121.0,0.0,0.10568707968249783,0.31127818636251836,1776.9928389168283,187.80518376183085,553.139108077213
7246,0.0,0.0,122.0,0.0,0.1052383903170436,0.3102824384420444,1776.9928389168283,187.00786597252056,551.3696711531645
4800,0.0,0.0,122.0,0.0,0.1052383903170436,0.3102824384420444,1776.9928389168283,187.00786597252056,551.3696711531645
8515,0.0,0.0,122.0,0.0,0.1052383903170436,0.3102824384420444,1776.9928389168283,187.00786597252056,551.3696711531645
9016,0.0,0.0,122.0,0.0,0.1052383903170436,0.3102824384420444,1776.9928389168283,187.00786597252056,551.3696711531645
3422,0.0,0.0,122.0,0.0,0.1052383903170436,0.3102824384420444,1776.9928389168283,187.00786597252056,551.3696711531645
1778,0.0,0.0,122.0,0.0,0.1052383903170436,0.3102824384420444,1776.9928389168283,187.00786597252056,551.3696711531645
4569,0.0,0.0,122.0,0.0,0.1052383903170436,0.3102824384420444,1776.9928389168283,187.00786597252056,551.3696711531645
5521,0.0,0.0,122.0,0.0,0.1052383903170436,0.3102824384420444,1776.9928389168283,187.00786597252056,551.3696711531645
1548,0.0,0.0,122.0,0.0,0.1052383903170436,0.3102824384420444,1776.9928389168283,187.00786597252056,551.3696711531645
4466,0.0,0.0,122.0,0.0,0.1052383903170436,0.3102824384420444,1776.9928389168283,187.00786597252056,551.3696711531645
5729,0.0,0.0,122.0,0.0,0.1052383903170436,0.3102824384420444,1776.9928389168283,187.00786597252056,551.3696711531645
2376,0.0,0.0,122.0,0.0,0.1052383903170436,0.3102824384420444,1776.9928389168283,187.00786597252056,551.3696711531645
3322,1.0,89.0,108.0,176.5,0.18442447406492898,0.43689907198704675,1261.4744843012718,232.64676831358958,551.137031526564
5502,0.0,0.0,123.0,0.0,0.10479351246140015,0.3092933121475564,1776.9928389168283,186.21732120884946,549.612000811075
8490,0.0,0.0,123.0,0.0,0.10479351246140015,0.3092933121475564,1776.9928389168283,186.21732120884946,549.612000811075
1080,0.0,0.0,123.0,0.0,0.10479351246140015,0.3092933121475564,1776.9928389168283,186.21732120884946,549.612000811075
1400,0.0,0.0,123.0,0.0,0.10479351246140015,0.3092933121475564,1776.9928389168283,186.21732120884946,549.612000811075
8505,0.0,0.0,123.0,0.0,0.10479351246140015,0.3092933121475564,1776.9928389168283,186.21732120884946,549.612000811075
3632,0.0,0.0,123.0,0.0,0.10479351246140015,0.3092933121475564,1776.9928389168283,186.21732120884946,549.612000811075
9348,2.0,206.0,319.0,1772.71,0.11749871884487387,0.30924097037416204,1774.3894259688088,208.4884842832262,548.7139079082468
6166,1.0,110.0,131.0,362.27,0.16895981600708704,0.4152071448455347,1321.257591937434,223.23943963171573,548.5955923538286
3387,0.0,0.0,124.0,0.0,0.10435239752631233,0.30831073885343957,1776.9928389168283,185.43346312805915,547.8659751037185
2840,0.0,0.0,124.0,0.0,0.10435239752631233,0.30831073885343957,1776.9928389168283,185.43346312805915,547.8659751037185
6170,0.0,0.0,124.0,0.0,0.10435239752631233,0.30831073885343957,1776.9928389168283,185.43346312805915,547.8659751037185
9352,0.0,0.0,124.0,0.0,0.10435239752631233,0.30831073885343957,1776.9928389168283,185.43346312805915,547.8659751037185
3876,0.0,0.0,124.0,0.0,0.10435239752631233,0.30831073885343957,1776.9928389168283,185.43346312805915,547.8659751037185
3915,0.0,0.0,124.0,0.0,0.10435239752631233,0.30831073885343957,1776.9928389168283,185.43346312805915,547.8659751037185
5681,0.0,0.0,124.0,0.0,0.10435239752631233,0.30831073885343957,1776.9928389168283,185.43346312805915,547.8659751037185
6637,1.0,45.0,103.0,1051.33,0.1509588488039122,0.3545713308846308,1543.0057113742378,232.93036588691655,547.1055886445499
7060,1.0,57.0,148.0,2192.36,0.11373571746603223,0.2863325639796832,1910.2034252467404,217.25835707651026,546.9534444736723
9845,1.0,107.0,301.0,5791.0,0.061318815982804455,0.17810277516497572,3068.2907507772875,188.1439559286534,546.4710977264618
7832,0.0,0.0,125.0,0.0,0.1039149977487887,0.3073346509172442,1776.9928389168283,184.65620685565585,546.1314738309462
1047,0.0,0.0,125.0,0.0,0.1039149977487887,0.3073346509172442,1776.9928389168283,184.65620685565585,546.1314738309462
4240,0.0,0.0,125.0,0.0,0.1039149977487887,0.3073346509172442,1776.9928389168283,184.65620685565585,546.1314738309462
5837,0.0,0.0,125.0,0.0,0.1039149977487887,0.3073346509172442,1776.9928389168283,184.65620685565585,546.1314738309462
5703,0.0,0.0,125.0,0.0,0.1039149977487887,0.3073346509172442,1776.9928389168283,184.65620685565585,546.1314738309462
3573,0.0,0.0,125.0,0.0,0.1039149977487887,0.3073346509172442,1776.9928389168283,184.65620685565585,546.1314738309462
7204,0.0,0.0,125.0,0.0,0.1039149977487887,0.3073346509172442,1776.9928389168283,184.65620685565585,546.1314738309462
2240,0.0,0.0,125.0,0.0,0.1039149977487887,0.3073346509172442,1776.9928389168283,184.65620685565585,546.1314738309462
2631,0.0,0.0,125.0,0.0,0.1039149977487887,0.3073346509172442,1776.9928389168283,184.65620685565585,546.1314738309462
9930,0.0,0.0,125.0,0.0,0.1039149977487887,0.3073346509172442,1776.9928389168283,184.65620685565585,546.1314738309462
8427,0.0,0.0,125.0,0.0,0.1039149977487887,0.3073346509172442,1776.9928389168283,184.65620685565585,546.1314738309462
8912,0.0,0.0,125.0,0.0,0.1039149977487887,0.3073346509172442,1776.9928389168283,184.65620685565585,546.1314738309462
3184,0.0,0.0,125.0,0.0,0.1039149977487887,0.3073346509172442,1776.9928389168283,184.65620685565585,546.1314738309462
4694,0.0,0.0,125.0,0.0,0.1039149977487887,0.3073346509172442,1776.9928389168283,184.65620685565585,546.1314738309462
5569,0.0,0.0,125.0,0.0,0.1039149977487887,0.3073346509172442,1776.9928389168283,184.65620685565585,546.1314738309462
8773,0.0,0.0,125.0,0.0,0.1039149977487887,0.3073346509172442,1776.9928389168283,184.65620685565585,546.1314738309462
5817,0.0,0.0,125.0,0.0,0.1039149977487887,0.3073346509172442,1776.9928389168283,184.65620685565585,546.1314738309462
2689,2.0,131.0,193.0,825.9250000000001,0.17921372258135274,0.4154044901873357,1314.2604682865867,235.5335109631511,545.9496998019587
3989,1.0,267.0,355.0,2984.42,0.08402231437356962,0.2519028026536322,2165.0982319125214,181.91656429141364,545.3943126391879
8291,1.0,126.0,145.0,412.02,0.1626677035366894,0.4077851334212451,1337.267763681526,217.53027613171813,545.3179134328012
1167,1.0,205.0,222.0,990.64,0.13094594755222552,0.35775841475079206,1523.4749109089503,199.49286578101484,545.0359690393902
5740,2.0,63.0,185.0,3045.59,0.09922703644185367,0.22770183350050932,2392.9976080318424,237.4500608574443,544.8899429111837
8684,0.0,0.0,126.0,0.0,0.10348126617453064,0.30636498166151527,1776.9928389168283,183.88546895418716,544.4083785073981
6884,0.0,0.0,126.0,0.0,0.10348126617453064,0.30636498166151527,1776.9928389168283,183.88546895418716,544.4083785073981
5022,0.0,0.0,126.0,0.0,0.10348126617453064,0.30636498166151527,1776.9928389168283,183.88546895418716,544.4083785073981
6282,0.0,0.0,126.0,0.0,0.10348126617453064,0.30636498166151527,1776.9928389168283,183.88546895418716,544.4083785073981
8840,0.0,0.0,126.0,0.0,0.10348126617453064,0.30636498166151527,1776.9928389168283,183.88546895418716,544.4083785073981
2438,0.0,0.0,126.0,0.0,0.10348126617453064,0.30636498166151527,1776.9928389168283,183.88546895418716,544.4083785073981
3282,0.0,0.0,126.0,0.0,0.10348126617453064,0.30636498166151527,1776.9928389168283,183.88546895418716,544.4083785073981
4013,1.0,186.0,198.0,728.82,0.14169540981103604,0.3782181063220219,1439.2179628478991,203.9305790531375,544.3382924929705
4071,1.0,137.0,210.0,1801.24,0.11290342816287359,0.30502263915543376,1784.3361212759346,201.45766508689798,544.2629128519557
3021,1.0,23.0,127.0,2958.47,0.10323642341532582,0.25225255465181545,2156.747197605797,222.65486689184942,544.0449903342061
5533,2.0,248.0,318.0,1026.365,0.1462531144144225,0.3845490253933847,1411.6724977101921,206.46149932330235,542.8572831690994
2266,0.0,0.0,127.0,0.0,0.1030511566408097,0.3054016653560134,1776.9928389168283,183.1211673928152,542.6965723309094
2078,0.0,0.0,127.0,0.0,0.1030511566408097,0.3054016653560134,1776.9928389168283,183.1211673928152,542.6965723309094
7012,0.0,0.0,127.0,0.0,0.1030511566408097,0.3054016653560134,1776.9928389168283,183.1211673928152,542.6965723309094
1225,0.0,0.0,127.0,0.0,0.1030511566408097,0.3054016653560134,1776.9928389168283,183.1211673928152,542.6965723309094
9978,1.0,95.0,253.0,4425.04,0.07350093833927812,0.20623286422682827,2628.7077518716787,193.21248638230267,542.1259288837629
1618,1.0,139.0,171.0,773.4,0.1436846344120523,0.3722975280135836,1453.5643639805883,208.85486423293813,541.1584195186099
4653,0.0,0.0,128.0,0.0,0.10262462375978028,0.30444463720033543,1776.9928389168283,182.36322151766333,540.9959401516279
6507,0.0,0.0,128.0,0.0,0.10262462375978028,0.30444463720033543,1776.9928389168283,182.36322151766333,540.9959401516279
2848,0.0,0.0,128.0,0.0,0.10262462375978028,0.30444463720033543,1776.9928389168283,182.36322151766333,540.9959401516279
7905,0.0,0.0,128.0,0.0,0.10262462375978028,0.30444463720033543,1776.9928389168283,182.36322151766333,540.9959401516279
3920,0.0,0.0,128.0,0.0,0.10262462375978028,0.30444463720033543,1776.9928389168283,182.36322151766333,540.9959401516279
4636,0.0,0.0,128.0,0.0,0.10262462375978028,0.30444463720033543,1776.9928389168283,182.36322151766333,540.9959401516279
4598,0.0,0.0,128.0,0.0,0.10262462375978028,0.30444463720033543,1776.9928389168283,182.36322151766333,540.9959401516279
6026,0.0,0.0,128.0,0.0,0.10262462375978028,0.30444463720033543,1776.9928389168283,182.36322151766333,540.9959401516279
7067,0.0,0.0,128.0,0.0,0.10262462375978028,0.30444463720033543,1776.9928389168283,182.36322151766333,540.9959401516279
9167,0.0,0.0,128.0,0.0,0.10262462375978028,0.30444463720033543,1776.9928389168283,182.36322151766333,540.9959401516279
6343,1.0,103.0,142.0,696.54,0.15163984250268694,0.3785894143244109,1428.8298554328362,216.66753424097223,540.9398581375501
5147,0.0,0.0,129.0,0.0,0.10220162290221536,0.3034938333069467,1776.9928389168283,181.61155202291482,539.3063684418619
5294,0.0,0.0,129.0,0.0,0.10220162290221536,0.3034938333069467,1776.9928389168283,181.61155202291482,539.3063684418619
1723,0.0,0.0,129.0,0.0,0.10220162290221536,0.3034938333069467,1776.9928389168283,181.61155202291482,539.3063684418619
3482,0.0,0.0,129.0,0.0,0.10220162290221536,0.3034938333069467,1776.9928389168283,181.61155202291482,539.3063684418619
6141,0.0,0.0,129.0,0.0,0.10220162290221536,0.3034938333069467,1776.9928389168283,181.61155202291482,539.3063684418619
9907,0.0,0.0,129.0,0.0,0.10220162290221536,0.3034938333069467,1776.9928389168283,181.61155202291482,539.3063684418619
5033,0.0,0.0,129.0,0.0,0.10220162290221536,0.3034938333069467,1776.9928389168283,181.61155202291482,539.3063684418619
5244,0.0,0.0,129.0,0.0,0.10220162290221536,0.3034938333069467,1776.9928389168283,181.61155202291482,539.3063684418619
2665,0.0,0.0,129.0,0.0,0.10220162290221536,0.3034938333069467,1776.9928389168283,181.61155202291482,539.3063684418619
6144,0.0,0.0,129.0,0.0,0.10220162290221536,0.3034938333069467,1776.9928389168283,181.61155202291482,539.3063684418619
2650,0.0,0.0,129.0,0.0,0.10220162290221536,0.3034938333069467,1776.9928389168283,181.61155202291482,539.3063684418619
8388,0.0,0.0,129.0,0.0,0.10220162290221536,0.3034938333069467,1776.9928389168283,181.61155202291482,539.3063684418619
4061,0.0,0.0,129.0,0.0,0.10220162290221536,0.3034938333069467,1776.9928389168283,181.61155202291482,539.3063684418619
8289,1.0,157.0,178.0,645.35,0.1461235931166712,0.38169591055293894,1412.3562736925471,206.37857347282767,539.0906139122326
7629,1.0,320.0,348.0,2067.67,0.09639793448569921,0.2879043494782792,1870.0766249498581,180.2715239751539,538.4031941807248
2814,1.0,191.0,269.0,2169.79,0.09954317637230124,0.2827246750868144,1902.9401171811398,189.4247037104898,538.0081263397024
9496,1.0,26.0,99.0,1544.94,0.13554661819202274,0.31612314727511664,1701.8555782003639,230.68076827628883,537.9959415884124
3975,0.0,0.0,130.0,0.0,0.10178211018165188,0.30254919068457764,1776.9928389168283,180.866080922639,537.6277452665764
5046,0.0,0.0,130.0,0.0,0.10178211018165188,0.30254919068457764,1776.9928389168283,180.866080922639,537.6277452665764
7868,0.0,0.0,130.0,0.0,0.10178211018165188,0.30254919068457764,1776.9928389168283,180.866080922639,537.6277452665764
9149,0.0,0.0,130.0,0.0,0.10178211018165188,0.30254919068457764,1776.9928389168283,180.866080922639,537.6277452665764
8542,0.0,0.0,130.0,0.0,0.10178211018165188,0.30254919068457764,1776.9928389168283,180.866080922639,537.6277452665764
1290,1.0,67.0,110.0,575.59,0.16267862347771161,0.38672630301686883,1389.906633876108,226.10809796150494,537.5134540575278
3544,1.0,38.0,99.0,1061.01,0.14891279484259948,0.3472733040707006,1546.1208563487799,230.23717788333008,536.9264982768618
2622,0.0,0.0,131.0,0.0,0.10136604243893234,0.3016106472220112,1776.9928389168283,180.12673152332206,535.9599602545836
2185,0.0,0.0,131.0,0.0,0.10136604243893234,0.3016106472220112,1776.9928389168283,180.12673152332206,535.9599602545836
3728,0.0,0.0,131.0,0.0,0.10136604243893234,0.3016106472220112,1776.9928389168283,180.12673152332206,535.9599602545836
6063,0.0,0.0,131.0,0.0,0.10136604243893234,0.3016106472220112,1776.9928389168283,180.12673152332206,535.9599602545836
6801,0.0,0.0,131.0,0.0,0.10136604243893234,0.3016106472220112,1776.9928389168283,180.12673152332206,535.9599602545836
4258,0.0,0.0,131.0,0.0,0.10136604243893234,0.3016106472220112,1776.9928389168283,180.12673152332206,535.9599602545836
8589,0.0,0.0,131.0,0.0,0.10136604243893234,0.3016106472220112,1776.9928389168283,180.12673152332206,535.9599602545836
8481,0.0,0.0,131.0,0.0,0.10136604243893234,0.3016106472220112,1776.9928389168283,180.12673152332206,535.9599602545836
6525,0.0,0.0,131.0,0.0,0.10136604243893234,0.3016106472220112,1776.9928389168283,180.12673152332206,535.9599602545836
9691,0.0,0.0,131.0,0.0,0.10136604243893234,0.3016106472220112,1776.9928389168283,180.12673152332206,535.9599602545836
2941,0.0,0.0,131.0,0.0,0.10136604243893234,0.3016106472220112,1776.9928389168283,180.12673152332206,535.9599602545836
6240,0.0,0.0,131.0,0.0,0.10136604243893234,0.3016106472220112,1776.9928389168283,180.12673152332206,535.9599602545836
7801,0.0,0.0,131.0,0.0,0.10136604243893234,0.3016106472220112,1776.9928389168283,180.12673152332206,535.9599602545836
1071,0.0,0.0,131.0,0.0,0.10136604243893234,0.3016106472220112,1776.9928389168283,180.12673152332206,535.9599602545836
8035,1.0,151.0,232.0,1989.27,0.10527243291176176,0.29022245583246914,1844.8465251561538,194.21148205199802,535.415889164816
6657,0.0,0.0,132.0,0.0,0.10095337722713434,0.3006781416722103,1776.9928389168283,179.39342839708692,534.3029045703373
3068,0.0,0.0,132.0,0.0,0.10095337722713434,0.3006781416722103,1776.9928389168283,179.39342839708692,534.3029045703373
7979,0.0,0.0,132.0,0.0,0.10095337722713434,0.3006781416722103,1776.9928389168283,179.39342839708692,534.3029045703373
5246,0.0,0.0,132.0,0.0,0.10095337722713434,0.3006781416722103,1776.9928389168283,179.39342839708692,534.3029045703373
4406,0.0,0.0,132.0,0.0,0.10095337722713434,0.3006781416722103,1776.9928389168283,179.39342839708692,534.3029045703373
1763,0.0,0.0,132.0,0.0,0.10095337722713434,0.3006781416722103,1776.9928389168283,179.39342839708692,534.3029045703373
5188,0.0,0.0,132.0,0.0,0.10095337722713434,0.3006781416722103,1776.9928389168283,179.39342839708692,534.3029045703373
2944,0.0,0.0,132.0,0.0,0.10095337722713434,0.3006781416722103,1776.9928389168283,179.39342839708692,534.3029045703373
9041,0.0,0.0,132.0,0.0,0.10095337722713434,0.3006781416722103,1776.9928389168283,179.39342839708692,534.3029045703373
1331,0.0,0.0,132.0,0.0,0.10095337722713434,0.3006781416722103,1776.9928389168283,179.39342839708692,534.3029045703373
3561,0.0,0.0,132.0,0.0,0.10095337722713434,0.3006781416722103,1776.9928389168283,179.39342839708692,534.3029045703373
3358,0.0,0.0,132.0,0.0,0.10095337722713434,0.3006781416722103,1776.9928389168283,179.39342839708692,534.3029045703373
4122,1.0,218.0,314.0,2718.2,0.08773534073598661,0.2569141946657259,2079.4253088630485,182.43908800813375,534.2338785940784
2089,0.0,0.0,133.0,0.0,0.10054407279687512,0.29975161363681324,1776.9928389168283,178.66609735557938,532.656470886381
2769,0.0,0.0,133.0,0.0,0.10054407279687512,0.29975161363681324,1776.9928389168283,178.66609735557938,532.656470886381
4882,0.0,0.0,133.0,0.0,0.10054407279687512,0.29975161363681324,1776.9928389168283,178.66609735557938,532.656470886381
7706,0.0,0.0,133.0,0.0,0.10054407279687512,0.29975161363681324,1776.9928389168283,178.66609735557938,532.656470886381
2210,0.0,0.0,133.0,0.0,0.10054407279687512,0.29975161363681324,1776.9928389168283,178.66609735557938,532.656470886381
5151,0.0,0.0,133.0,0.0,0.10054407279687512,0.29975161363681324,1776.9928389168283,178.66609735557938,532.656470886381
9892,0.0,0.0,133.0,0.0,0.10054407279687512,0.29975161363681324,1776.9928389168283,178.66609735557938,532.656470886381
7396,0.0,0.0,133.0,0.0,0.10054407279687512,0.29975161363681324,1776.9928389168283,178.66609735557938,532.656470886381
6917,0.0,0.0,133.0,0.0,0.10054407279687512,0.29975161363681324,1776.9928389168283,178.66609735557938,532.656470886381
6196,0.0,0.0,133.0,0.0,0.10054407279687512,0.29975161363681324,1776.9928389168283,178.66609735557938,532.656470886381
5144,0.0,0.0,133.0,0.0,0.10054407279687512,0.29975161363681324,1776.9928389168283,178.66609735557938,532.656470886381
3966,1.0,68.0,211.0,3909.82,0.0798823826785495,0.21605066448865196,2462.903516977415,196.7426012435353,532.1119414144084
1368,1.0,13.0,135.0,3893.9,0.08754970262005711,0.21649047534545698,2457.780262019304,215.17793104523608,532.086017219241
9151,1.0,65.0,104.0,409.42,0.1691850164410606,0.3980512395083671,1336.4310511883689,226.10410936764808,531.9680364430003
1601,0.0,0.0,134.0,0.0,0.10013808808197762,0.2988310035509771,1776.9928389168283,177.94466542449683,531.0205533564156
6393,0.0,0.0,134.0,0.0,0.10013808808197762,0.2988310035509771,1776.9928389168283,177.94466542449683,531.0205533564156
4394,0.0,0.0,134.0,0.0,0.10013808808197762,0.2988310035509771,1776.9928389168283,177.94466542449683,531.0205533564156
5397,0.0,0.0,134.0,0.0,0.10013808808197762,0.2988310035509771,1776.9928389168283,177.94466542449683,531.0205533564156
2192,0.0,0.0,134.0,0.0,0.10013808808197762,0.2988310035509771,1776.9928389168283,177.94466542449683,531.0205533564156
1728,0.0,0.0,134.0,0.0,0.10013808808197762,0.2988310035509771,1776.9928389168283,177.94466542449683,531.0205533564156
6856,0.0,0.0,135.0,0.0,0.09973538268549423,0.29791625266852867,1776.9928389168283,177.22906081875269,529.3950475889119
9706,0.0,0.0,135.0,0.0,0.09973538268549423,0.29791625266852867,1776.9928389168283,177.22906081875269,529.3950475889119
3705,0.0,0.0,135.0,0.0,0.09973538268549423,0.29791625266852867,1776.9928389168283,177.22906081875269,529.3950475889119
6748,0.0,0.0,135.0,0.0,0.09973538268549423,0.29791625266852867,1776.9928389168283,177.22906081875269,529.3950475889119
2811,0.0,0.0,135.0,0.0,0.09973538268549423,0.29791625266852867,1776.9928389168283,177.22906081875269,529.3950475889119
4246,0.0,0.0,135.0,0.0,0.09973538268549423,0.29791625266852867,1776.9928389168283,177.22906081875269,529.3950475889119
1815,0.0,0.0,135.0,0.0,0.09973538268549423,0.29791625266852867,1776.9928389168283,177.22906081875269,529.3950475889119
5379,0.0,0.0,135.0,0.0,0.09973538268549423,0.29791625266852867,1776.9928389168283,177.22906081875269,529.3950475889119
5288,1.0,220.0,278.0,1813.52,0.10352605733456517,0.29596529766534163,1788.287978743614,185.13440381812507,529.2711839402059
7340,1.0,189.0,190.0,409.43,0.14946887612481943,0.39562823981631495,1336.4342693133424,199.75532824895956,528.7311375986407
7938,0.0,0.0,136.0,0.0,0.09933591686606855,0.29700730304748,1776.9928389168283,176.51921291824118,527.7798506213722
1271,0.0,0.0,136.0,0.0,0.09933591686606855,0.29700730304748,1776.9928389168283,176.51921291824118,527.7798506213722
7875,0.0,0.0,136.0,0.0,0.09933591686606855,0.29700730304748,1776.9928389168283,176.51921291824118,527.7798506213722
3846,0.0,0.0,136.0,0.0,0.09933591686606855,0.29700730304748,1776.9928389168283,176.51921291824118,527.7798506213722
1757,0.0,0.0,136.0,0.0,0.09933591686606855,0.29700730304748,1776.9928389168283,176.51921291824118,527.7798506213722
3754,0.0,0.0,136.0,0.0,0.09933591686606855,0.29700730304748,1776.9928389168283,176.51921291824118,527.7798506213722
4472,0.0,0.0,136.0,0.0,0.09933591686606855,0.29700730304748,1776.9928389168283,176.51921291824118,527.7798506213722
1035,0.0,0.0,136.0,0.0,0.09933591686606855,0.29700730304748,1776.9928389168283,176.51921291824118,527.7798506213722
9693,0.0,0.0,136.0,0.0,0.09933591686606855,0.29700730304748,1776.9928389168283,176.51921291824118,527.7798506213722
1629,0.0,0.0,136.0,0.0,0.09933591686606855,0.29700730304748,1776.9928389168283,176.51921291824118,527.7798506213722
6087,1.0,47.0,106.0,912.57,0.14905480371306784,0.35194396716505055,1498.351009239376,223.3364155754523,527.3355983974633
7603,1.0,2.0,74.0,1607.87,0.1377081739650006,0.3056554422415639,1722.107238659766,237.14824320774585,526.3714496199492
6752,0.0,0.0,137.0,0.0,0.09893965152463448,0.2961040975358241,1776.9928389168283,175.81505224420192,526.1748608950895
9009,0.0,0.0,137.0,0.0,0.09893965152463448,0.2961040975358241,1776.9928389168283,175.81505224420192,526.1748608950895
2978,0.0,0.0,137.0,0.0,0.09893965152463448,0.2961040975358241,1776.9928389168283,175.81505224420192,526.1748608950895
5161,0.0,0.0,137.0,0.0,0.09893965152463448,0.2961040975358241,1776.9928389168283,175.81505224420192,526.1748608950895
1028,0.0,0.0,137.0,0.0,0.09893965152463448,0.2961040975358241,1776.9928389168283,175.81505224420192,526.1748608950895
7232,0.0,0.0,137.0,0.0,0.09893965152463448,0.2961040975358241,1776.9928389168283,175.81505224420192,526.1748608950895
4527,0.0,0.0,137.0,0.0,0.09893965152463448,0.2961040975358241,1776.9928389168283,175.81505224420192,526.1748608950895
7680,0.0,0.0,137.0,0.0,0.09893965152463448,0.2961040975358241,1776.9928389168283,175.81505224420192,526.1748608950895
7819,0.0,0.0,137.0,0.0,0.09893965152463448,0.2961040975358241,1776.9928389168283,175.81505224420192,526.1748608950895
3861,0.0,0.0,137.0,0.0,0.09893965152463448,0.2961040975358241,1776.9928389168283,175.81505224420192,526.1748608950895
9300,0.0,0.0,137.0,0.0,0.09893965152463448,0.2961040975358241,1776.9928389168283,175.81505224420192,526.1748608950895
3824,2.0,277.0,325.0,699.595,0.1588183192939757,0.4198110773660208,1252.8652294266672,198.97795003940453,525.966701760036
5285,1.0,219.0,297.0,2203.14,0.09476005185015016,0.27447510420293864,1913.6725639683764,181.33971138585315,525.2554764055249
1762,0.0,0.0,138.0,0.0,0.0985465481914398,0.2952065797576617,1776.9928389168283,175.11651043616067,524.5799782304944
3706,0.0,0.0,138.0,0.0,0.0985465481914398,0.2952065797576617,1776.9928389168283,175.11651043616067,524.5799782304944
9082,0.0,0.0,138.0,0.0,0.0985465481914398,0.2952065797576617,1776.9928389168283,175.11651043616067,524.5799782304944
4363,0.0,0.0,138.0,0.0,0.0985465481914398,0.2952065797576617,1776.9928389168283,175.11651043616067,524.5799782304944
3460,0.0,0.0,138.0,0.0,0.0985465481914398,0.2952065797576617,1776.9928389168283,175.11651043616067,524.5799782304944
2896,0.0,0.0,138.0,0.0,0.0985465481914398,0.2952065797576617,1776.9928389168283,175.11651043616067,524.5799782304944
3444,0.0,0.0,138.0,0.0,0.0985465481914398,0.2952065797576617,1776.9928389168283,175.11651043616067,524.5799782304944
1434,0.0,0.0,138.0,0.0,0.0985465481914398,0.2952065797576617,1776.9928389168283,175.11651043616067,524.5799782304944
2790,0.0,0.0,138.0,0.0,0.0985465481914398,0.2952065797576617,1776.9928389168283,175.11651043616067,524.5799782304944
5944,2.0,187.0,270.0,1079.2250000000001,0.14445163019689675,0.3645693891239148,1437.361980225316,207.62928122658658,524.0181790806839
2167,1.0,79.0,116.0,365.88,0.16499371936702573,0.39614254751314243,1322.41933505294,218.19088465325353,523.8665642685074
9863,1.0,324.0,327.0,1490.18,0.10530593147685184,0.310776541440966,1684.2331258444524,177.35973814121988,523.4201458302462
5652,1.0,164.0,207.0,1041.84,0.1261828868320761,0.3398868001638456,1539.951710774221,194.31555244748552,523.4092593818898
3745,0.0,0.0,139.0,0.0,0.09815656901337906,0.29431469409962124,1776.9928389168283,174.42352022942003,522.9951038030239
3693,0.0,0.0,139.0,0.0,0.09815656901337906,0.29431469409962124,1776.9928389168283,174.42352022942003,522.9951038030239
8284,0.0,0.0,139.0,0.0,0.09815656901337906,0.29431469409962124,1776.9928389168283,174.42352022942003,522.9951038030239
5532,0.0,0.0,139.0,0.0,0.09815656901337906,0.29431469409962124,1776.9928389168283,174.42352022942003,522.9951038030239
3726,0.0,0.0,139.0,0.0,0.09815656901337906,0.29431469409962124,1776.9928389168283,174.42352022942003,522.9951038030239
7056,0.0,0.0,139.0,0.0,0.09815656901337906,0.29431469409962124,1776.9928389168283,174.42352022942003,522.9951038030239
4875,0.0,0.0,139.0,0.0,0.09815656901337906,0.29431469409962124,1776.9928389168283,174.42352022942003,522.9951038030239
1627,0.0,0.0,139.0,0.0,0.09815656901337906,0.29431469409962124,1776.9928389168283,174.42352022942003,522.9951038030239
2903,0.0,0.0,139.0,0.0,0.09815656901337906,0.29431469409962124,1776.9928389168283,174.42352022942003,522.9951038030239
7153,0.0,0.0,139.0,0.0,0.09815656901337906,0.29431469409962124,1776.9928389168283,174.42352022942003,522.9951038030239
8483,0.0,0.0,139.0,0.0,0.09815656901337906,0.29431469409962124,1776.9928389168283,174.42352022942003,522.9951038030239
3534,1.0,311.0,334.0,1728.7,0.10002867265280917,0.2964124326157512,1760.9918427168147,176.14967657938746,521.9798759161854
4753,0.0,0.0,140.0,0.0,0.09776967674163874,0.2934283856975719,1776.9928389168283,173.73601543310522,521.4201401195104
3599,0.0,0.0,140.0,0.0,0.09776967674163874,0.2934283856975719,1776.9928389168283,173.73601543310522,521.4201401195104
5278,0.0,0.0,140.0,0.0,0.09776967674163874,0.2934283856975719,1776.9928389168283,173.73601543310522,521.4201401195104
8418,0.0,0.0,140.0,0.0,0.09776967674163874,0.2934283856975719,1776.9928389168283,173.73601543310522,521.4201401195104
7983,0.0,0.0,140.0,0.0,0.09776967674163874,0.2934283856975719,1776.9928389168283,173.73601543310522,521.4201401195104
4180,0.0,0.0,140.0,0.0,0.09776967674163874,0.2934283856975719,1776.9928389168283,173.73601543310522,521.4201401195104
2430,0.0,0.0,140.0,0.0,0.09776967674163874,0.2934283856975719,1776.9928389168283,173.73601543310522,521.4201401195104
5398,0.0,0.0,140.0,0.0,0.09776967674163874,0.2934283856975719,1776.9928389168283,173.73601543310522,521.4201401195104
5399,0.0,0.0,140.0,0.0,0.09776967674163874,0.2934283856975719,1776.9928389168283,173.73601543310522,521.4201401195104
3072,1.0,61.0,111.0,615.57,0.15593383520690646,0.37132644575087687,1402.772697520898,218.73972664797134,520.886599966805
1190,1.0,130.0,168.0,674.22,0.141760067825647,0.36600498852589625,1421.6470004915723,201.53277521381293,520.3298941027928
6875,0.0,0.0,141.0,0.0,0.09738583471963749,0.29254760042361927,1776.9928389168283,173.05393090873366,519.8549909950731
3336,0.0,0.0,141.0,0.0,0.09738583471963749,0.29254760042361927,1776.9928389168283,173.05393090873366,519.8549909950731
9698,0.0,0.0,141.0,0.0,0.09738583471963749,0.29254760042361927,1776.9928389168283,173.05393090873366,519.8549909950731
7210,0.0,0.0,141.0,0.0,0.09738583471963749,0.29254760042361927,1776.9928389168283,173.05393090873366,519.8549909950731
7393,0.0,0.0,141.0,0.0,0.09738583471963749,0.29254760042361927,1776.9928389168283,173.05393090873366,519.8549909950731
1177,0.0,0.0,141.0,0.0,0.09738583471963749,0.29254760042361927,1776.9928389168283,173.05393090873366,519.8549909950731
6181,0.0,0.0,141.0,0.0,0.09738583471963749,0.29254760042361927,1776.9928389168283,173.05393090873366,519.8549909950731
1066,0.0,0.0,141.0,0.0,0.09738583471963749,0.29254760042361927,1776.9928389168283,173.05393090873366,519.8549909950731
9419,0.0,0.0,141.0,0.0,0.09738583471963749,0.29254760042361927,1776.9928389168283,173.05393090873366,519.8549909950731
2522,0.0,0.0,141.0,0.0,0.09738583471963749,0.29254760042361927,1776.9928389168283,173.05393090873366,519.8549909950731
1132,1.0,100.0,223.0,2875.36,0.08914490032131803,0.2438142538260345,2130.0013609495018,189.87875900611508,519.3246924683408
5838,1.0,138.0,190.0,1041.57,0.12740373396952137,0.3372500891006477,1539.8648213999297,196.18452805466117,519.3195482200792
8347,1.0,148.0,221.0,1603.55,0.11055780699983322,0.3018013312044974,1720.7170086711362,190.23869894599383,519.3146838431696
1252,1.0,271.0,318.0,1848.74,0.09829985769240422,0.2885469779710612,1799.6222149009411,176.9026076248518,519.2755515992543
1517,0.0,0.0,142.0,0.0,0.09700500687125166,0.29167228487338603,1776.9928389168283,172.37720254929192,518.2995615305161
9230,0.0,0.0,142.0,0.0,0.09700500687125166,0.29167228487338603,1776.9928389168283,172.37720254929192,518.2995615305161
5888,0.0,0.0,142.0,0.0,0.09700500687125166,0.29167228487338603,1776.9928389168283,172.37720254929192,518.2995615305161
9031,0.0,0.0,142.0,0.0,0.09700500687125166,0.29167228487338603,1776.9928389168283,172.37720254929192,518.2995615305161
1473,0.0,0.0,142.0,0.0,0.09700500687125166,0.29167228487338603,1776.9928389168283,172.37720254929192,518.2995615305161
1873,0.0,0.0,142.0,0.0,0.09700500687125166,0.29167228487338603,1776.9928389168283,172.37720254929192,518.2995615305161
5061,0.0,0.0,142.0,0.0,0.09700500687125166,0.29167228487338603,1776.9928389168283,172.37720254929192,518.2995615305161
8558,0.0,0.0,142.0,0.0,0.09700500687125166,0.29167228487338603,1776.9928389168283,172.37720254929192,518.2995615305161
5141,0.0,0.0,142.0,0.0,0.09700500687125166,0.29167228487338603,1776.9928389168283,172.37720254929192,518.2995615305161
8641,0.0,0.0,142.0,0.0,0.09700500687125166,0.29167228487338603,1776.9928389168283,172.37720254929192,518.2995615305161
7259,1.0,160.0,250.0,2073.18,0.09891039777930667,0.27683416106308006,1871.8498118103505,185.1454094692821,518.1919722886026
4104,1.0,3.0,63.0,985.47,0.15709858377328237,0.34012138655833807,1521.8111402975449,239.07437491114823,517.6005151179265
5245,1.0,39.0,147.0,2601.48,0.100757558565254,0.25333522053778856,2041.863354170185,205.73316649004838,517.2759031367325
4959,1.0,274.0,357.0,2574.19,0.08472513296596604,0.25427870297082644,2033.0810911169888,172.25306577547818,516.9692228837405
5939,0.0,0.0,143.0,0.0,0.0966271576893273,0.2908023863535586,1776.9928389168283,171.70576725882174,516.7537580901984
2258,0.0,0.0,143.0,0.0,0.0966271576893273,0.2908023863535586,1776.9928389168283,171.70576725882174,516.7537580901984
2883,0.0,0.0,143.0,0.0,0.0966271576893273,0.2908023863535586,1776.9928389168283,171.70576725882174,516.7537580901984
3565,0.0,0.0,143.0,0.0,0.0966271576893273,0.2908023863535586,1776.9928389168283,171.70576725882174,516.7537580901984
1501,0.0,0.0,143.0,0.0,0.0966271576893273,0.2908023863535586,1776.9928389168283,171.70576725882174,516.7537580901984
6612,0.0,0.0,143.0,0.0,0.0966271576893273,0.2908023863535586,1776.9928389168283,171.70576725882174,516.7537580901984
5805,0.0,0.0,143.0,0.0,0.0966271576893273,0.2908023863535586,1776.9928389168283,171.70576725882174,516.7537580901984
2319,0.0,0.0,143.0,0.0,0.0966271576893273,0.2908023863535586,1776.9928389168283,171.70576725882174,516.7537580901984
2737,0.0,0.0,143.0,0.0,0.0966271576893273,0.2908023863535586,1776.9928389168283,171.70576725882174,516.7537580901984
4915,1.0,73.0,133.0,906.09,0.14008181598348055,0.34529339066495024,1496.2656642564332,209.59961144276997,516.6506445466479
3015,1.0,328.0,339.0,1592.55,0.10123980107025138,0.3008545690764287,1717.1770712000764,173.84666509069262,516.6205677838229
8613,2.0,79.0,152.0,1032.17,0.16702572698346807,0.36502757491407295,1414.493675273576,236.25683442608664,516.3291960164076
1613,1.0,216.0,298.0,2165.6,0.09357278552771252,0.27121635067563105,1901.5917228171563,177.93723444044312,515.7427675374553
7272,1.0,10.0,72.0,994.22,0.15302789161540292,0.3381520946981439,1524.6269996495216,233.31045525628394,515.5558135648321
6204,0.0,0.0,144.0,0.0,0.09625225222446156,0.2899378528696915,1776.9928389168283,171.03956293248456,515.2174882803628
7436,0.0,0.0,144.0,0.0,0.09625225222446156,0.2899378528696915,1776.9928389168283,171.03956293248456,515.2174882803628
7160,0.0,0.0,144.0,0.0,0.09625225222446156,0.2899378528696915,1776.9928389168283,171.03956293248456,515.2174882803628
5475,0.0,0.0,144.0,0.0,0.09625225222446156,0.2899378528696915,1776.9928389168283,171.03956293248456,515.2174882803628
9648,0.0,0.0,144.0,0.0,0.09625225222446156,0.2899378528696915,1776.9928389168283,171.03956293248456,515.2174882803628
3183,0.0,0.0,144.0,0.0,0.09625225222446156,0.2899378528696915,1776.9928389168283,171.03956293248456,515.2174882803628
7600,2.0,271.0,287.0,269.175,0.1922329411914674,0.49253246732806705,1043.6849974145573,200.63063673040938,514.0487468898792
3799,1.0,155.0,212.0,1210.43,0.11910811308230447,0.32239827900576584,1594.2060797055897,189.88287801807067,513.9692964776109
6067,0.0,0.0,145.0,0.0,0.09588025607405108,0.28907863311429205,1776.9928389168283,170.3785284371005,513.6906609279621
9446,0.0,0.0,145.0,0.0,0.09588025607405108,0.28907863311429205,1776.9928389168283,170.3785284371005,513.6906609279621
4982,0.0,0.0,145.0,0.0,0.09588025607405108,0.28907863311429205,1776.9928389168283,170.3785284371005,513.6906609279621
2131,0.0,0.0,145.0,0.0,0.09588025607405108,0.28907863311429205,1776.9928389168283,170.3785284371005,513.6906609279621
2886,0.0,0.0,145.0,0.0,0.09588025607405108,0.28907863311429205,1776.9928389168283,170.3785284371005,513.6906609279621
7615,0.0,0.0,145.0,0.0,0.09588025607405108,0.28907863311429205,1776.9928389168283,170.3785284371005,513.6906609279621
4507,0.0,0.0,145.0,0.0,0.09588025607405108,0.28907863311429205,1776.9928389168283,170.3785284371005,513.6906609279621
4944,1.0,281.0,291.0,1173.0,0.11246755991171514,0.3244386295253875,1582.160637929077,177.94174633624593,513.3140290587226
9703,0.0,0.0,146.0,0.0,0.09551113537159475,0.2882246764551226,1776.9928389168283,169.72260359213965,512.1731860598727
8212,0.0,0.0,146.0,0.0,0.09551113537159475,0.2882246764551226,1776.9928389168283,169.72260359213965,512.1731860598727
1243,0.0,0.0,146.0,0.0,0.09551113537159475,0.2882246764551226,1776.9928389168283,169.72260359213965,512.1731860598727
2743,0.0,0.0,146.0,0.0,0.09551113537159475,0.2882246764551226,1776.9928389168283,169.72260359213965,512.1731860598727
3592,0.0,0.0,146.0,0.0,0.09551113537159475,0.2882246764551226,1776.9928389168283,169.72260359213965,512.1731860598727
3832,0.0,0.0,146.0,0.0,0.09551113537159475,0.2882246764551226,1776.9928389168283,169.72260359213965,512.1731860598727
3921,0.0,0.0,146.0,0.0,0.09551113537159475,0.2882246764551226,1776.9928389168283,169.72260359213965,512.1731860598727
7287,0.0,0.0,147.0,0.0,0.09514485677625595,0.28737593292377184,1776.9928389168283,169.07172915117408,510.66497488258534
8021,0.0,0.0,147.0,0.0,0.09514485677625595,0.28737593292377184,1776.9928389168283,169.07172915117408,510.66497488258534
3523,0.0,0.0,147.0,0.0,0.09514485677625595,0.28737593292377184,1776.9928389168283,169.07172915117408,510.66497488258534
7107,0.0,0.0,147.0,0.0,0.09514485677625595,0.28737593292377184,1776.9928389168283,169.07172915117408,510.66497488258534
9139,0.0,0.0,147.0,0.0,0.09514485677625595,0.28737593292377184,1776.9928389168283,169.07172915117408,510.66497488258534
6053,0.0,0.0,147.0,0.0,0.09514485677625595,0.28737593292377184,1776.9928389168283,169.07172915117408,510.66497488258534
9765,1.0,276.0,342.0,2155.28,0.09022599365265643,0.26858694246164283,1898.270617844323,171.2733527166461,509.8507012115804
7439,1.0,183.0,185.0,229.85,0.151348114274388,0.39843776543070347,1278.6431810358906,193.52023427958696,509.4597318351467
8279,1.0,80.0,227.0,3634.65,0.07814541604805728,0.21451247338754373,2374.350372076493,185.54459766977715,509.32777100276326
8716,0.0,0.0,148.0,0.0,0.09478138746265703,0.28653235320446263,1776.9928389168283,168.4258467837428,509.1659397623174
4896,0.0,0.0,148.0,0.0,0.09478138746265703,0.28653235320446263,1776.9928389168283,168.4258467837428,509.1659397623174
6303,0.0,0.0,148.0,0.0,0.09478138746265703,0.28653235320446263,1776.9928389168283,168.4258467837428,509.1659397623174
1709,0.0,0.0,148.0,0.0,0.09478138746265703,0.28653235320446263,1776.9928389168283,168.4258467837428,509.1659397623174
4148,0.0,0.0,148.0,0.0,0.09478138746265703,0.28653235320446263,1776.9928389168283,168.4258467837428,509.1659397623174
9067,0.0,0.0,148.0,0.0,0.09478138746265703,0.28653235320446263,1776.9928389168283,168.4258467837428,509.1659397623174
8872,0.0,0.0,148.0,0.0,0.09478138746265703,0.28653235320446263,1776.9928389168283,168.4258467837428,509.1659397623174
2443,1.0,153.0,196.0,836.68,0.12960854966511076,0.34525702517476703,1473.9286588140787,191.03375577873462,508.884224061983
2335,1.0,94.0,214.0,2653.42,0.0911198475233114,0.24713863879292866,2058.5782952835098,187.57734038103172,508.7542377450342
7857,0.0,0.0,149.0,0.0,0.09442069511092377,0.28569388862307654,1776.9928389168283,167.7848990576607,507.6759942055089
5519,0.0,0.0,149.0,0.0,0.09442069511092377,0.28569388862307654,1776.9928389168283,167.7848990576607,507.6759942055089
2132,0.0,0.0,149.0,0.0,0.09442069511092377,0.28569388862307654,1776.9928389168283,167.7848990576607,507.6759942055089
7662,0.0,0.0,149.0,0.0,0.09442069511092377,0.28569388862307654,1776.9928389168283,167.7848990576607,507.6759942055089
7900,0.0,0.0,149.0,0.0,0.09442069511092377,0.28569388862307654,1776.9928389168283,167.7848990576607,507.6759942055089
6206,0.0,0.0,149.0,0.0,0.09442069511092377,0.28569388862307654,1776.9928389168283,167.7848990576607,507.6759942055089
3831,0.0,0.0,149.0,0.0,0.09442069511092377,0.28569388862307654,1776.9928389168283,167.7848990576607,507.6759942055089
8194,0.0,0.0,150.0,0.0,0.09406274789695024,0.28486049113642853,1776.9928389168283,167.1488294217195,506.1950528397641
7348,0.0,0.0,150.0,0.0,0.09406274789695024,0.28486049113642853,1776.9928389168283,167.1488294217195,506.1950528397641
2658,0.0,0.0,150.0,0.0,0.09406274789695024,0.28486049113642853,1776.9928389168283,167.1488294217195,506.1950528397641
9370,0.0,0.0,150.0,0.0,0.09406274789695024,0.28486049113642853,1776.9928389168283,167.1488294217195,506.1950528397641
7028,0.0,0.0,150.0,0.0,0.09406274789695024,0.28486049113642853,1776.9928389168283,167.1488294217195,506.1950528397641
6939,0.0,0.0,150.0,0.0,0.09406274789695024,0.28486049113642853,1776.9928389168283,167.1488294217195,506.1950528397641
3005,0.0,0.0,150.0,0.0,0.09406274789695024,0.28486049113642853,1776.9928389168283,167.1488294217195,506.1950528397641
5074,0.0,0.0,150.0,0.0,0.09406274789695024,0.28486049113642853,1776.9928389168283,167.1488294217195,506.1950528397641
4074,0.0,0.0,150.0,0.0,0.09406274789695024,0.28486049113642853,1776.9928389168283,167.1488294217195,506.1950528397641
5982,0.0,0.0,150.0,0.0,0.09406274789695024,0.28486049113642853,1776.9928389168283,167.1488294217195,506.1950528397641
5123,0.0,0.0,150.0,0.0,0.09406274789695024,0.28486049113642853,1776.9928389168283,167.1488294217195,506.1950528397641
4927,1.0,214.0,240.0,888.25,0.12226141502437873,0.33935636870112523,1490.5245293033774,182.233638081177,505.8189917243481
3927,1.0,171.0,235.0,1384.4,0.11089238231897607,0.30650531356754923,1650.1917998728031,182.99369997113413,505.79255506661195
7682,1.0,144.0,167.0,321.29,0.14991210471642097,0.38657628321243415,1308.069715795269,196.0954842106794,505.6687289148802
3407,1.0,54.0,105.0,491.85,0.15728191420519727,0.3707117894282398,1362.9580553464582,214.36865192628414,505.2646196131194
6148,1.0,91.0,138.0,530.44,0.1478591860440872,0.36708894275851434,1375.3767996199158,203.3620940957224,504.88561526706394
1934,1.0,274.0,333.0,1946.53,0.09309985606279307,0.2757287852124611,1831.0922590186087,170.47442575232708,504.8848441911421
4741,0.0,0.0,151.0,0.0,0.09370751448289581,0.28403211332173234,1776.9928389168283,166.51758218880084,504.72303139513144
2678,0.0,0.0,151.0,0.0,0.09370751448289581,0.28403211332173234,1776.9928389168283,166.51758218880084,504.72303139513144
7891,0.0,0.0,151.0,0.0,0.09370751448289581,0.28403211332173234,1776.9928389168283,166.51758218880084,504.72303139513144
4869,0.0,0.0,151.0,0.0,0.09370751448289581,0.28403211332173234,1776.9928389168283,166.51758218880084,504.72303139513144
7695,0.0,0.0,151.0,0.0,0.09370751448289581,0.28403211332173234,1776.9928389168283,166.51758218880084,504.72303139513144
1808,0.0,0.0,151.0,0.0,0.09370751448289581,0.28403211332173234,1776.9928389168283,166.51758218880084,504.72303139513144
3310,1.0,211.0,318.0,2572.8,0.08455235201523222,0.24820563922716923,2032.6337717456495,171.86396618668732,504.51116463086095
4028,1.0,231.0,347.0,2876.36,0.07924474055648273,0.23656008850095978,2130.323173446866,168.81690718125984,503.94943844623606
3462,1.0,174.0,252.0,1698.93,0.10262127717149454,0.28767696707104545,1751.4114846701536,179.7320834096746,503.8407440033066
6819,1.0,130.0,294.0,3906.13,0.07073333990921363,0.20449197150607434,2461.7160288621276,174.1253966294644,503.4011640301207
2069,1.0,221.0,302.0,2032.26,0.09319318323160433,0.2708236948011407,1858.6812444180314,173.21642178019596,503.37492207087337
7176,0.0,0.0,152.0,0.0,0.09335496400789536,0.28320870836631634,1776.9928389168283,165.8911025193683,503.25984668582856
3697,0.0,0.0,152.0,0.0,0.09335496400789536,0.28320870836631634,1776.9928389168283,165.8911025193683,503.25984668582856
9818,0.0,0.0,152.0,0.0,0.09335496400789536,0.28320870836631634,1776.9928389168283,165.8911025193683,503.25984668582856
1284,0.0,0.0,152.0,0.0,0.09335496400789536,0.28320870836631634,1776.9928389168283,165.8911025193683,503.25984668582856
8562,0.0,0.0,152.0,0.0,0.09335496400789536,0.28320870836631634,1776.9928389168283,165.8911025193683,503.25984668582856
4143,0.0,0.0,152.0,0.0,0.09335496400789536,0.28320870836631634,1776.9928389168283,165.8911025193683,503.25984668582856
4099,0.0,0.0,152.0,0.0,0.09335496400789536,0.28320870836631634,1776.9928389168283,165.8911025193683,503.25984668582856
3914,0.0,0.0,152.0,0.0,0.09335496400789536,0.28320870836631634,1776.9928389168283,165.8911025193683,503.25984668582856
3375,0.0,0.0,152.0,0.0,0.09335496400789536,0.28320870836631634,1776.9928389168283,165.8911025193683,503.25984668582856
7961,3.0,104.0,224.0,2532.65,0.10457635546451041,0.2265500718387639,2219.247557768044,232.08082146489755,502.7706936403517
5301,1.0,231.0,264.0,1116.27,0.11359596757668963,0.3214142327391752,1563.9042149533655,177.65321249489077,502.6610733267981
3769,1.0,195.0,239.0,1079.26,0.11676135992718752,0.3238231644116762,1551.993934425752,181.2129223822971,502.5715869934745
1825,1.0,29.0,107.0,1360.06,0.1292606989140935,0.3057625248526799,1642.3588836868526,212.29245717313296,502.1717989903209
6969,1.0,191.0,225.0,845.82,0.12410555223734579,0.34000231056095304,1476.87002504002,183.2877700403744,502.13922091181934
6611,1.0,183.0,199.0,434.96,0.13972675279666733,0.3733478647200379,1344.6501423711584,187.88359804109837,502.0222594497669
3243,0.0,0.0,153.0,0.0,0.09300506607898791,0.282390230057523,1776.9928389168283,165.26933640534793,501.8054165922941
6054,0.0,0.0,153.0,0.0,0.09300506607898791,0.282390230057523,1776.9928389168283,165.26933640534793,501.8054165922941
2884,0.0,0.0,153.0,0.0,0.09300506607898791,0.282390230057523,1776.9928389168283,165.26933640534793,501.8054165922941
3466,0.0,0.0,153.0,0.0,0.09300506607898791,0.282390230057523,1776.9928389168283,165.26933640534793,501.8054165922941
7235,0.0,0.0,153.0,0.0,0.09300506607898791,0.282390230057523,1776.9928389168283,165.26933640534793,501.8054165922941
3481,0.0,0.0,153.0,0.0,0.09300506607898791,0.282390230057523,1776.9928389168283,165.26933640534793,501.8054165922941
6195,0.0,0.0,153.0,0.0,0.09300506607898791,0.282390230057523,1776.9928389168283,165.26933640534793,501.8054165922941
6496,0.0,0.0,153.0,0.0,0.09300506607898791,0.282390230057523,1776.9928389168283,165.26933640534793,501.8054165922941
4504,0.0,0.0,153.0,0.0,0.09300506607898791,0.282390230057523,1776.9928389168283,165.26933640534793,501.8054165922941
3338,0.0,0.0,153.0,0.0,0.09300506607898791,0.282390230057523,1776.9928389168283,165.26933640534793,501.8054165922941
1319,1.0,160.0,269.0,2358.79,0.08992954835533434,0.2554292163642334,1963.7626791837938,176.6002908160599,501.6023622692439
9719,1.0,51.0,102.0,448.12,0.1584128865795084,0.3714085199010055,1348.885194836533,213.68079737841776,500.9874537306161
1275,1.0,13.0,157.0,4570.32,0.07347947213923091,0.18721425110420975,2675.460671489373,196.5914378703114,500.8843659716491
1397,0.0,0.0,154.0,0.0,0.09265779076224719,0.28157663277282974,1776.9928389168283,164.6522306543671,500.35966004363195
4811,0.0,0.0,154.0,0.0,0.09265779076224719,0.28157663277282974,1776.9928389168283,164.6522306543671,500.35966004363195
5227,0.0,0.0,154.0,0.0,0.09265779076224719,0.28157663277282974,1776.9928389168283,164.6522306543671,500.35966004363195
1029,0.0,0.0,154.0,0.0,0.09265779076224719,0.28157663277282974,1776.9928389168283,164.6522306543671,500.35966004363195
5093,0.0,0.0,154.0,0.0,0.09265779076224719,0.28157663277282974,1776.9928389168283,164.6522306543671,500.35966004363195
2511,0.0,0.0,154.0,0.0,0.09265779076224719,0.28157663277282974,1776.9928389168283,164.6522306543671,500.35966004363195
7384,0.0,0.0,154.0,0.0,0.09265779076224719,0.28157663277282974,1776.9928389168283,164.6522306543671,500.35966004363195
9110,0.0,0.0,154.0,0.0,0.09265779076224719,0.28157663277282974,1776.9928389168283,164.6522306543671,500.35966004363195
7539,0.0,0.0,154.0,0.0,0.09265779076224719,0.28157663277282974,1776.9928389168283,164.6522306543671,500.35966004363195
4720,0.0,0.0,154.0,0.0,0.09265779076224719,0.28157663277282974,1776.9928389168283,164.6522306543671,500.35966004363195
8685,0.0,0.0,154.0,0.0,0.09265779076224719,0.28157663277282974,1776.9928389168283,164.6522306543671,500.35966004363195
5323,0.0,0.0,154.0,0.0,0.09265779076224719,0.28157663277282974,1776.9928389168283,164.6522306543671,500.35966004363195
8198,0.0,0.0,154.0,0.0,0.09265779076224719,0.28157663277282974,1776.9928389168283,164.6522306543671,500.35966004363195
1539,1.0,249.0,275.0,1090.83,0.11266782323151348,0.3213957475550106,1555.7173050203066,175.27928232023444,500.0009262312679
9509,1.0,246.0,333.0,2271.8,0.08719440158681914,0.25824460673552,1935.7682100377008,168.78815068502533,499.90170013230755
3609,1.0,150.0,243.0,1889.85,0.09895292203448032,0.2753729567624425,1812.8519266677615,179.38699535961243,499.21039521899206
9338,0.0,0.0,155.0,0.0,0.09231310857411716,0.28076787147015503,1776.9928389168283,164.03973287435787,498.92249700038593
9104,0.0,0.0,155.0,0.0,0.09231310857411716,0.28076787147015503,1776.9928389168283,164.03973287435787,498.92249700038593
8015,1.0,68.0,125.0,648.04,0.14494619555634086,0.3530188118571695,1413.2219493104599,204.84114502926715,498.89393343605155
1218,1.0,54.0,122.0,941.62,0.13647171132152422,0.3308492002461543,1507.6996622879412,205.75835307131948,498.8212274793622
3188,1.0,208.0,255.0,1189.1,0.11178290186182448,0.31409514221270574,1587.341819136718,177.43767478972967,498.5763544219225
6454,0.0,0.0,156.0,0.0,0.09197099047294235,0.27996390167837687,1776.9928389168283,163.4317914585064,497.4938484376907
5906,0.0,0.0,156.0,0.0,0.09197099047294235,0.27996390167837687,1776.9928389168283,163.4317914585064,497.4938484376907
1380,0.0,0.0,156.0,0.0,0.09197099047294235,0.27996390167837687,1776.9928389168283,163.4317914585064,497.4938484376907
7652,0.0,0.0,156.0,0.0,0.09197099047294235,0.27996390167837687,1776.9928389168283,163.4317914585064,497.4938484376907
4378,0.0,0.0,156.0,0.0,0.09197099047294235,0.27996390167837687,1776.9928389168283,163.4317914585064,497.4938484376907
3126,0.0,0.0,156.0,0.0,0.09197099047294235,0.27996390167837687,1776.9928389168283,163.4317914585064,497.4938484376907
6568,0.0,0.0,156.0,0.0,0.09197099047294235,0.27996390167837687,1776.9928389168283,163.4317914585064,497.4938484376907
1270,1.0,144.0,242.0,1970.58,0.09726893447853178,0.2704632818856104,1838.8318495803378,178.86121469386728,497.3364968732853
7360,1.0,191.0,251.0,1332.91,0.108674651504227,0.3043960037466397,1633.621674383291,177.53326615335595,497.26790931616813
2527,1.0,131.0,200.0,1194.73,0.11691541891171679,0.31274028100878726,1589.1536234969067,185.79656160621352,496.9923507785551
4564,2.0,139.0,233.0,1176.88,0.13749684124213923,0.33432394427626333,1484.8214281067862,204.15825617332524,496.41135639057495
1690,1.0,198.0,236.0,919.57,0.11955457518532267,0.33072106504605964,1500.6036967209534,179.40403748299835,496.281252791608
1788,0.0,0.0,157.0,0.0,0.09163140785069063,0.2791646794880327,1776.9928389168283,162.8283555705445,496.0736363287457
2668,0.0,0.0,157.0,0.0,0.09163140785069063,0.2791646794880327,1776.9928389168283,162.8283555705445,496.0736363287457
5642,0.0,0.0,157.0,0.0,0.09163140785069063,0.2791646794880327,1776.9928389168283,162.8283555705445,496.0736363287457
1479,0.0,0.0,157.0,0.0,0.09163140785069063,0.2791646794880327,1776.9928389168283,162.8283555705445,496.0736363287457
8320,0.0,0.0,157.0,0.0,0.09163140785069063,0.2791646794880327,1776.9928389168283,162.8283555705445,496.0736363287457
1555,0.0,0.0,157.0,0.0,0.09163140785069063,0.2791646794880327,1776.9928389168283,162.8283555705445,496.0736363287457
7001,0.0,0.0,157.0,0.0,0.09163140785069063,0.2791646794880327,1776.9928389168283,162.8283555705445,496.0736363287457
3562,0.0,0.0,157.0,0.0,0.09163140785069063,0.2791646794880327,1776.9928389168283,162.8283555705445,496.0736363287457
2730,0.0,0.0,157.0,0.0,0.09163140785069063,0.2791646794880327,1776.9928389168283,162.8283555705445,496.0736363287457
4908,2.0,257.0,308.0,546.67,0.16114808642142556,0.4203236474211794,1178.5450607996204,189.92028130928145,495.3703586055121
3872,0.0,0.0,158.0,0.0,0.09129433252485973,0.278370161542201,1776.9928389168283,162.22937513036743,494.6617836286119
4221,0.0,0.0,158.0,0.0,0.09129433252485973,0.278370161542201,1776.9928389168283,162.22937513036743,494.6617836286119
3839,0.0,0.0,158.0,0.0,0.09129433252485973,0.278370161542201,1776.9928389168283,162.22937513036743,494.6617836286119
3672,0.0,0.0,158.0,0.0,0.09129433252485973,0.278370161542201,1776.9928389168283,162.22937513036743,494.6617836286119
9023,0.0,0.0,158.0,0.0,0.09129433252485973,0.278370161542201,1776.9928389168283,162.22937513036743,494.6617836286119
9197,3.0,234.0,321.0,896.2133333333335,0.1632722781241497,0.3920354694812895,1260.4160425078665,205.7909986444845,494.1277949663203
2955,1.0,201.0,236.0,859.95,0.1205422771882411,0.3334521552283467,1481.4172356278395,178.57340704848892,493.9817700125226
9004,0.0,0.0,159.0,0.0,0.09095973673056604,0.2775803050275764,1776.9928389168283,161.63480079997584,493.25821425835215
8067,0.0,0.0,159.0,0.0,0.09095973673056604,0.2775803050275764,1776.9928389168283,161.63480079997584,493.25821425835215
8863,0.0,0.0,159.0,0.0,0.09095973673056604,0.2775803050275764,1776.9928389168283,161.63480079997584,493.25821425835215
9692,0.0,0.0,159.0,0.0,0.09095973673056604,0.2775803050275764,1776.9928389168283,161.63480079997584,493.25821425835215
2977,0.0,0.0,159.0,0.0,0.09095973673056604,0.2775803050275764,1776.9928389168283,161.63480079997584,493.25821425835215
4750,0.0,0.0,159.0,0.0,0.09095973673056604,0.2775803050275764,1776.9928389168283,161.63480079997584,493.25821425835215
8439,0.0,0.0,159.0,0.0,0.09095973673056604,0.2775803050275764,1776.9928389168283,161.63480079997584,493.25821425835215
1062,1.0,190.0,283.0,2005.4,0.092891404311927,0.2665135449964758,1850.037360738706,171.85256846854946,493.0600153863964
4057,2.0,278.0,320.0,469.285,0.1638910007353319,0.43154810868953997,1140.936649819048,186.9892493144607,492.3690533639901
6553,1.0,133.0,167.0,367.28,0.14425138665056003,0.3719864232740786,1322.869872549254,190.8258134734795,492.08963234663327
3140,1.0,207.0,225.0,563.45,0.12958969860503058,0.3550199995943465,1385.9998301580526,179.61130025680563,492.0576591404762
5754,1.0,53.0,179.0,2838.53,0.08879558793781447,0.23226377631072778,2118.149006671414,188.08228638728593,491.96928707831955
7895,0.0,0.0,160.0,0.0,0.09062759311281245,0.27679506766571593,1776.9928389168283,161.04458396973578,491.8628530894761
9766,0.0,0.0,160.0,0.0,0.09062759311281245,0.27679506766571593,1776.9928389168283,161.04458396973578,491.8628530894761
5103,0.0,0.0,160.0,0.0,0.09062759311281245,0.27679506766571593,1776.9928389168283,161.04458396973578,491.8628530894761
6885,0.0,0.0,160.0,0.0,0.09062759311281245,0.27679506766571593,1776.9928389168283,161.04458396973578,491.8628530894761
9075,0.0,0.0,160.0,0.0,0.09062759311281245,0.27679506766571593,1776.9928389168283,161.04458396973578,491.8628530894761
9584,0.0,0.0,160.0,0.0,0.09062759311281245,0.27679506766571593,1776.9928389168283,161.04458396973578,491.8628530894761
8664,0.0,0.0,160.0,0.0,0.09062759311281245,0.27679506766571593,1776.9928389168283,161.04458396973578,491.8628530894761
6209,0.0,0.0,160.0,0.0,0.09062759311281245,0.27679506766571593,1776.9928389168283,161.04458396973578,491.8628530894761
9030,0.0,0.0,160.0,0.0,0.09062759311281245,0.27679506766571593,1776.9928389168283,161.04458396973578,491.8628530894761
6526,0.0,0.0,160.0,0.0,0.09062759311281245,0.27679506766571593,1776.9928389168283,161.04458396973578,491.8628530894761
5217,0.0,0.0,160.0,0.0,0.09062759311281245,0.27679506766571593,1776.9928389168283,161.04458396973578,491.8628530894761
6726,0.0,0.0,160.0,0.0,0.09062759311281245,0.27679506766571593,1776.9928389168283,161.04458396973578,491.8628530894761
2867,0.0,0.0,160.0,0.0,0.09062759311281245,0.27679506766571593,1776.9928389168283,161.04458396973578,491.8628530894761
9029,0.0,0.0,160.0,0.0,0.09062759311281245,0.27679506766571593,1776.9928389168283,161.04458396973578,491.8628530894761
1039,1.0,295.0,309.0,1137.1,0.1072180362285079,0.31296306874208524,1570.6075692735537,168.3974592631406,491.5421646693986
3936,1.0,92.0,130.0,204.55,0.15760133590958314,0.38673535198035686,1270.501324852466,200.23270607164392,491.3477770583282
1009,2.0,128.0,227.0,1283.245,0.13234905851551887,0.31969730883647596,1536.5138573107333,203.35616241112385,491.21934517219444
7964,0.0,0.0,161.0,0.0,0.09029787471892413,0.2760144077044563,1776.9928389168283,160.4586767449371,490.47562592868866
2154,0.0,0.0,161.0,0.0,0.09029787471892413,0.2760144077044563,1776.9928389168283,160.4586767449371,490.47562592868866
8338,0.0,0.0,161.0,0.0,0.09029787471892413,0.2760144077044563,1776.9928389168283,160.4586767449371,490.47562592868866
3196,0.0,0.0,161.0,0.0,0.09029787471892413,0.2760144077044563,1776.9928389168283,160.4586767449371,490.47562592868866
3891,0.0,0.0,161.0,0.0,0.09029787471892413,0.2760144077044563,1776.9928389168283,160.4586767449371,490.47562592868866
1903,0.0,0.0,161.0,0.0,0.09029787471892413,0.2760144077044563,1776.9928389168283,160.4586767449371,490.47562592868866
3071,0.0,0.0,161.0,0.0,0.09029787471892413,0.2760144077044563,1776.9928389168283,160.4586767449371,490.47562592868866
6592,0.0,0.0,161.0,0.0,0.09029787471892413,0.2760144077044563,1776.9928389168283,160.4586767449371,490.47562592868866
7740,0.0,0.0,161.0,0.0,0.09029787471892413,0.2760144077044563,1776.9928389168283,160.4586767449371,490.47562592868866
4396,0.0,0.0,161.0,0.0,0.09029787471892413,0.2760144077044563,1776.9928389168283,160.4586767449371,490.47562592868866
9211,1.0,289.0,326.0,1471.86,0.09885677181149781,0.2915785093874093,1678.337520892665,165.9150293255611,489.3671525908432
5172,0.0,0.0,162.0,0.0,0.08997055499115326,0.2752382839095023,1776.9928389168283,159.87703193265205,489.0964595029424
6138,0.0,0.0,162.0,0.0,0.08997055499115326,0.2752382839095023,1776.9928389168283,159.87703193265205,489.0964595029424
6399,0.0,0.0,162.0,0.0,0.08997055499115326,0.2752382839095023,1776.9928389168283,159.87703193265205,489.0964595029424
5552,0.0,0.0,162.0,0.0,0.08997055499115326,0.2752382839095023,1776.9928389168283,159.87703193265205,489.0964595029424
3105,0.0,0.0,162.0,0.0,0.08997055499115326,0.2752382839095023,1776.9928389168283,159.87703193265205,489.0964595029424
2597,0.0,0.0,162.0,0.0,0.08997055499115326,0.2752382839095023,1776.9928389168283,159.87703193265205,489.0964595029424
4728,0.0,0.0,163.0,0.0,0.08964560775944767,0.27446665555618677,1776.9928389168283,159.29960302888537,487.7252814447956
3488,0.0,0.0,163.0,0.0,0.08964560775944767,0.27446665555618677,1776.9928389168283,159.29960302888537,487.7252814447956
8384,0.0,0.0,163.0,0.0,0.08964560775944767,0.27446665555618677,1776.9928389168283,159.29960302888537,487.7252814447956
5180,0.0,0.0,163.0,0.0,0.08964560775944767,0.27446665555618677,1776.9928389168283,159.29960302888537,487.7252814447956
6946,0.0,0.0,163.0,0.0,0.08964560775944767,0.27446665555618677,1776.9928389168283,159.29960302888537,487.7252814447956
1345,0.0,0.0,163.0,0.0,0.08964560775944767,0.27446665555618677,1776.9928389168283,159.29960302888537,487.7252814447956
7388,0.0,0.0,163.0,0.0,0.08964560775944767,0.27446665555618677,1776.9928389168283,159.29960302888537,487.7252814447956
3845,1.0,220.0,253.0,893.55,0.11646984109869275,0.3267420552067619,1492.2301355394284,173.79980676895798,487.57434132761773
1403,1.0,237.0,302.0,1623.38,0.09714051305587396,0.28229068107405453,1727.098550493947,167.77123929303824,487.54382610094865
3202,0.0,0.0,164.0,0.0,0.08932300723437608,0.27369948242138015,1776.9928389168283,158.72634420600235,486.36202027803483
6176,0.0,0.0,164.0,0.0,0.08932300723437608,0.27369948242138015,1776.9928389168283,158.72634420600235,486.36202027803483
5413,0.0,0.0,164.0,0.0,0.08932300723437608,0.27369948242138015,1776.9928389168283,158.72634420600235,486.36202027803483
7581,0.0,0.0,164.0,0.0,0.08932300723437608,0.27369948242138015,1776.9928389168283,158.72634420600235,486.36202027803483
7283,0.0,0.0,164.0,0.0,0.08932300723437608,0.27369948242138015,1776.9928389168283,158.72634420600235,486.36202027803483
1545,1.0,217.0,242.0,712.1,0.12197937273115123,0.33914159110893755,1433.8372578919023,174.89856931620815,486.27384903273577
6947,2.0,248.0,363.0,1363.13,0.11343275152366082,0.30815264587833824,1575.3372457087848,178.6948383584528,485.4443404158559
4631,3.0,216.0,358.0,1903.8633333333335,0.10576558368196914,0.2621369589727778,1850.8248227755219,195.75356767393018,485.1695906337057
1956,0.0,0.0,165.0,0.0,0.08900272800021342,0.2729367247755674,1776.9928389168283,158.15721030044153,485.00660540359655
6340,0.0,0.0,165.0,0.0,0.08900272800021342,0.2729367247755674,1776.9928389168283,158.15721030044153,485.00660540359655
2237,0.0,0.0,165.0,0.0,0.08900272800021342,0.2729367247755674,1776.9928389168283,158.15721030044153,485.00660540359655
1710,0.0,0.0,165.0,0.0,0.08900272800021342,0.2729367247755674,1776.9928389168283,158.15721030044153,485.00660540359655
4561,0.0,0.0,165.0,0.0,0.08900272800021342,0.2729367247755674,1776.9928389168283,158.15721030044153,485.00660540359655
1801,0.0,0.0,165.0,0.0,0.08900272800021342,0.2729367247755674,1776.9928389168283,158.15721030044153,485.00660540359655
2307,0.0,0.0,165.0,0.0,0.08900272800021342,0.2729367247755674,1776.9928389168283,158.15721030044153,485.00660540359655
1092,0.0,0.0,165.0,0.0,0.08900272800021342,0.2729367247755674,1776.9928389168283,158.15721030044153,485.00660540359655
2394,0.0,0.0,165.0,0.0,0.08900272800021342,0.2729367247755674,1776.9928389168283,158.15721030044153,485.00660540359655
7562,0.0,0.0,165.0,0.0,0.08900272800021342,0.2729367247755674,1776.9928389168283,158.15721030044153,485.00660540359655
7312,0.0,0.0,165.0,0.0,0.08900272800021342,0.2729367247755674,1776.9928389168283,158.15721030044153,485.00660540359655
4619,0.0,0.0,165.0,0.0,0.08900272800021342,0.2729367247755674,1776.9928389168283,158.15721030044153,485.00660540359655
3582,0.0,0.0,165.0,0.0,0.08900272800021342,0.2729367247755674,1776.9928389168283,158.15721030044153,485.00660540359655
1083,0.0,0.0,165.0,0.0,0.08900272800021342,0.2729367247755674,1776.9928389168283,158.15721030044153,485.00660540359655
3361,0.0,0.0,165.0,0.0,0.08900272800021342,0.2729367247755674,1776.9928389168283,158.15721030044153,485.00660540359655
6671,1.0,77.0,172.0,1612.23,0.10834562618505382,0.2811003763164625,1723.510341148297,186.73480714812797,484.47940548210096
1953,1.0,126.0,261.0,2766.82,0.08186887423440618,0.2311426744991291,2095.071832485106,171.52117236577004,484.26050662839873
5614,0.0,0.0,166.0,0.0,0.08868474500816742,0.2721783433750737,1776.9928389168283,157.59215680067845,483.6589670857515
1440,0.0,0.0,166.0,0.0,0.08868474500816742,0.2721783433750737,1776.9928389168283,157.59215680067845,483.6589670857515
5611,0.0,0.0,166.0,0.0,0.08868474500816742,0.2721783433750737,1776.9928389168283,157.59215680067845,483.6589670857515
6027,0.0,0.0,166.0,0.0,0.08868474500816742,0.2721783433750737,1776.9928389168283,157.59215680067845,483.6589670857515
3347,0.0,0.0,166.0,0.0,0.08868474500816742,0.2721783433750737,1776.9928389168283,157.59215680067845,483.6589670857515
3598,0.0,0.0,166.0,0.0,0.08868474500816742,0.2721783433750737,1776.9928389168283,157.59215680067845,483.6589670857515
3065,0.0,0.0,166.0,0.0,0.08868474500816742,0.2721783433750737,1776.9928389168283,157.59215680067845,483.6589670857515
8188,0.0,0.0,166.0,0.0,0.08868474500816742,0.2721783433750737,1776.9928389168283,157.59215680067845,483.6589670857515
8741,0.0,0.0,166.0,0.0,0.08868474500816742,0.2721783433750737,1776.9928389168283,157.59215680067845,483.6589670857515
3222,0.0,0.0,166.0,0.0,0.08868474500816742,0.2721783433750737,1776.9928389168283,157.59215680067845,483.6589670857515
3851,0.0,0.0,166.0,0.0,0.08868474500816742,0.2721783433750737,1776.9928389168283,157.59215680067845,483.6589670857515
9330,1.0,141.0,242.0,1873.39,0.09615482535204577,0.26736658607267355,1807.5548929610843,173.80512504690884,483.279780869962
4243,1.0,77.0,240.0,3846.85,0.07124088820445078,0.19778096613854967,2442.638984018117,174.0157707842679,483.1074981867885
5332,0.0,0.0,167.0,0.0,0.08836903356976479,0.27142429945444063,1776.9928389168283,157.03113983547283,482.3190364385578
6082,0.0,0.0,167.0,0.0,0.08836903356976479,0.27142429945444063,1776.9928389168283,157.03113983547283,482.3190364385578
9425,0.0,0.0,167.0,0.0,0.08836903356976479,0.27142429945444063,1776.9928389168283,157.03113983547283,482.3190364385578
5299,0.0,0.0,167.0,0.0,0.08836903356976479,0.27142429945444063,1776.9928389168283,157.03113983547283,482.3190364385578
5877,0.0,0.0,167.0,0.0,0.08836903356976479,0.27142429945444063,1776.9928389168283,157.03113983547283,482.3190364385578
4060,0.0,0.0,167.0,0.0,0.08836903356976479,0.27142429945444063,1776.9928389168283,157.03113983547283,482.3190364385578
4865,0.0,0.0,167.0,0.0,0.08836903356976479,0.27142429945444063,1776.9928389168283,157.03113983547283,482.3190364385578
4092,0.0,0.0,167.0,0.0,0.08836903356976479,0.27142429945444063,1776.9928389168283,157.03113983547283,482.3190364385578
7790,0.0,0.0,167.0,0.0,0.08836903356976479,0.27142429945444063,1776.9928389168283,157.03113983547283,482.3190364385578
7612,0.0,0.0,167.0,0.0,0.08836903356976479,0.27142429945444063,1776.9928389168283,157.03113983547283,482.3190364385578
8049,1.0,67.0,138.0,885.99,0.1303807533366521,0.3237178612382927,1489.7972330593252,194.2408855651347,482.2739739646911
7066,1.0,271.0,359.0,2229.94,0.0835025441079005,0.25087461083872087,1922.2971388978533,160.51670162930895,482.2555466373855
9862,1.0,226.0,332.0,2346.43,0.08311795720789102,0.246033088732656,1959.7850767163206,162.89333214317054,482.17197567668154
5434,1.0,226.0,292.0,1509.33,0.09870385321445828,0.2849407709768363,1690.395835169061,166.8485823888586,481.6626925291053
1647,1.0,188.0,299.0,2269.44,0.08577482394471302,0.2487852395077672,1935.0087325439158,165.97503336543664,481.40161097555915
9259,0.0,0.0,168.0,0.0,0.08805556935036919,0.27067455471895674,1776.9928389168283,156.4741161623502,480.9867454125873
9100,0.0,0.0,168.0,0.0,0.08805556935036919,0.27067455471895674,1776.9928389168283,156.4741161623502,480.9867454125873
4820,0.0,0.0,168.0,0.0,0.08805556935036919,0.27067455471895674,1776.9928389168283,156.4741161623502,480.9867454125873
3027,0.0,0.0,168.0,0.0,0.08805556935036919,0.27067455471895674,1776.9928389168283,156.4741161623502,480.9867454125873
3595,0.0,0.0,168.0,0.0,0.08805556935036919,0.27067455471895674,1776.9928389168283,156.4741161623502,480.9867454125873
4323,1.0,51.0,112.0,563.71,0.14538810124394663,0.3468082739422014,1386.0835014073666,201.52004843517827,480.70522666285166
9571,1.0,191.0,324.0,2784.78,0.07754719902897833,0.2284727798283481,2100.85158493785,162.91515598752002,479.98740161754154
2995,0.0,0.0,169.0,0.0,0.0877443283628454,0.26992907133731686,1776.9928389168283,155.92104315634302,479.66202678188176
5098,0.0,0.0,169.0,0.0,0.0877443283628454,0.26992907133731686,1776.9928389168283,155.92104315634302,479.66202678188176
2557,0.0,0.0,169.0,0.0,0.0877443283628454,0.26992907133731686,1776.9928389168283,155.92104315634302,479.66202678188176
3651,0.0,0.0,169.0,0.0,0.0877443283628454,0.26992907133731686,1776.9928389168283,155.92104315634302,479.66202678188176
8353,0.0,0.0,169.0,0.0,0.0877443283628454,0.26992907133731686,1776.9928389168283,155.92104315634302,479.66202678188176
2144,0.0,0.0,169.0,0.0,0.0877443283628454,0.26992907133731686,1776.9928389168283,155.92104315634302,479.66202678188176
8340,1.0,236.0,246.0,521.19,0.12524241629207153,0.34936315229658926,1372.4000340192595,171.88269637989322,479.46600209691485
9831,2.0,270.0,343.0,748.76,0.13985985417402616,0.3746757559803982,1276.7589753187597,178.5673241034608,478.3706342823148
3870,0.0,0.0,170.0,0.0,0.08743528696135801,0.2691878119344337,1776.9928389168283,155.3718787989711,478.3448141311786
6241,0.0,0.0,170.0,0.0,0.08743528696135801,0.2691878119344337,1776.9928389168283,155.3718787989711,478.3448141311786
7518,0.0,0.0,170.0,0.0,0.08743528696135801,0.2691878119344337,1776.9928389168283,155.3718787989711,478.3448141311786
8796,0.0,0.0,170.0,0.0,0.08743528696135801,0.2691878119344337,1776.9928389168283,155.3718787989711,478.3448141311786
3079,0.0,0.0,170.0,0.0,0.08743528696135801,0.2691878119344337,1776.9928389168283,155.3718787989711,478.3448141311786
4665,0.0,0.0,170.0,0.0,0.08743528696135801,0.2691878119344337,1776.9928389168283,155.3718787989711,478.3448141311786
6450,0.0,0.0,170.0,0.0,0.08743528696135801,0.2691878119344337,1776.9928389168283,155.3718787989711,478.3448141311786
1466,0.0,0.0,170.0,0.0,0.08743528696135801,0.2691878119344337,1776.9928389168283,155.3718787989711,478.3448141311786
7734,0.0,0.0,170.0,0.0,0.08743528696135801,0.2691878119344337,1776.9928389168283,155.3718787989711,478.3448141311786
1174,0.0,0.0,170.0,0.0,0.08743528696135801,0.2691878119344337,1776.9928389168283,155.3718787989711,478.3448141311786
4352,0.0,0.0,170.0,0.0,0.08743528696135801,0.2691878119344337,1776.9928389168283,155.3718787989711,478.3448141311786
8904,1.0,195.0,307.0,2276.44,0.08458424712954232,0.246604396249331,1937.2614200254861,163.86179870596382,477.73718286250664
2596,0.0,0.0,171.0,0.0,0.08712842183530248,0.2684507395843879,1776.9928389168283,154.82658166745713,477.0350418433837
1505,0.0,0.0,171.0,0.0,0.08712842183530248,0.2684507395843879,1776.9928389168283,154.82658166745713,477.0350418433837
9646,0.0,0.0,171.0,0.0,0.08712842183530248,0.2684507395843879,1776.9928389168283,154.82658166745713,477.0350418433837
9192,0.0,0.0,171.0,0.0,0.08712842183530248,0.2684507395843879,1776.9928389168283,154.82658166745713,477.0350418433837
9606,0.0,0.0,171.0,0.0,0.08712842183530248,0.2684507395843879,1776.9928389168283,154.82658166745713,477.0350418433837
3382,0.0,0.0,171.0,0.0,0.08712842183530248,0.2684507395843879,1776.9928389168283,154.82658166745713,477.0350418433837
3009,0.0,0.0,171.0,0.0,0.08712842183530248,0.2684507395843879,1776.9928389168283,154.82658166745713,477.0350418433837
5133,0.0,0.0,171.0,0.0,0.08712842183530248,0.2684507395843879,1776.9928389168283,154.82658166745713,477.0350418433837
3947,0.0,0.0,171.0,0.0,0.08712842183530248,0.2684507395843879,1776.9928389168283,154.82658166745713,477.0350418433837
5448,0.0,0.0,171.0,0.0,0.08712842183530248,0.2684507395843879,1776.9928389168283,154.82658166745713,477.0350418433837
9345,1.0,225.0,318.0,1996.22,0.08791071734700555,0.2580609054578674,1847.0831220128628,162.37840225569735,476.659942922584
9012,1.0,349.0,351.0,1189.73,0.10035358306463339,0.3002023925386114,1587.5445610100594,159.31578497212996,476.5846754768794
5252,1.0,158.0,260.0,1870.23,0.09336677212165317,0.26339023035026876,1806.5379654693938,168.67061855109586,475.82445086148954
5427,0.0,0.0,172.0,0.0,0.08682371000336779,0.2677178178034999,1776.9928389168283,154.28511092417597,475.73264508725947
1315,0.0,0.0,172.0,0.0,0.08682371000336779,0.2677178178034999,1776.9928389168283,154.28511092417597,475.73264508725947
8062,0.0,0.0,172.0,0.0,0.08682371000336779,0.2677178178034999,1776.9928389168283,154.28511092417597,475.73264508725947
2714,0.0,0.0,172.0,0.0,0.08682371000336779,0.2677178178034999,1776.9928389168283,154.28511092417597,475.73264508725947
5224,0.0,0.0,172.0,0.0,0.08682371000336779,0.2677178178034999,1776.9928389168283,154.28511092417597,475.73264508725947
2225,0.0,0.0,172.0,0.0,0.08682371000336779,0.2677178178034999,1776.9928389168283,154.28511092417597,475.73264508725947
8442,1.0,2.0,57.0,415.6,0.1664369927033372,0.3551609690982919,1338.4198524221051,222.76257521157956,475.3544918466277
4245,2.0,186.0,254.0,574.925,0.1602421838396557,0.39818553135666823,1192.2767355719393,191.05302784926326,474.7473454779065
9109,0.0,0.0,173.0,0.0,0.08652112880772041,0.26698901054354535,1776.9928389168283,153.74742630631965,474.43755980536963
9712,0.0,0.0,173.0,0.0,0.08652112880772041,0.26698901054354535,1776.9928389168283,153.74742630631965,474.43755980536963
5531,0.0,0.0,173.0,0.0,0.08652112880772041,0.26698901054354535,1776.9928389168283,153.74742630631965,474.43755980536963
5801,0.0,0.0,173.0,0.0,0.08652112880772041,0.26698901054354535,1776.9928389168283,153.74742630631965,474.43755980536963
9768,0.0,0.0,173.0,0.0,0.08652112880772041,0.26698901054354535,1776.9928389168283,153.74742630631965,474.43755980536963
9754,0.0,0.0,173.0,0.0,0.08652112880772041,0.26698901054354535,1776.9928389168283,153.74742630631965,474.43755980536963
5276,1.0,113.0,269.0,3264.45,0.07403999427410106,0.21031145501083995,2255.215385550649,166.97613423303466,474.2976290979894
2636,0.0,0.0,174.0,0.0,0.08622065590831746,0.266264282185092,1776.9928389168283,153.21348811579205,473.14972270223814
5327,0.0,0.0,174.0,0.0,0.08622065590831746,0.266264282185092,1776.9928389168283,153.21348811579205,473.14972270223814
1295,0.0,0.0,174.0,0.0,0.08622065590831746,0.266264282185092,1776.9928389168283,153.21348811579205,473.14972270223814
2179,0.0,0.0,174.0,0.0,0.08622065590831746,0.266264282185092,1776.9928389168283,153.21348811579205,473.14972270223814
5418,0.0,0.0,174.0,0.0,0.08622065590831746,0.266264282185092,1776.9928389168283,153.21348811579205,473.14972270223814
3773,0.0,0.0,174.0,0.0,0.08622065590831746,0.266264282185092,1776.9928389168283,153.21348811579205,473.14972270223814
3150,0.0,0.0,174.0,0.0,0.08622065590831746,0.266264282185092,1776.9928389168283,153.21348811579205,473.14972270223814
9752,0.0,0.0,174.0,0.0,0.08622065590831746,0.266264282185092,1776.9928389168283,153.21348811579205,473.14972270223814
4638,1.0,236.0,236.0,297.98,0.1315184399169841,0.3638012846604279,1300.5682664816045,171.04870941319706,473.1484061345934
1241,1.0,46.0,170.0,2578.96,0.08980747766679886,0.2324748369195274,2034.6161367294378,182.72374325983756,472.9970545800149
4595,1.0,152.0,259.0,1935.32,0.0918126797151755,0.25880771253216744,1827.4847409231174,167.78627120274464,472.96714548575267
4431,2.0,174.0,245.0,603.0999999999999,0.15913438929809218,0.39183855969474474,1205.9695310669024,191.9112248384381,472.54536408900174
5280,1.0,54.0,167.0,2113.96,0.09716294715889083,0.25060575307319377,1884.9733254530436,183.14956361691281,472.3851597480424
6640,1.0,248.0,325.0,1754.16,0.0905520219969458,0.26693354846143885,1769.1851888998262,160.20329614192778,472.2548803584516
3860,0.0,0.0,175.0,0.0,0.08592226927733486,0.26554359753095913,1776.9928389168283,152.68325720930744,471.86907123272675
8214,0.0,0.0,175.0,0.0,0.08592226927733486,0.26554359753095913,1776.9928389168283,152.68325720930744,471.86907123272675
5107,0.0,0.0,175.0,0.0,0.08592226927733486,0.26554359753095913,1776.9928389168283,152.68325720930744,471.86907123272675
4610,0.0,0.0,175.0,0.0,0.08592226927733486,0.26554359753095913,1776.9928389168283,152.68325720930744,471.86907123272675
6891,0.0,0.0,175.0,0.0,0.08592226927733486,0.26554359753095913,1776.9928389168283,152.68325720930744,471.86907123272675
4654,0.0,0.0,175.0,0.0,0.08592226927733486,0.26554359753095913,1776.9928389168283,152.68325720930744,471.86907123272675
6731,0.0,0.0,175.0,0.0,0.08592226927733486,0.26554359753095913,1776.9928389168283,152.68325720930744,471.86907123272675
3968,0.0,0.0,175.0,0.0,0.08592226927733486,0.26554359753095913,1776.9928389168283,152.68325720930744,471.86907123272675
3465,0.0,0.0,175.0,0.0,0.08592226927733486,0.26554359753095913,1776.9928389168283,152.68325720930744,471.86907123272675
3241,0.0,0.0,176.0,0.0,0.08562594719371623,0.26482692179981093,1776.9928389168283,152.15669498870423,470.5955435906509
4904,0.0,0.0,176.0,0.0,0.08562594719371623,0.26482692179981093,1776.9928389168283,152.15669498870423,470.5955435906509
2405,0.0,0.0,176.0,0.0,0.08562594719371623,0.26482692179981093,1776.9928389168283,152.15669498870423,470.5955435906509
6071,0.0,0.0,176.0,0.0,0.08562594719371623,0.26482692179981093,1776.9928389168283,152.15669498870423,470.5955435906509
2169,0.0,0.0,176.0,0.0,0.08562594719371623,0.26482692179981093,1776.9928389168283,152.15669498870423,470.5955435906509
9992,1.0,105.0,155.0,368.27,0.1397106513457734,0.354935983951845,1323.1884669216504,184.86352256683912,469.6472004605693
2419,0.0,0.0,177.0,0.0,0.0853316682378342,0.26411422061985107,1776.9928389168283,151.63376339145793,469.3290786975747
1687,0.0,0.0,177.0,0.0,0.0853316682378342,0.26411422061985107,1776.9928389168283,151.63376339145793,469.3290786975747
7525,0.0,0.0,177.0,0.0,0.0853316682378342,0.26411422061985107,1776.9928389168283,151.63376339145793,469.3290786975747
1994,0.0,0.0,177.0,0.0,0.0853316682378342,0.26411422061985107,1776.9928389168283,151.63376339145793,469.3290786975747
2976,0.0,0.0,177.0,0.0,0.0853316682378342,0.26411422061985107,1776.9928389168283,151.63376339145793,469.3290786975747
1198,0.0,0.0,177.0,0.0,0.0853316682378342,0.26411422061985107,1776.9928389168283,151.63376339145793,469.3290786975747
2117,0.0,0.0,177.0,0.0,0.0853316682378342,0.26411422061985107,1776.9928389168283,151.63376339145793,469.3290786975747
2796,0.0,0.0,177.0,0.0,0.0853316682378342,0.26411422061985107,1776.9928389168283,151.63376339145793,469.3290786975747
7106,0.0,0.0,177.0,0.0,0.0853316682378342,0.26411422061985107,1776.9928389168283,151.63376339145793,469.3290786975747
9157,0.0,0.0,177.0,0.0,0.0853316682378342,0.26411422061985107,1776.9928389168283,151.63376339145793,469.3290786975747
1360,2.0,169.0,307.0,1803.98,0.10052454750379781,0.2620882317408066,1789.5863635066028,179.89735941046828,469.02952555890585
1327,1.0,248.0,248.0,343.93,0.12744730183563124,0.3560913889311903,1315.3555507356998,167.6385158957857,468.3867849998261
1208,0.0,0.0,178.0,0.0,0.08503941128626219,0.2634054600226552,1776.9928389168283,151.11442488139082,468.0696161918512
5371,0.0,0.0,178.0,0.0,0.08503941128626219,0.2634054600226552,1776.9928389168283,151.11442488139082,468.0696161918512
7812,0.0,0.0,178.0,0.0,0.08503941128626219,0.2634054600226552,1776.9928389168283,151.11442488139082,468.0696161918512
2207,0.0,0.0,178.0,0.0,0.08503941128626219,0.2634054600226552,1776.9928389168283,151.11442488139082,468.0696161918512
4660,0.0,0.0,178.0,0.0,0.08503941128626219,0.2634054600226552,1776.9928389168283,151.11442488139082,468.0696161918512
6944,0.0,0.0,178.0,0.0,0.08503941128626219,0.2634054600226552,1776.9928389168283,151.11442488139082,468.0696161918512
1477,0.0,0.0,178.0,0.0,0.08503941128626219,0.2634054600226552,1776.9928389168283,151.11442488139082,468.0696161918512
7094,0.0,0.0,178.0,0.0,0.08503941128626219,0.2634054600226552,1776.9928389168283,151.11442488139082,468.0696161918512
9369,1.0,151.0,245.0,1556.82,0.09828429285454458,0.2739654398930949,1705.6787106691004,167.6414259151639,467.297018284747
4548,0.0,0.0,179.0,0.0,0.08474915550665778,0.26270060643710264,1776.9928389168283,150.59864243957955,466.8170964178394
5054,0.0,0.0,179.0,0.0,0.08474915550665778,0.26270060643710264,1776.9928389168283,150.59864243957955,466.8170964178394
6587,0.0,0.0,179.0,0.0,0.08474915550665778,0.26270060643710264,1776.9928389168283,150.59864243957955,466.8170964178394
1349,0.0,0.0,179.0,0.0,0.08474915550665778,0.26270060643710264,1776.9928389168283,150.59864243957955,466.8170964178394
4956,0.0,0.0,179.0,0.0,0.08474915550665778,0.26270060643710264,1776.9928389168283,150.59864243957955,466.8170964178394
1164,0.0,0.0,179.0,0.0,0.08474915550665778,0.26270060643710264,1776.9928389168283,150.59864243957955,466.8170964178394
6990,0.0,0.0,179.0,0.0,0.08474915550665778,0.26270060643710264,1776.9928389168283,150.59864243957955,466.8170964178394
6358,0.0,0.0,179.0,0.0,0.08474915550665778,0.26270060643710264,1776.9928389168283,150.59864243957955,466.8170964178394
9090,0.0,0.0,179.0,0.0,0.08474915550665778,0.26270060643710264,1776.9928389168283,150.59864243957955,466.8170964178394
5424,0.0,0.0,179.0,0.0,0.08474915550665778,0.26270060643710264,1776.9928389168283,150.59864243957955,466.8170964178394
6274,0.0,0.0,179.0,0.0,0.08474915550665778,0.26270060643710264,1776.9928389168283,150.59864243957955,466.8170964178394
4168,1.0,32.0,201.0,4602.87,0.06482945592903204,0.17363190823117278,2685.935668278719,174.12774803489043,466.36413546940423
6564,1.0,13.0,98.0,1376.03,0.12145390194009426,0.2827631676860732,1647.4982292698237,200.0950883842161,465.8518180655318
7714,1.0,62.0,291.0,6480.56,0.04904008779012584,0.14150491972430004,3290.1997764627768,161.351685884787,465.5794552452752
9420,0.0,0.0,180.0,0.0,0.08446088035275007,0.2619996266834206,1776.9928389168283,150.0863795554479,465.57146041532076
9241,0.0,0.0,180.0,0.0,0.08446088035275007,0.2619996266834206,1776.9928389168283,150.0863795554479,465.57146041532076
2385,0.0,0.0,180.0,0.0,0.08446088035275007,0.2619996266834206,1776.9928389168283,150.0863795554479,465.57146041532076
3394,0.0,0.0,180.0,0.0,0.08446088035275007,0.2619996266834206,1776.9928389168283,150.0863795554479,465.57146041532076
6858,0.0,0.0,180.0,0.0,0.08446088035275007,0.2619996266834206,1776.9928389168283,150.0863795554479,465.57146041532076
8964,0.0,0.0,180.0,0.0,0.08446088035275007,0.2619996266834206,1776.9928389168283,150.0863795554479,465.57146041532076
8947,0.0,0.0,180.0,0.0,0.08446088035275007,0.2619996266834206,1776.9928389168283,150.0863795554479,465.57146041532076
6425,0.0,0.0,180.0,0.0,0.08446088035275007,0.2619996266834206,1776.9928389168283,150.0863795554479,465.57146041532076
6330,0.0,0.0,181.0,0.0,0.08417456555942943,0.26130248796734745,1776.9928389168283,149.57760021804117,464.3326499091271
1131,0.0,0.0,181.0,0.0,0.08417456555942943,0.26130248796734745,1776.9928389168283,149.57760021804117,464.3326499091271
6772,0.0,0.0,181.0,0.0,0.08417456555942943,0.26130248796734745,1776.9928389168283,149.57760021804117,464.3326499091271
8242,0.0,0.0,181.0,0.0,0.08417456555942943,0.26130248796734745,1776.9928389168283,149.57760021804117,464.3326499091271
2189,0.0,0.0,181.0,0.0,0.08417456555942943,0.26130248796734745,1776.9928389168283,149.57760021804117,464.3326499091271
9627,0.0,0.0,181.0,0.0,0.08417456555942943,0.26130248796734745,1776.9928389168283,149.57760021804117,464.3326499091271
6906,0.0,0.0,181.0,0.0,0.08417456555942943,0.26130248796734745,1776.9928389168283,149.57760021804117,464.3326499091271
6471,1.0,62.0,225.0,3712.75,0.07054672702288568,0.19331392686840512,2399.48392812099,169.27573767295294,463.85366060269456
8393,1.0,239.0,325.0,1772.96,0.08854419233460017,0.2610167367901121,1775.2352638503485,157.18677264152996,463.36611560495163
1269,0.0,0.0,182.0,0.0,0.08389019113794487,0.26060915787440003,1776.9928389168283,149.072268907492,463.100607298954
8154,0.0,0.0,182.0,0.0,0.08389019113794487,0.26060915787440003,1776.9928389168283,149.072268907492,463.100607298954
5443,0.0,0.0,182.0,0.0,0.08389019113794487,0.26060915787440003,1776.9928389168283,149.072268907492,463.100607298954
9008,0.0,0.0,182.0,0.0,0.08389019113794487,0.26060915787440003,1776.9928389168283,149.072268907492,463.100607298954
4272,0.0,0.0,182.0,0.0,0.08389019113794487,0.26060915787440003,1776.9928389168283,149.072268907492,463.100607298954
2278,0.0,0.0,182.0,0.0,0.08389019113794487,0.26060915787440003,1776.9928389168283,149.072268907492,463.100607298954
8996,0.0,0.0,182.0,0.0,0.08389019113794487,0.26060915787440003,1776.9928389168283,149.072268907492,463.100607298954
2308,0.0,0.0,182.0,0.0,0.08389019113794487,0.26060915787440003,1776.9928389168283,149.072268907492,463.100607298954
3812,1.0,73.0,198.0,2284.02,0.08934234488343418,0.23852395093812548,1939.7007587555522,173.2974141593975,462.6650886160541
1529,1.0,118.0,290.0,3556.36,0.06827636482176216,0.1968588784637881,2349.155671657508,160.39180966119974,462.4521508593439
5221,2.0,164.0,304.0,1815.85,0.09900384143532887,0.25749505020397695,1795.3550762847829,177.7470492926114,462.295045501915
7227,1.0,191.0,208.0,174.5,0.13592805002863728,0.36648271760986817,1260.8308593065321,171.38228012146803,462.07271976504325
4427,0.0,0.0,183.0,0.0,0.08360773737118762,0.2599196043642333,1776.9928389168283,148.5703505866393,461.8752756493377
7929,0.0,0.0,183.0,0.0,0.08360773737118762,0.2599196043642333,1776.9928389168283,148.5703505866393,461.8752756493377
8841,0.0,0.0,183.0,0.0,0.08360773737118762,0.2599196043642333,1776.9928389168283,148.5703505866393,461.8752756493377
5358,0.0,0.0,183.0,0.0,0.08360773737118762,0.2599196043642333,1776.9928389168283,148.5703505866393,461.8752756493377
7796,0.0,0.0,183.0,0.0,0.08360773737118762,0.2599196043642333,1776.9928389168283,148.5703505866393,461.8752756493377
4175,0.0,0.0,183.0,0.0,0.08360773737118762,0.2599196043642333,1776.9928389168283,148.5703505866393,461.8752756493377
7580,0.0,0.0,183.0,0.0,0.08360773737118762,0.2599196043642333,1776.9928389168283,148.5703505866393,461.8752756493377
9227,0.0,0.0,183.0,0.0,0.08360773737118762,0.2599196043642333,1776.9928389168283,148.5703505866393,461.8752756493377
8095,0.0,0.0,183.0,0.0,0.08360773737118762,0.2599196043642333,1776.9928389168283,148.5703505866393,461.8752756493377
1054,0.0,0.0,183.0,0.0,0.08360773737118762,0.2599196043642333,1776.9928389168283,148.5703505866393,461.8752756493377
5264,0.0,0.0,183.0,0.0,0.08360773737118762,0.2599196043642333,1776.9928389168283,148.5703505866393,461.8752756493377
4356,0.0,0.0,183.0,0.0,0.08360773737118762,0.2599196043642333,1776.9928389168283,148.5703505866393,461.8752756493377
2797,0.0,0.0,183.0,0.0,0.08360773737118762,0.2599196043642333,1776.9928389168283,148.5703505866393,461.8752756493377
5242,1.0,152.0,186.0,229.01,0.1370188385773062,0.3611270124450307,1278.3728585380973,175.16116434564105,461.65497119467693
6503,1.0,91.0,176.0,1096.32,0.1136770471728898,0.2962987248062391,1557.4840556308566,177.0501884629726,461.48053958947236
9681,1.0,59.0,110.0,138.05,0.15539638445500834,0.36942542587148147,1249.1007937774516,194.10574717289694,461.4495926976406
4735,0.0,0.0,184.0,0.0,0.08332718480908466,0.2592337957651172,1776.9928389168283,148.07181069284255,460.65659867984084
3189,0.0,0.0,184.0,0.0,0.08332718480908466,0.2592337957651172,1776.9928389168283,148.07181069284255,460.65659867984084
3343,0.0,0.0,184.0,0.0,0.08332718480908466,0.2592337957651172,1776.9928389168283,148.07181069284255,460.65659867984084
4273,0.0,0.0,184.0,0.0,0.08332718480908466,0.2592337957651172,1776.9928389168283,148.07181069284255,460.65659867984084
6128,0.0,0.0,184.0,0.0,0.08332718480908466,0.2592337957651172,1776.9928389168283,148.07181069284255,460.65659867984084
8330,0.0,0.0,184.0,0.0,0.08332718480908466,0.2592337957651172,1776.9928389168283,148.07181069284255,460.65659867984084
7945,0.0,0.0,184.0,0.0,0.08332718480908466,0.2592337957651172,1776.9928389168283,148.07181069284255,460.65659867984084
9308,2.0,249.0,353.0,1033.96,0.12046495754132558,0.32503000934444537,1415.3635991044805,170.501715871659,460.03564384271715
8636,1.0,51.0,176.0,2390.07,0.08935373578252982,0.23292564737318122,1973.828974101488,176.36899263176625,459.75539159653124
5710,1.0,119.0,178.0,545.82,0.12744229558736705,0.3329199347356387,1380.326275829447,175.91194925126592,459.5381336630267
1868,0.0,0.0,185.0,0.0,0.08304851426407728,0.2585517007685119,1776.9928389168283,147.57661512994738,459.44452075541227
6046,0.0,0.0,185.0,0.0,0.08304851426407728,0.2585517007685119,1776.9928389168283,147.57661512994738,459.44452075541227
6984,0.0,0.0,185.0,0.0,0.08304851426407728,0.2585517007685119,1776.9928389168283,147.57661512994738,459.44452075541227
9448,0.0,0.0,185.0,0.0,0.08304851426407728,0.2585517007685119,1776.9928389168283,147.57661512994738,459.44452075541227
8794,0.0,0.0,185.0,0.0,0.08304851426407728,0.2585517007685119,1776.9928389168283,147.57661512994738,459.44452075541227
5265,0.0,0.0,185.0,0.0,0.08304851426407728,0.2585517007685119,1776.9928389168283,147.57661512994738,459.44452075541227
4809,0.0,0.0,185.0,0.0,0.08304851426407728,0.2585517007685119,1776.9928389168283,147.57661512994738,459.44452075541227
9038,0.0,0.0,185.0,0.0,0.08304851426407728,0.2585517007685119,1776.9928389168283,147.57661512994738,459.44452075541227
2858,0.0,0.0,185.0,0.0,0.08304851426407728,0.2585517007685119,1776.9928389168283,147.57661512994738,459.44452075541227
5069,0.0,0.0,185.0,0.0,0.08304851426407728,0.2585517007685119,1776.9928389168283,147.57661512994738,459.44452075541227
8151,0.0,0.0,185.0,0.0,0.08304851426407728,0.2585517007685119,1776.9928389168283,147.57661512994738,459.44452075541227
8392,0.0,0.0,185.0,0.0,0.08304851426407728,0.2585517007685119,1776.9928389168283,147.57661512994738,459.44452075541227
4960,1.0,251.0,269.0,577.31,0.1163088800747347,0.3303229590176015,1390.4601513715797,161.7228629945745,459.3009115971223
7073,1.0,187.0,264.0,1263.08,0.10074280362328518,0.2850601606051013,1611.1495076920417,162.31171846117195,459.2745374215233
4319,1.0,231.0,280.0,980.87,0.10551361602336368,0.30207478319964176,1520.3308028096535,160.41560055615003,459.2535976504634
7923,2.0,128.0,273.0,2140.405,0.09282418836220795,0.2350056960692357,1953.0858745764285,181.29361110925004,458.98630543782554
2528,0.0,0.0,186.0,0.0,0.08277170680669478,0.25787328842373375,1776.9928389168283,147.08473026041992,458.2389868769087
6872,0.0,0.0,186.0,0.0,0.08277170680669478,0.25787328842373375,1776.9928389168283,147.08473026041992,458.2389868769087
9416,0.0,0.0,186.0,0.0,0.08277170680669478,0.25787328842373375,1776.9928389168283,147.08473026041992,458.2389868769087
4270,0.0,0.0,186.0,0.0,0.08277170680669478,0.25787328842373375,1776.9928389168283,147.08473026041992,458.2389868769087
1513,0.0,0.0,186.0,0.0,0.08277170680669478,0.25787328842373375,1776.9928389168283,147.08473026041992,458.2389868769087
4877,0.0,0.0,186.0,0.0,0.08277170680669478,0.25787328842373375,1776.9928389168283,147.08473026041992,458.2389868769087
7571,0.0,0.0,186.0,0.0,0.08277170680669478,0.25787328842373375,1776.9928389168283,147.08473026041992,458.2389868769087
1966,0.0,0.0,186.0,0.0,0.08277170680669478,0.25787328842373375,1776.9928389168283,147.08473026041992,458.2389868769087
8321,0.0,0.0,186.0,0.0,0.08277170680669478,0.25787328842373375,1776.9928389168283,147.08473026041992,458.2389868769087
5722,0.0,0.0,186.0,0.0,0.08277170680669478,0.25787328842373375,1776.9928389168283,147.08473026041992,458.2389868769087
2063,0.0,0.0,186.0,0.0,0.08277170680669478,0.25787328842373375,1776.9928389168283,147.08473026041992,458.2389868769087
8922,0.0,0.0,186.0,0.0,0.08277170680669478,0.25787328842373375,1776.9928389168283,147.08473026041992,458.2389868769087
5030,0.0,0.0,186.0,0.0,0.08277170680669478,0.25787328842373375,1776.9928389168283,147.08473026041992,458.2389868769087
9575,0.0,0.0,186.0,0.0,0.08277170680669478,0.25787328842373375,1776.9928389168283,147.08473026041992,458.2389868769087
4493,0.0,0.0,186.0,0.0,0.08277170680669478,0.25787328842373375,1776.9928389168283,147.08473026041992,458.2389868769087
3581,1.0,172.0,283.0,1917.96,0.08764700588695286,0.25147197961536905,1821.8980759687993,159.68391138986544,458.15631582130595
1564,0.0,0.0,187.0,0.0,0.08249674376121506,0.25719852813271604,1776.9928389168283,146.5961228976357,457.0399426717848
3521,0.0,0.0,187.0,0.0,0.08249674376121506,0.25719852813271604,1776.9928389168283,146.5961228976357,457.0399426717848
3406,0.0,0.0,187.0,0.0,0.08249674376121506,0.25719852813271604,1776.9928389168283,146.5961228976357,457.0399426717848
6370,0.0,0.0,187.0,0.0,0.08249674376121506,0.25719852813271604,1776.9928389168283,146.5961228976357,457.0399426717848
8271,0.0,0.0,187.0,0.0,0.08249674376121506,0.25719852813271604,1776.9928389168283,146.5961228976357,457.0399426717848
8017,0.0,0.0,187.0,0.0,0.08249674376121506,0.25719852813271604,1776.9928389168283,146.5961228976357,457.0399426717848
4237,0.0,0.0,187.0,0.0,0.08249674376121506,0.25719852813271604,1776.9928389168283,146.5961228976357,457.0399426717848
2004,0.0,0.0,187.0,0.0,0.08249674376121506,0.25719852813271604,1776.9928389168283,146.5961228976357,457.0399426717848
6955,0.0,0.0,187.0,0.0,0.08249674376121506,0.25719852813271604,1776.9928389168283,146.5961228976357,457.0399426717848
8885,0.0,0.0,187.0,0.0,0.08249674376121506,0.25719852813271604,1776.9928389168283,146.5961228976357,457.0399426717848
8801,0.0,0.0,187.0,0.0,0.08249674376121506,0.25719852813271604,1776.9928389168283,146.5961228976357,457.0399426717848
6543,1.0,98.0,195.0,1364.45,0.10430045132939947,0.27757844593779385,1643.771640550302,171.44612399186389,456.27557746057073
2417,2.0,106.0,218.0,1453.9499999999998,0.11773058599384228,0.28151499183664974,1619.4749453308716,190.66173431614922,455.9064760144791
9680,0.0,0.0,188.0,0.0,0.0822236067014187,0.25652738964487837,1776.9928389168283,146.11076029833478,455.8473343849758
8221,0.0,0.0,188.0,0.0,0.0822236067014187,0.25652738964487837,1776.9928389168283,146.11076029833478,455.8473343849758
6321,0.0,0.0,188.0,0.0,0.0822236067014187,0.25652738964487837,1776.9928389168283,146.11076029833478,455.8473343849758
2583,0.0,0.0,188.0,0.0,0.0822236067014187,0.25652738964487837,1776.9928389168283,146.11076029833478,455.8473343849758
1490,0.0,0.0,188.0,0.0,0.0822236067014187,0.25652738964487837,1776.9928389168283,146.11076029833478,455.8473343849758
9923,0.0,0.0,188.0,0.0,0.0822236067014187,0.25652738964487837,1776.9928389168283,146.11076029833478,455.8473343849758
6857,0.0,0.0,188.0,0.0,0.0822236067014187,0.25652738964487837,1776.9928389168283,146.11076029833478,455.8473343849758
1532,0.0,0.0,188.0,0.0,0.0822236067014187,0.25652738964487837,1776.9928389168283,146.11076029833478,455.8473343849758
8264,0.0,0.0,188.0,0.0,0.0822236067014187,0.25652738964487837,1776.9928389168283,146.11076029833478,455.8473343849758
3727,0.0,0.0,188.0,0.0,0.0822236067014187,0.25652738964487837,1776.9928389168283,146.11076029833478,455.8473343849758
9736,0.0,0.0,188.0,0.0,0.0822236067014187,0.25652738964487837,1776.9928389168283,146.11076029833478,455.8473343849758
3784,1.0,81.0,166.0,1023.01,0.11536045949317798,0.2971577785020049,1533.891981448766,176.95048379283088,455.8079336693539
6639,1.0,326.0,327.0,794.58,0.10568274868173043,0.3118881763287956,1460.3803526748557,154.33700979147363,455.4753649421641
6594,1.0,168.0,337.0,3287.97,0.06778995513827803,0.20124949517549462,2262.7844154887507,153.3940540135771,455.3842213080878
8710,0.0,0.0,189.0,0.0,0.08195227744641935,0.2558598430520736,1776.9928389168283,145.62861015521227,454.6611088699184
8688,0.0,0.0,189.0,0.0,0.08195227744641935,0.2558598430520736,1776.9928389168283,145.62861015521227,454.6611088699184
3020,0.0,0.0,189.0,0.0,0.08195227744641935,0.2558598430520736,1776.9928389168283,145.62861015521227,454.6611088699184
9429,0.0,0.0,189.0,0.0,0.08195227744641935,0.2558598430520736,1776.9928389168283,145.62861015521227,454.6611088699184
7766,0.0,0.0,189.0,0.0,0.08195227744641935,0.2558598430520736,1776.9928389168283,145.62861015521227,454.6611088699184
3884,0.0,0.0,189.0,0.0,0.08195227744641935,0.2558598430520736,1776.9928389168283,145.62861015521227,454.6611088699184
7564,1.0,161.0,227.0,850.34,0.11195966881809583,0.3072914429233976,1478.3246175281342,165.5127345840881,454.27650482940027
3803,1.0,173.0,314.0,2571.81,0.0762955835649329,0.22342527760124034,2032.3151773732627,155.0566724455632,454.0705826778352
4825,1.0,121.0,177.0,436.56,0.12929458498125704,0.33737161950776673,1345.1650423669514,173.92255588413002,453.82050884857205
1365,1.0,288.0,344.0,1407.06,0.0918692092568407,0.27378085333503005,1657.4840710631806,152.27175096438356,453.78740336489716
5727,0.0,0.0,190.0,0.0,0.08168273805658587,0.2551958587836261,1776.9928389168283,145.14964058967217,453.4812135797338
7058,0.0,0.0,190.0,0.0,0.08168273805658587,0.2551958587836261,1776.9928389168283,145.14964058967217,453.4812135797338
4464,0.0,0.0,190.0,0.0,0.08168273805658587,0.2551958587836261,1776.9928389168283,145.14964058967217,453.4812135797338
3204,0.0,0.0,190.0,0.0,0.08168273805658587,0.2551958587836261,1776.9928389168283,145.14964058967217,453.4812135797338
9466,0.0,0.0,190.0,0.0,0.08168273805658587,0.2551958587836261,1776.9928389168283,145.14964058967217,453.4812135797338
4309,0.0,0.0,190.0,0.0,0.08168273805658587,0.2551958587836261,1776.9928389168283,145.14964058967217,453.4812135797338
4925,0.0,0.0,190.0,0.0,0.08168273805658587,0.2551958587836261,1776.9928389168283,145.14964058967217,453.4812135797338
1885,0.0,0.0,190.0,0.0,0.08168273805658587,0.2551958587836261,1776.9928389168283,145.14964058967217,453.4812135797338
8316,0.0,0.0,190.0,0.0,0.08168273805658587,0.2551958587836261,1776.9928389168283,145.14964058967217,453.4812135797338
7245,0.0,0.0,190.0,0.0,0.08168273805658587,0.2551958587836261,1776.9928389168283,145.14964058967217,453.4812135797338
2501,0.0,0.0,190.0,0.0,0.08168273805658587,0.2551958587836261,1776.9928389168283,145.14964058967217,453.4812135797338
9302,0.0,0.0,190.0,0.0,0.08168273805658587,0.2551958587836261,1776.9928389168283,145.14964058967217,453.4812135797338
5581,1.0,70.0,271.0,4860.37,0.05750623988831176,0.16360133469355856,2768.8023863511403,159.22341423283873,452.9797659097565
6135,2.0,172.0,361.0,2828.8450000000003,0.07296230158416292,0.19799936021373662,2287.661495891444,166.9130479857088,452.95551257210553
5504,0.0,0.0,191.0,0.0,0.08141497082954163,0.25453540760146715,1776.9928389168283,144.67382014471795,452.30759655858316
3123,0.0,0.0,191.0,0.0,0.08141497082954163,0.25453540760146715,1776.9928389168283,144.67382014471795,452.30759655858316
9111,0.0,0.0,191.0,0.0,0.08141497082954163,0.25453540760146715,1776.9928389168283,144.67382014471795,452.30759655858316
4065,0.0,0.0,191.0,0.0,0.08141497082954163,0.25453540760146715,1776.9928389168283,144.67382014471795,452.30759655858316
3205,0.0,0.0,191.0,0.0,0.08141497082954163,0.25453540760146715,1776.9928389168283,144.67382014471795,452.30759655858316
9550,0.0,0.0,191.0,0.0,0.08141497082954163,0.25453540760146715,1776.9928389168283,144.67382014471795,452.30759655858316
1867,0.0,0.0,191.0,0.0,0.08141497082954163,0.25453540760146715,1776.9928389168283,144.67382014471795,452.30759655858316
3345,0.0,0.0,191.0,0.0,0.08141497082954163,0.25453540760146715,1776.9928389168283,144.67382014471795,452.30759655858316
8755,0.0,0.0,191.0,0.0,0.08141497082954163,0.25453540760146715,1776.9928389168283,144.67382014471795,452.30759655858316
5291,0.0,0.0,191.0,0.0,0.08141497082954163,0.25453540760146715,1776.9928389168283,144.67382014471795,452.30759655858316
7005,1.0,173.0,222.0,555.04,0.11955494571955502,0.3266500819374438,1383.29338705518,165.37956580360145,451.8528982250987
7657,1.0,234.0,340.0,1999.9,0.08217637324530423,0.24435843503388724,1848.2673920031766,151.88391106237808,451.63972743406043
7967,0.0,0.0,192.0,0.0,0.08114895829624348,0.25387846059534647,1776.9928389168283,144.20111777798502,451.1402064331588
6524,0.0,0.0,192.0,0.0,0.08114895829624348,0.25387846059534647,1776.9928389168283,144.20111777798502,451.1402064331588
2114,0.0,0.0,192.0,0.0,0.08114895829624348,0.25387846059534647,1776.9928389168283,144.20111777798502,451.1402064331588
3111,0.0,0.0,192.0,0.0,0.08114895829624348,0.25387846059534647,1776.9928389168283,144.20111777798502,451.1402064331588
3107,0.0,0.0,192.0,0.0,0.08114895829624348,0.25387846059534647,1776.9928389168283,144.20111777798502,451.1402064331588
8610,0.0,0.0,192.0,0.0,0.08114895829624348,0.25387846059534647,1776.9928389168283,144.20111777798502,451.1402064331588
6712,1.0,228.0,340.0,2086.04,0.08086589969735342,0.24046284034708748,1875.988320526517,151.70348336110382,451.10548001176863
5684,1.0,231.0,342.0,2071.02,0.08086265906092815,0.24072245339670836,1871.1546968160274,151.3065442988888,450.42894930232814
9484,0.0,0.0,193.0,0.0,0.08088468321713922,0.25322498917812797,1776.9928389168283,143.73150285491258,449.97899240432474
4575,0.0,0.0,193.0,0.0,0.08088468321713922,0.25322498917812797,1776.9928389168283,143.73150285491258,449.97899240432474
8730,0.0,0.0,193.0,0.0,0.08088468321713922,0.25322498917812797,1776.9928389168283,143.73150285491258,449.97899240432474
7569,0.0,0.0,193.0,0.0,0.08088468321713922,0.25322498917812797,1776.9928389168283,143.73150285491258,449.97899240432474
3144,0.0,0.0,193.0,0.0,0.08088468321713922,0.25322498917812797,1776.9928389168283,143.73150285491258,449.97899240432474
6433,0.0,0.0,193.0,0.0,0.08088468321713922,0.25322498917812797,1776.9928389168283,143.73150285491258,449.97899240432474
8054,0.0,0.0,193.0,0.0,0.08088468321713922,0.25322498917812797,1776.9928389168283,143.73150285491258,449.97899240432474
5668,0.0,0.0,193.0,0.0,0.08088468321713922,0.25322498917812797,1776.9928389168283,143.73150285491258,449.97899240432474
5537,0.0,0.0,193.0,0.0,0.08088468321713922,0.25322498917812797,1776.9928389168283,143.73150285491258,449.97899240432474
5578,0.0,0.0,193.0,0.0,0.08088468321713922,0.25322498917812797,1776.9928389168283,143.73150285491258,449.97899240432474
2601,2.0,253.0,353.0,915.84,0.12276038646767869,0.33121849949179116,1357.9583460835483,166.70349137222615,449.7809257621473
6332,1.0,218.0,290.0,1228.12,0.09750748842219738,0.28110713050335295,1599.8989427840359,156.0021276402002,449.74300090136836
3767,2.0,105.0,290.0,3589.495,0.06582172998153955,0.16922732420949907,2657.3305249328796,174.91009228383476,449.69293427461474
9965,1.0,169.0,241.0,966.13,0.10679233746275615,0.2966849619809794,1515.5872865984395,161.85310896468349,449.6519565033137
1483,1.0,306.0,327.0,904.56,0.10184566999728052,0.30056842621260754,1495.7732911354565,152.33803299972791,449.5822240874366
7469,1.0,53.0,161.0,1674.12,0.10069733072264793,0.25781565613425905,1743.4273166104351,175.5584770916196,449.48285755430993
2013,1.0,291.0,295.0,533.78,0.1127877366802516,0.326237855050642,1376.451653361126,155.24686663239166,449.0506349734436
3576,0.0,0.0,194.0,0.0,0.0806221285784018,0.2525749650811858,1776.9928389168283,143.26494514205177,448.82390423893514
7545,0.0,0.0,194.0,0.0,0.0806221285784018,0.2525749650811858,1776.9928389168283,143.26494514205177,448.82390423893514
3578,0.0,0.0,194.0,0.0,0.0806221285784018,0.2525749650811858,1776.9928389168283,143.26494514205177,448.82390423893514
3334,0.0,0.0,194.0,0.0,0.0806221285784018,0.2525749650811858,1776.9928389168283,143.26494514205177,448.82390423893514
8024,0.0,0.0,194.0,0.0,0.0806221285784018,0.2525749650811858,1776.9928389168283,143.26494514205177,448.82390423893514
1929,1.0,262.0,319.0,1198.76,0.09594487198403298,0.2818080612713741,1590.4505278612937,152.5955722925895,448.2017798046247
6979,1.0,216.0,306.0,1548.37,0.09033199101297984,0.26318833076881937,1702.9593950663304,153.83171277060134,448.1990405545859
8013,1.0,116.0,229.0,1699.24,0.09296588024570447,0.2556326863704388,1751.5112465443344,162.83078479524517,447.74352516216413
1130,0.0,0.0,195.0,0.0,0.08036127758823663,0.25192836034984933,1776.9928389168283,142.80141480050392,447.67489226174047
5905,0.0,0.0,195.0,0.0,0.08036127758823663,0.25192836034984933,1776.9928389168283,142.80141480050392,447.67489226174047
5607,0.0,0.0,195.0,0.0,0.08036127758823663,0.25192836034984933,1776.9928389168283,142.80141480050392,447.67489226174047
7576,0.0,0.0,195.0,0.0,0.08036127758823663,0.25192836034984933,1776.9928389168283,142.80141480050392,447.67489226174047
2429,0.0,0.0,195.0,0.0,0.08036127758823663,0.25192836034984933,1776.9928389168283,142.80141480050392,447.67489226174047
4999,0.0,0.0,195.0,0.0,0.08036127758823663,0.25192836034984933,1776.9928389168283,142.80141480050392,447.67489226174047
8430,0.0,0.0,195.0,0.0,0.08036127758823663,0.25192836034984933,1776.9928389168283,142.80141480050392,447.67489226174047
9141,0.0,0.0,195.0,0.0,0.08036127758823663,0.25192836034984933,1776.9928389168283,142.80141480050392,447.67489226174047
2788,0.0,0.0,195.0,0.0,0.08036127758823663,0.25192836034984933,1776.9928389168283,142.80141480050392,447.67489226174047
8203,0.0,0.0,196.0,0.0,0.08010211367326055,0.25128514733896173,1776.9928389168283,142.34088237948575,446.5319073474951
5426,0.0,0.0,196.0,0.0,0.08010211367326055,0.25128514733896173,1776.9928389168283,142.34088237948575,446.5319073474951
5313,0.0,0.0,196.0,0.0,0.08010211367326055,0.25128514733896173,1776.9928389168283,142.34088237948575,446.5319073474951
4341,0.0,0.0,196.0,0.0,0.08010211367326055,0.25128514733896173,1776.9928389168283,142.34088237948575,446.5319073474951
7637,0.0,0.0,196.0,0.0,0.08010211367326055,0.25128514733896173,1776.9928389168283,142.34088237948575,446.5319073474951
3073,0.0,0.0,196.0,0.0,0.08010211367326055,0.25128514733896173,1776.9928389168283,142.34088237948575,446.5319073474951
8808,0.0,0.0,196.0,0.0,0.08010211367326055,0.25128514733896173,1776.9928389168283,142.34088237948575,446.5319073474951
9668,0.0,0.0,197.0,0.0,0.07984462047495178,0.2506452987084882,1776.9928389168283,141.88331881002128,445.3949009131528
9287,0.0,0.0,197.0,0.0,0.07984462047495178,0.2506452987084882,1776.9928389168283,141.88331881002128,445.3949009131528
6186,0.0,0.0,197.0,0.0,0.07984462047495178,0.2506452987084882,1776.9928389168283,141.88331881002128,445.3949009131528
3804,0.0,0.0,197.0,0.0,0.07984462047495178,0.2506452987084882,1776.9928389168283,141.88331881002128,445.3949009131528
3122,0.0,0.0,197.0,0.0,0.07984462047495178,0.2506452987084882,1776.9928389168283,141.88331881002128,445.3949009131528
5163,0.0,0.0,197.0,0.0,0.07984462047495178,0.2506452987084882,1776.9928389168283,141.88331881002128,445.3949009131528
2406,0.0,0.0,197.0,0.0,0.07984462047495178,0.2506452987084882,1776.9928389168283,141.88331881002128,445.3949009131528
3656,1.0,183.0,304.0,2011.74,0.08252376674368948,0.24013772429950064,1852.0776519720212,152.84042414253918,444.7537125705237
2751,1.0,223.0,322.0,1716.51,0.08596547967416052,0.25296399149017795,1757.0689483738909,151.04727496753432,444.47517450410885
5825,1.0,165.0,243.0,1014.48,0.10430255124092934,0.29025436316869,1531.1469208462133,159.70253016895336,444.4220744279183
5895,1.0,243.0,337.0,1719.72,0.08514286645742335,0.25274815014792573,1758.1019664904445,149.6898409514293,444.3570198018904
8547,0.0,0.0,198.0,0.0,0.07958878184617244,0.2500087874192186,1776.9928389168283,141.42869539876207,444.2638249102311
3858,0.0,0.0,198.0,0.0,0.07958878184617244,0.2500087874192186,1776.9928389168283,141.42869539876207,444.2638249102311
1387,1.0,217.0,283.0,1038.56,0.100379942504229,0.28799075494563486,1538.8961657828513,154.47430864126108,443.1878685667462
8361,0.0,0.0,199.0,0.0,0.07933458184775534,0.24937558672853719,1776.9928389168283,140.97698382192223,443.138631817293
5015,0.0,0.0,199.0,0.0,0.07933458184775534,0.24937558672853719,1776.9928389168283,140.97698382192223,443.138631817293
1797,0.0,0.0,199.0,0.0,0.07933458184775534,0.24937558672853719,1776.9928389168283,140.97698382192223,443.138631817293
4459,1.0,126.0,249.0,1905.92,0.08715354069972524,0.24374327939894305,1818.0234535004852,158.44718104770956,443.1309985804001
2465,1.0,130.0,184.0,339.26,0.12822988862593696,0.3372333619567218,1313.8526863729867,168.47518364449616,443.07495854143275
7549,2.0,185.0,328.0,1636.47,0.09778729316857662,0.25917343429441847,1708.1780166260107,167.03810449592547,442.71436295519146
5255,1.0,209.0,328.0,2039.19,0.08055750258631955,0.237901232406953,1860.9114050247942,149.9103753231964,442.713116655553
4766,1.0,227.0,237.0,128.61,0.1281513160449413,0.35479455636027457,1246.0628838022908,159.6845984340183,442.09632805563814
5004,1.0,64.0,243.0,3919.77,0.0644047710938605,0.17925716257165802,2466.1055513262286,158.8289635264644,442.0670837329541
3586,0.0,0.0,200.0,0.0,0.07908200474515442,0.24874567018625707,1776.9928389168283,140.52815611932604,442.019274632546
2165,0.0,0.0,200.0,0.0,0.07908200474515442,0.24874567018625707,1776.9928389168283,140.52815611932604,442.019274632546
8445,0.0,0.0,200.0,0.0,0.07908200474515442,0.24874567018625707,1776.9928389168283,140.52815611932604,442.019274632546
2693,0.0,0.0,200.0,0.0,0.07908200474515442,0.24874567018625707,1776.9928389168283,140.52815611932604,442.019274632546
8965,0.0,0.0,200.0,0.0,0.07908200474515442,0.24874567018625707,1776.9928389168283,140.52815611932604,442.019274632546
5823,0.0,0.0,200.0,0.0,0.07908200474515442,0.24874567018625707,1776.9928389168283,140.52815611932604,442.019274632546
2887,0.0,0.0,200.0,0.0,0.07908200474515442,0.24874567018625707,1776.9928389168283,140.52815611932604,442.019274632546
8531,2.0,202.0,310.0,982.325,0.12144499255001091,0.3173556963474833,1390.2694555239243,168.8412636686107,441.20993116843147
5702,0.0,0.0,201.0,0.0,0.07883103500516732,0.24811901163054909,1776.9928389168283,140.08218468858414,440.905706866607
2787,0.0,0.0,201.0,0.0,0.07883103500516732,0.24811901163054909,1776.9928389168283,140.08218468858414,440.905706866607
3423,0.0,0.0,201.0,0.0,0.07883103500516732,0.24811901163054909,1776.9928389168283,140.08218468858414,440.905706866607
7712,0.0,0.0,201.0,0.0,0.07883103500516732,0.24811901163054909,1776.9928389168283,140.08218468858414,440.905706866607
4523,0.0,0.0,201.0,0.0,0.07883103500516732,0.24811901163054909,1776.9928389168283,140.08218468858414,440.905706866607
2897,0.0,0.0,201.0,0.0,0.07883103500516732,0.24811901163054909,1776.9928389168283,140.08218468858414,440.905706866607
7050,0.0,0.0,201.0,0.0,0.07883103500516732,0.24811901163054909,1776.9928389168283,140.08218468858414,440.905706866607
3244,0.0,0.0,201.0,0.0,0.07883103500516732,0.24811901163054909,1776.9928389168283,140.08218468858414,440.905706866607
5981,1.0,64.0,200.0,2392.89,0.08336784887005082,0.22303455832453584,1974.7364853440797,164.62953286834056,440.43447981606306
8306,1.0,262.0,317.0,1078.18,0.096743493641296,0.28380667961292666,1551.6463769285933,150.11169139993135,440.3676061695317
6996,0.0,0.0,202.0,0.0,0.07858165729271258,0.24749558518391535,1776.9928389168283,139.6390422793666,439.7978825353474
9723,0.0,0.0,202.0,0.0,0.07858165729271258,0.24749558518391535,1776.9928389168283,139.6390422793666,439.7978825353474
5985,0.0,0.0,202.0,0.0,0.07858165729271258,0.24749558518391535,1776.9928389168283,139.6390422793666,439.7978825353474
1946,0.0,0.0,202.0,0.0,0.07858165729271258,0.24749558518391535,1776.9928389168283,139.6390422793666,439.7978825353474
8935,0.0,0.0,202.0,0.0,0.07858165729271258,0.24749558518391535,1776.9928389168283,139.6390422793666,439.7978825353474
1699,0.0,0.0,202.0,0.0,0.07858165729271258,0.24749558518391535,1776.9928389168283,139.6390422793666,439.7978825353474
5593,0.0,0.0,202.0,0.0,0.07858165729271258,0.24749558518391535,1776.9928389168283,139.6390422793666,439.7978825353474
1388,0.0,0.0,202.0,0.0,0.07858165729271258,0.24749558518391535,1776.9928389168283,139.6390422793666,439.7978825353474
8001,1.0,131.0,266.0,2169.86,0.08154104010592295,0.23109289829419144,1902.9626440559596,155.16955327904017,439.7611527604695
4941,1.0,135.0,203.0,619.95,0.11666500284356236,0.31301645712978127,1404.1822362593787,163.81892458608016,439.5321487584842
9246,1.0,70.0,175.0,1402.04,0.10193707132701849,0.2654060342752417,1655.8685723263945,168.79439276540396,439.4775110621546
1165,1.0,189.0,219.0,190.21,0.12738768394432914,0.3470814100682261,1265.8865336401918,161.25835365673913,439.3656830822167
2215,1.0,84.0,220.0,2263.74,0.08331264424509564,0.22724345553206718,1933.1744013089074,161.05787115997475,439.3012310995713
3508,0.0,0.0,203.0,0.0,0.0783338564676763,0.24687536524923986,1776.9928389168283,139.19870198779944,438.6957561528757
6780,0.0,0.0,203.0,0.0,0.0783338564676763,0.24687536524923986,1776.9928389168283,139.19870198779944,438.6957561528757
4469,0.0,0.0,203.0,0.0,0.0783338564676763,0.24687536524923986,1776.9928389168283,139.19870198779944,438.6957561528757
4544,0.0,0.0,203.0,0.0,0.0783338564676763,0.24687536524923986,1776.9928389168283,139.19870198779944,438.6957561528757
3560,0.0,0.0,203.0,0.0,0.0783338564676763,0.24687536524923986,1776.9928389168283,139.19870198779944,438.6957561528757
5800,0.0,0.0,203.0,0.0,0.0783338564676763,0.24687536524923986,1776.9928389168283,139.19870198779944,438.6957561528757
7297,1.0,257.0,331.0,1357.86,0.09028298718913078,0.26707987695175145,1641.650896192647,148.21314682998582,438.45191935286465
7372,1.0,81.0,161.0,713.69,0.11939195767954072,0.30565413828203114,1434.3489397627125,171.24972791384388,438.4146891789169
4167,1.0,277.0,294.0,535.73,0.11012415361961428,0.3183237013472568,1377.0791877309957,151.64968001606184,438.35694408680445
7949,1.0,73.0,173.0,1238.13,0.10517580386386005,0.2731995815509667,1603.1202858827019,168.6094647581743,437.97179127902024
7561,0.0,0.0,204.0,0.0,0.07808761758181168,0.2462583265059219,1776.9928389168283,138.7611372509552,437.5992827246654
3948,0.0,0.0,204.0,0.0,0.07808761758181168,0.2462583265059219,1776.9928389168283,138.7611372509552,437.5992827246654
5292,0.0,0.0,204.0,0.0,0.07808761758181168,0.2462583265059219,1776.9928389168283,138.7611372509552,437.5992827246654
9954,0.0,0.0,204.0,0.0,0.07808761758181168,0.2462583265059219,1776.9928389168283,138.7611372509552,437.5992827246654
6435,0.0,0.0,204.0,0.0,0.07808761758181168,0.2462583265059219,1776.9928389168283,138.7611372509552,437.5992827246654
1886,0.0,0.0,204.0,0.0,0.07808761758181168,0.2462583265059219,1776.9928389168283,138.7611372509552,437.5992827246654
1044,1.0,52.0,124.0,474.96,0.1325452244739979,0.3223362191769984,1357.5226422659082,179.93314334766956,437.5787159551618
2097,2.0,176.0,260.0,606.95,0.14486261316042376,0.36213648056105313,1207.8405962898182,174.9709450597875,437.4031426191586
7859,1.0,31.0,121.0,1077.38,0.11639807766627176,0.28176922607897514,1551.3889269306967,180.57868880747324,437.13365728875414
4542,2.0,251.0,345.0,756.63,0.12715534022375719,0.341153406259182,1280.5837242289672,162.83305913934038,436.87549952078115
2667,1.0,9.0,69.0,208.28,0.15646637134316957,0.3434503253395494,1271.7016854676442,198.97854815611504,436.76635760871574
3029,0.0,0.0,205.0,0.0,0.0778429258757047,0.245644443906042,1776.9928389168283,138.32632184146073,436.5084177407432
8193,0.0,0.0,205.0,0.0,0.0778429258757047,0.245644443906042,1776.9928389168283,138.32632184146073,436.5084177407432
8112,0.0,0.0,205.0,0.0,0.0778429258757047,0.245644443906042,1776.9928389168283,138.32632184146073,436.5084177407432
2908,0.0,0.0,205.0,0.0,0.0778429258757047,0.245644443906042,1776.9928389168283,138.32632184146073,436.5084177407432
4827,0.0,0.0,205.0,0.0,0.0778429258757047,0.245644443906042,1776.9928389168283,138.32632184146073,436.5084177407432
5146,0.0,0.0,205.0,0.0,0.0778429258757047,0.245644443906042,1776.9928389168283,138.32632184146073,436.5084177407432
6998,0.0,0.0,205.0,0.0,0.0778429258757047,0.245644443906042,1776.9928389168283,138.32632184146073,436.5084177407432
4647,0.0,0.0,205.0,0.0,0.0778429258757047,0.245644443906042,1776.9928389168283,138.32632184146073,436.5084177407432
8037,1.0,111.0,263.0,2595.87,0.07563351942667684,0.21387042007275125,2040.0579860599478,154.2967653202123,436.30805845141197
5736,0.0,0.0,206.0,0.0,0.07759976677579282,0.24503369267063446,1776.9928389168283,137.89422986219986,435.42311716906437
3725,0.0,0.0,206.0,0.0,0.07759976677579282,0.24503369267063446,1776.9928389168283,137.89422986219986,435.42311716906437
2176,0.0,0.0,206.0,0.0,0.07759976677579282,0.24503369267063446,1776.9928389168283,137.89422986219986,435.42311716906437
8167,0.0,0.0,206.0,0.0,0.07759976677579282,0.24503369267063446,1776.9928389168283,137.89422986219986,435.42311716906437
7377,0.0,0.0,206.0,0.0,0.07759976677579282,0.24503369267063446,1776.9928389168283,137.89422986219986,435.42311716906437
6531,0.0,0.0,206.0,0.0,0.07759976677579282,0.24503369267063446,1776.9928389168283,137.89422986219986,435.42311716906437
5395,0.0,0.0,206.0,0.0,0.07759976677579282,0.24503369267063446,1776.9928389168283,137.89422986219986,435.42311716906437
6869,1.0,169.0,221.0,431.21,0.1187000167974304,0.32401826174137044,1343.4433455060334,159.46674767796227,435.3001775588763
2347,1.0,159.0,296.0,2184.32,0.07875194179788535,0.22797015605928306,1907.616052767898,150.2284683602893,434.8795292506913
4571,1.0,175.0,296.0,1857.0,0.08333574222597567,0.24123488008730867,1802.28038612921,150.19437367739576,434.77289283158836
5339,0.0,0.0,207.0,0.0,0.07735812589143966,0.244426048285979,1776.9928389168283,137.46483574111477,434.3433374489236
5478,0.0,0.0,207.0,0.0,0.07735812589143966,0.244426048285979,1776.9928389168283,137.46483574111477,434.3433374489236
8446,0.0,0.0,207.0,0.0,0.07735812589143966,0.244426048285979,1776.9928389168283,137.46483574111477,434.3433374489236
7847,0.0,0.0,207.0,0.0,0.07735812589143966,0.244426048285979,1776.9928389168283,137.46483574111477,434.3433374489236
8898,0.0,0.0,207.0,0.0,0.07735812589143966,0.244426048285979,1776.9928389168283,137.46483574111477,434.3433374489236
9166,0.0,0.0,207.0,0.0,0.07735812589143966,0.244426048285979,1776.9928389168283,137.46483574111477,434.3433374489236
3783,0.0,0.0,207.0,0.0,0.07735812589143966,0.244426048285979,1776.9928389168283,137.46483574111477,434.3433374489236
1348,0.0,0.0,207.0,0.0,0.07735812589143966,0.244426048285979,1776.9928389168283,137.46483574111477,434.3433374489236
3956,0.0,0.0,207.0,0.0,0.07735812589143966,0.244426048285979,1776.9928389168283,137.46483574111477,434.3433374489236
7789,0.0,0.0,207.0,0.0,0.07735812589143966,0.244426048285979,1776.9928389168283,137.46483574111477,434.3433374489236
6702,0.0,0.0,207.0,0.0,0.07735812589143966,0.244426048285979,1776.9928389168283,137.46483574111477,434.3433374489236
8817,1.0,215.0,276.0,831.82,0.10310874803559417,0.29435009795861905,1472.3646500768593,151.81367572129065,433.3906789809314
8423,0.0,0.0,208.0,0.0,0.07711798901206914,0.243821486499987,1776.9928389168283,137.0381142261135,433.26903548453305
9088,0.0,0.0,208.0,0.0,0.07711798901206914,0.243821486499987,1776.9928389168283,137.0381142261135,433.26903548453305
6142,0.0,0.0,208.0,0.0,0.07711798901206914,0.243821486499987,1776.9928389168283,137.0381142261135,433.26903548453305
8916,0.0,0.0,208.0,0.0,0.07711798901206914,0.243821486499987,1776.9928389168283,137.0381142261135,433.26903548453305
8994,0.0,0.0,208.0,0.0,0.07711798901206914,0.243821486499987,1776.9928389168283,137.0381142261135,433.26903548453305
1220,0.0,0.0,208.0,0.0,0.07711798901206914,0.243821486499987,1776.9928389168283,137.0381142261135,433.26903548453305
4589,0.0,0.0,208.0,0.0,0.07711798901206914,0.243821486499987,1776.9928389168283,137.0381142261135,433.26903548453305
6266,0.0,0.0,208.0,0.0,0.07711798901206914,0.243821486499987,1776.9928389168283,137.0381142261135,433.26903548453305
7032,0.0,0.0,208.0,0.0,0.07711798901206914,0.243821486499987,1776.9928389168283,137.0381142261135,433.26903548453305
5760,1.0,48.0,236.0,4392.57,0.059657772355545625,0.16507228686191935,2618.2585000821045,156.19946956587054,432.20191820421184
5671,0.0,0.0,209.0,0.0,0.07687934210435025,0.243219983318639,1776.9928389168283,136.6140403800674,432.20016863869193
8163,0.0,0.0,209.0,0.0,0.07687934210435025,0.243219983318639,1776.9928389168283,136.6140403800674,432.20016863869193
3967,0.0,0.0,209.0,0.0,0.07687934210435025,0.243219983318639,1776.9928389168283,136.6140403800674,432.20016863869193
8795,0.0,0.0,209.0,0.0,0.07687934210435025,0.243219983318639,1776.9928389168283,136.6140403800674,432.20016863869193
8616,0.0,0.0,209.0,0.0,0.07687934210435025,0.243219983318639,1776.9928389168283,136.6140403800674,432.20016863869193
4252,0.0,0.0,209.0,0.0,0.07687934210435025,0.243219983318639,1776.9928389168283,136.6140403800674,432.20016863869193
9758,0.0,0.0,209.0,0.0,0.07687934210435025,0.243219983318639,1776.9928389168283,136.6140403800674,432.20016863869193
9704,0.0,0.0,209.0,0.0,0.07687934210435025,0.243219983318639,1776.9928389168283,136.6140403800674,432.20016863869193
1577,0.0,0.0,209.0,0.0,0.07687934210435025,0.243219983318639,1776.9928389168283,136.6140403800674,432.20016863869193
2399,0.0,0.0,209.0,0.0,0.07687934210435025,0.243219983318639,1776.9928389168283,136.6140403800674,432.20016863869193
5827,0.0,0.0,209.0,0.0,0.07687934210435025,0.243219983318639,1776.9928389168283,136.6140403800674,432.20016863869193
1447,1.0,216.0,234.0,92.21,0.1266358399897,0.34969858703903184,1234.3489088980725,156.3128109186771,431.6500693548266
4442,1.0,216.0,259.0,504.63,0.11199936338695965,0.31568746826517785,1367.0708190628334,153.11106143992683,431.5671258091489
3048,0.0,0.0,210.0,0.0,0.0766421713094341,0.24262151500247067,1776.9928389168283,136.1925895759012,431.1366947265422
6830,0.0,0.0,210.0,0.0,0.0766421713094341,0.24262151500247067,1776.9928389168283,136.1925895759012,431.1366947265422
8876,0.0,0.0,210.0,0.0,0.0766421713094341,0.24262151500247067,1776.9928389168283,136.1925895759012,431.1366947265422
4680,0.0,0.0,210.0,0.0,0.0766421713094341,0.24262151500247067,1776.9928389168283,136.1925895759012,431.1366947265422
4412,0.0,0.0,210.0,0.0,0.0766421713094341,0.24262151500247067,1776.9928389168283,136.1925895759012,431.1366947265422
8305,0.0,0.0,210.0,0.0,0.0766421713094341,0.24262151500247067,1776.9928389168283,136.1925895759012,431.1366947265422
7776,1.0,149.0,251.0,1308.93,0.09457577052768817,0.2649193399513879,1625.9046106963879,153.77118136113177,430.73357628960537
6642,1.0,10.0,131.0,2467.48,0.08765631874775034,0.21549082611130424,1998.740479522788,175.20223256708087,430.71023711447
2412,1.0,246.0,269.0,351.02,0.11499950833889207,0.3266057851845566,1317.6372013420407,151.5276303233684,430.3479327326989
3191,1.0,203.0,284.0,1100.38,0.096108867664922,0.275934040918664,1558.7906143701764,149.81360087382572,430.1233931692497
2692,0.0,0.0,211.0,0.0,0.07640646294024388,0.24202605806312946,1776.9928389168283,135.7737374917774,430.07857200944954
6327,0.0,0.0,211.0,0.0,0.07640646294024388,0.24202605806312946,1776.9928389168283,135.7737374917774,430.07857200944954
1089,0.0,0.0,211.0,0.0,0.07640646294024388,0.24202605806312946,1776.9928389168283,135.7737374917774,430.07857200944954
7833,0.0,0.0,211.0,0.0,0.07640646294024388,0.24202605806312946,1776.9928389168283,135.7737374917774,430.07857200944954
8373,0.0,0.0,211.0,0.0,0.07640646294024388,0.24202605806312946,1776.9928389168283,135.7737374917774,430.07857200944954
2909,0.0,0.0,211.0,0.0,0.07640646294024388,0.24202605806312946,1776.9928389168283,135.7737374917774,430.07857200944954
8369,0.0,0.0,211.0,0.0,0.07640646294024388,0.24202605806312946,1776.9928389168283,135.7737374917774,430.07857200944954
2224,0.0,0.0,211.0,0.0,0.07640646294024388,0.24202605806312946,1776.9928389168283,135.7737374917774,430.07857200944954
1673,0.0,0.0,211.0,0.0,0.07640646294024388,0.24202605806312946,1776.9928389168283,135.7737374917774,430.07857200944954
1323,0.0,0.0,211.0,0.0,0.07640646294024388,0.24202605806312946,1776.9928389168283,135.7737374917774,430.07857200944954
3937,0.0,0.0,211.0,0.0,0.07640646294024388,0.24202605806312946,1776.9928389168283,135.7737374917774,430.07857200944954
6052,0.0,0.0,211.0,0.0,0.07640646294024388,0.24202605806312946,1776.9928389168283,135.7737374917774,430.07857200944954
5780,0.0,0.0,211.0,0.0,0.07640646294024388,0.24202605806312946,1776.9928389168283,135.7737374917774,430.07857200944954
2515,1.0,179.0,239.0,581.5,0.1113802689461872,0.30890538466531897,1391.8085457355546,155.02001014562777,429.9371542009197
2355,1.0,250.0,334.0,1390.86,0.08770056065427298,0.25989265258854777,1652.2707086058103,144.90506749736247,429.4130172539235
3203,0.0,0.0,212.0,0.0,0.07617220347881716,0.2414335892599925,1776.9928389168283,135.35746010637362,429.02575918899356
5194,0.0,0.0,212.0,0.0,0.07617220347881716,0.2414335892599925,1776.9928389168283,135.35746010637362,429.02575918899356
8926,0.0,0.0,212.0,0.0,0.07617220347881716,0.2414335892599925,1776.9928389168283,135.35746010637362,429.02575918899356
5238,0.0,0.0,212.0,0.0,0.07617220347881716,0.2414335892599925,1776.9928389168283,135.35746010637362,429.02575918899356
8216,0.0,0.0,212.0,0.0,0.07617220347881716,0.2414335892599925,1776.9928389168283,135.35746010637362,429.02575918899356
9906,0.0,0.0,212.0,0.0,0.07617220347881716,0.2414335892599925,1776.9928389168283,135.35746010637362,429.02575918899356
5406,1.0,116.0,202.0,834.12,0.10862186912369298,0.29115308262097084,1473.104818820804,160.01139883543485,428.8990090234838
6781,1.0,109.0,241.0,1940.89,0.08422172318702505,0.2340013539812124,1829.2772365334602,154.06488104764722,428.05335015584023
5977,0.0,0.0,213.0,0.0,0.07593937957369408,0.2408440855968176,1776.9928389168283,134.94373369424125,427.97821540101654
1410,0.0,0.0,213.0,0.0,0.07593937957369408,0.2408440855968176,1776.9928389168283,134.94373369424125,427.97821540101654
1115,0.0,0.0,213.0,0.0,0.07593937957369408,0.2408440855968176,1776.9928389168283,134.94373369424125,427.97821540101654
5609,0.0,0.0,213.0,0.0,0.07593937957369408,0.2408440855968176,1776.9928389168283,134.94373369424125,427.97821540101654
1622,0.0,0.0,213.0,0.0,0.07593937957369408,0.2408440855968176,1776.9928389168283,134.94373369424125,427.97821540101654
6356,0.0,0.0,213.0,0.0,0.07593937957369408,0.2408440855968176,1776.9928389168283,134.94373369424125,427.97821540101654
9292,0.0,0.0,213.0,0.0,0.07593937957369408,0.2408440855968176,1776.9928389168283,134.94373369424125,427.97821540101654
1497,0.0,0.0,213.0,0.0,0.07593937957369408,0.2408440855968176,1776.9928389168283,134.94373369424125,427.97821540101654
5018,1.0,118.0,244.0,1772.3,0.08640558826654769,0.24066670584536787,1775.0228676020831,153.3718950617324,427.1889063459919
4215,0.0,0.0,214.0,0.0,0.0757079780373548,0.24025752431848382,1776.9928389168283,134.53253482125197,426.93590020983146
7795,0.0,0.0,214.0,0.0,0.0757079780373548,0.24025752431848382,1776.9928389168283,134.53253482125197,426.93590020983146
1078,0.0,0.0,214.0,0.0,0.0757079780373548,0.24025752431848382,1776.9928389168283,134.53253482125197,426.93590020983146
4584,0.0,0.0,214.0,0.0,0.0757079780373548,0.24025752431848382,1776.9928389168283,134.53253482125197,426.93590020983146
3214,0.0,0.0,214.0,0.0,0.0757079780373548,0.24025752431848382,1776.9928389168283,134.53253482125197,426.93590020983146
8707,0.0,0.0,214.0,0.0,0.0757079780373548,0.24025752431848382,1776.9928389168283,134.53253482125197,426.93590020983146
6233,0.0,0.0,214.0,0.0,0.0757079780373548,0.24025752431848382,1776.9928389168283,134.53253482125197,426.93590020983146
9452,0.0,0.0,214.0,0.0,0.0757079780373548,0.24025752431848382,1776.9928389168283,134.53253482125197,426.93590020983146
9129,0.0,0.0,214.0,0.0,0.0757079780373548,0.24025752431848382,1776.9928389168283,134.53253482125197,426.93590020983146
8737,1.0,200.0,261.0,677.16,0.10620284306609357,0.2998171426305853,1422.5931292338348,151.08343485092394,426.5178071327913
7215,1.0,200.0,273.0,891.94,0.10029202392880861,0.2856900810607794,1491.7120174186516,149.60681734584276,426.1673271756734
1090,0.0,0.0,215.0,0.0,0.07547798584370605,0.2396738829077433,1776.9928389168283,134.12384034013138,425.89877360245026
7313,0.0,0.0,215.0,0.0,0.07547798584370605,0.2396738829077433,1776.9928389168283,134.12384034013138,425.89877360245026
3520,0.0,0.0,215.0,0.0,0.07547798584370605,0.2396738829077433,1776.9928389168283,134.12384034013138,425.89877360245026
3315,0.0,0.0,215.0,0.0,0.07547798584370605,0.2396738829077433,1776.9928389168283,134.12384034013138,425.89877360245026
8025,0.0,0.0,215.0,0.0,0.07547798584370605,0.2396738829077433,1776.9928389168283,134.12384034013138,425.89877360245026
2717,1.0,238.0,282.0,593.87,0.10637884142767916,0.30498100358744085,1395.7893663280056,148.48245566704767,425.68924173939325
7217,1.0,125.0,187.0,316.84,0.12345914279532463,0.32575922552695163,1306.637650181981,161.3163642355646,425.6492689676381
7363,1.0,175.0,303.0,1885.1,0.08071422925777649,0.2347224077090149,1811.323317305263,146.19956549293323,425.1581701773713
5038,1.0,330.0,343.0,689.15,0.10006187016437364,0.29802170277878465,1426.4516610772823,142.73342090647014,425.1135529658775
8679,1.0,270.0,288.0,375.42,0.11137044152937886,0.32061863308212757,1325.4894262778396,147.62034264708606,424.9766080180144
3991,0.0,0.0,216.0,0.0,0.07524939012561273,0.23909313908207092,1776.9928389168283,133.7176273860725,424.86679598298525
9546,0.0,0.0,216.0,0.0,0.07524939012561273,0.23909313908207092,1776.9928389168283,133.7176273860725,424.86679598298525
7317,0.0,0.0,216.0,0.0,0.07524939012561273,0.23909313908207092,1776.9928389168283,133.7176273860725,424.86679598298525
8270,0.0,0.0,216.0,0.0,0.07524939012561273,0.23909313908207092,1776.9928389168283,133.7176273860725,424.86679598298525
3182,0.0,0.0,216.0,0.0,0.07524939012561273,0.23909313908207092,1776.9928389168283,133.7176273860725,424.86679598298525
5126,0.0,0.0,216.0,0.0,0.07524939012561273,0.23909313908207092,1776.9928389168283,133.7176273860725,424.86679598298525
2831,0.0,0.0,216.0,0.0,0.07524939012561273,0.23909313908207092,1776.9928389168283,133.7176273860725,424.86679598298525
8633,0.0,0.0,216.0,0.0,0.07524939012561273,0.23909313908207092,1776.9928389168283,133.7176273860725,424.86679598298525
9770,0.0,0.0,216.0,0.0,0.07524939012561273,0.23909313908207092,1776.9928389168283,133.7176273860725,424.86679598298525
7772,0.0,0.0,216.0,0.0,0.07524939012561273,0.23909313908207092,1776.9928389168283,133.7176273860725,424.86679598298525
8348,0.0,0.0,216.0,0.0,0.07524939012561273,0.23909313908207092,1776.9928389168283,133.7176273860725,424.86679598298525
1381,0.0,0.0,216.0,0.0,0.07524939012561273,0.23909313908207092,1776.9928389168283,133.7176273860725,424.86679598298525
2116,0.0,0.0,216.0,0.0,0.07524939012561273,0.23909313908207092,1776.9928389168283,133.7176273860725,424.86679598298525
7390,0.0,0.0,216.0,0.0,0.07524939012561273,0.23909313908207092,1776.9928389168283,133.7176273860725,424.86679598298525
9763,0.0,0.0,216.0,0.0,0.07524939012561273,0.23909313908207092,1776.9928389168283,133.7176273860725,424.86679598298525
7179,0.0,0.0,216.0,0.0,0.07524939012561273,0.23909313908207092,1776.9928389168283,133.7176273860725,424.86679598298525
2202,1.0,195.0,270.0,884.96,0.10025583353653779,0.28495886368557616,1489.4657661870347,149.32763191321905,424.43647223122343
6255,0.0,0.0,217.0,0.0,0.07502217817247239,0.23851527079052534,1776.9928389168283,133.31387337242583,423.83992816707166
1087,0.0,0.0,217.0,0.0,0.07502217817247239,0.23851527079052534,1776.9928389168283,133.31387337242583,423.83992816707166
7265,0.0,0.0,217.0,0.0,0.07502217817247239,0.23851527079052534,1776.9928389168283,133.31387337242583,423.83992816707166
3662,0.0,0.0,217.0,0.0,0.07502217817247239,0.23851527079052534,1776.9928389168283,133.31387337242583,423.83992816707166
6561,0.0,0.0,217.0,0.0,0.07502217817247239,0.23851527079052534,1776.9928389168283,133.31387337242583,423.83992816707166
3376,0.0,0.0,217.0,0.0,0.07502217817247239,0.23851527079052534,1776.9928389168283,133.31387337242583,423.83992816707166
7661,0.0,0.0,217.0,0.0,0.07502217817247239,0.23851527079052534,1776.9928389168283,133.31387337242583,423.83992816707166
6578,1.0,65.0,201.0,2150.09,0.08338384343760664,0.2233034713795373,1896.6004109829667,158.1458317331041,423.51745559235354
4572,1.0,229.0,352.0,1941.17,0.07725048903874507,0.23123518656178418,1829.3673440327143,141.31952195803737,423.01409908744034
2526,1.0,25.0,137.0,1729.68,0.09684924659066435,0.24016089213907849,1761.3072189642364,170.58127717138458,422.9971130374503
4870,0.0,0.0,218.0,0.0,0.07479633742784053,0.23794025621069345,1776.9928389168283,132.91255598647936,422.81813137643763
7218,0.0,0.0,218.0,0.0,0.07479633742784053,0.23794025621069345,1776.9928389168283,132.91255598647936,422.81813137643763
3499,0.0,0.0,218.0,0.0,0.07479633742784053,0.23794025621069345,1776.9928389168283,132.91255598647936,422.81813137643763
8101,0.0,0.0,218.0,0.0,0.07479633742784053,0.23794025621069345,1776.9928389168283,132.91255598647936,422.81813137643763
7145,0.0,0.0,218.0,0.0,0.07479633742784053,0.23794025621069345,1776.9928389168283,132.91255598647936,422.81813137643763
6187,0.0,0.0,218.0,0.0,0.07479633742784053,0.23794025621069345,1776.9928389168283,132.91255598647936,422.81813137643763
6562,0.0,0.0,218.0,0.0,0.07479633742784053,0.23794025621069345,1776.9928389168283,132.91255598647936,422.81813137643763
6554,1.0,252.0,276.0,332.09,0.11292494689193415,0.32236154353089325,1311.5452907668518,148.10618230621307,422.79176434227657
6379,1.0,299.0,342.0,913.25,0.09470870279030481,0.2819265170339079,1498.5698417375863,141.9276057516392,422.4865760131323
5037,1.0,358.0,362.0,714.31,0.09783755541192833,0.29438756887377376,1434.5484635110795,140.3527147898619,422.31323460463426
7152,0.0,0.0,219.0,0.0,0.07457185548709168,0.23736807374566166,1776.9928389168283,132.5136531853025,421.80136723352234
4623,0.0,0.0,219.0,0.0,0.07457185548709168,0.23736807374566166,1776.9928389168283,132.5136531853025,421.80136723352234
4227,0.0,0.0,219.0,0.0,0.07457185548709168,0.23736807374566166,1776.9928389168283,132.5136531853025,421.80136723352234
3151,0.0,0.0,219.0,0.0,0.07457185548709168,0.23736807374566166,1776.9928389168283,132.5136531853025,421.80136723352234
3137,0.0,0.0,219.0,0.0,0.07457185548709168,0.23736807374566166,1776.9928389168283,132.5136531853025,421.80136723352234
8175,0.0,0.0,219.0,0.0,0.07457185548709168,0.23736807374566166,1776.9928389168283,132.5136531853025,421.80136723352234
2841,0.0,0.0,219.0,0.0,0.07457185548709168,0.23736807374566166,1776.9928389168283,132.5136531853025,421.80136723352234
2503,0.0,0.0,219.0,0.0,0.07457185548709168,0.23736807374566166,1776.9928389168283,132.5136531853025,421.80136723352234
2368,0.0,0.0,219.0,0.0,0.07457185548709168,0.23736807374566166,1776.9928389168283,132.5136531853025,421.80136723352234
6569,0.0,0.0,219.0,0.0,0.07457185548709168,0.23736807374566166,1776.9928389168283,132.5136531853025,421.80136723352234
2567,0.0,0.0,219.0,0.0,0.07457185548709168,0.23736807374566166,1776.9928389168283,132.5136531853025,421.80136723352234
4605,0.0,0.0,219.0,0.0,0.07457185548709168,0.23736807374566166,1776.9928389168283,132.5136531853025,421.80136723352234
9240,1.0,320.0,358.0,951.48,0.09283298595301394,0.2787507170983711,1510.872733511993,140.2588272469106,421.1568579108442
7429,0.0,0.0,220.0,0.0,0.07434872009512748,0.23679870202104708,1776.9928389168283,132.11714319167322,420.7895977562005
7045,0.0,0.0,220.0,0.0,0.07434872009512748,0.23679870202104708,1776.9928389168283,132.11714319167322,420.7895977562005
1947,0.0,0.0,220.0,0.0,0.07434872009512748,0.23679870202104708,1776.9928389168283,132.11714319167322,420.7895977562005
1955,0.0,0.0,220.0,0.0,0.07434872009512748,0.23679870202104708,1776.9928389168283,132.11714319167322,420.7895977562005
2286,1.0,129.0,232.0,1158.33,0.09671093911742698,0.2666283871072987,1577.4396485926904,152.5556698164631,420.5901892633731
6307,0.0,0.0,221.0,0.0,0.07412691914412411,0.23623211988207446,1776.9928389168283,131.7230044900753,419.782785352588
6629,0.0,0.0,221.0,0.0,0.07412691914412411,0.23623211988207446,1776.9928389168283,131.7230044900753,419.782785352588
5515,0.0,0.0,221.0,0.0,0.07412691914412411,0.23623211988207446,1776.9928389168283,131.7230044900753,419.782785352588
8824,0.0,0.0,221.0,0.0,0.07412691914412411,0.23623211988207446,1776.9928389168283,131.7230044900753,419.782785352588
8624,0.0,0.0,221.0,0.0,0.07412691914412411,0.23623211988207446,1776.9928389168283,131.7230044900753,419.782785352588
4153,0.0,0.0,221.0,0.0,0.07412691914412411,0.23623211988207446,1776.9928389168283,131.7230044900753,419.782785352588
5464,0.0,0.0,221.0,0.0,0.07412691914412411,0.23623211988207446,1776.9928389168283,131.7230044900753,419.782785352588
7412,0.0,0.0,221.0,0.0,0.07412691914412411,0.23623211988207446,1776.9928389168283,131.7230044900753,419.782785352588
3667,0.0,0.0,221.0,0.0,0.07412691914412411,0.23623211988207446,1776.9928389168283,131.7230044900753,419.782785352588
5723,0.0,0.0,221.0,0.0,0.07412691914412411,0.23623211988207446,1776.9928389168283,131.7230044900753,419.782785352588
8534,0.0,0.0,221.0,0.0,0.07412691914412411,0.23623211988207446,1776.9928389168283,131.7230044900753,419.782785352588
6295,1.0,82.0,168.0,667.14,0.11441664532902329,0.2954390681559434,1419.3685680102037,162.39939003718715,419.33692710277035
5863,1.0,275.0,362.0,1450.59,0.08330516163198971,0.250673907822077,1671.4925690736347,139.24395863334888,418.999574185251
1379,0.0,0.0,222.0,0.0,0.07390644067132458,0.23566830639069533,1776.9928389168283,131.33121582277522,418.7808928159226
6850,0.0,0.0,222.0,0.0,0.07390644067132458,0.23566830639069533,1776.9928389168283,131.33121582277522,418.7808928159226
6193,0.0,0.0,222.0,0.0,0.07390644067132458,0.23566830639069533,1776.9928389168283,131.33121582277522,418.7808928159226
3774,0.0,0.0,222.0,0.0,0.07390644067132458,0.23566830639069533,1776.9928389168283,131.33121582277522,418.7808928159226
1111,0.0,0.0,222.0,0.0,0.07390644067132458,0.23566830639069533,1776.9928389168283,131.33121582277522,418.7808928159226
7315,0.0,0.0,222.0,0.0,0.07390644067132458,0.23566830639069533,1776.9928389168283,131.33121582277522,418.7808928159226
9494,0.0,0.0,222.0,0.0,0.07390644067132458,0.23566830639069533,1776.9928389168283,131.33121582277522,418.7808928159226
1065,0.0,0.0,222.0,0.0,0.07390644067132458,0.23566830639069533,1776.9928389168283,131.33121582277522,418.7808928159226
2494,0.0,0.0,222.0,0.0,0.07390644067132458,0.23566830639069533,1776.9928389168283,131.33121582277522,418.7808928159226
8162,1.0,148.0,231.0,768.39,0.10469458646603012,0.28837774077299755,1451.9520833687784,152.01152293678516,418.7106615125353
6953,1.0,190.0,344.0,2395.38,0.07101974746737566,0.21166400722943537,1975.5377984625177,140.30219555906328,418.15024685579317
4912,1.0,261.0,272.0,148.78,0.11727930238126832,0.33381523376024663,1252.5538418742126,146.89864076998512,418.1215535225353
6050,0.0,0.0,223.0,0.0,0.07368727285686277,0.23510724082276663,1776.9928389168283,130.9417561859555,417.7838833195505
3923,0.0,0.0,223.0,0.0,0.07368727285686277,0.23510724082276663,1776.9928389168283,130.9417561859555,417.7838833195505
4388,0.0,0.0,223.0,0.0,0.07368727285686277,0.23510724082276663,1776.9928389168283,130.9417561859555,417.7838833195505
1234,0.0,0.0,223.0,0.0,0.07368727285686277,0.23510724082276663,1776.9928389168283,130.9417561859555,417.7838833195505
8932,0.0,0.0,223.0,0.0,0.07368727285686277,0.23510724082276663,1776.9928389168283,130.9417561859555,417.7838833195505
8573,1.0,194.0,262.0,677.63,0.10387692298733148,0.2934780744929437,1422.7443811076005,147.7903085069728,417.54428146311346
1722,1.0,271.0,304.0,534.0,0.10421091732367035,0.303221033515432,1376.5224521105383,143.4486674510673,417.3905605861542
2663,1.0,85.0,192.0,1173.59,0.09938429355322331,0.26366890334560866,1582.3505073025344,157.26078732184692,417.2166229688268
1126,1.0,97.0,222.0,1626.96,0.08830844545629618,0.2413073140967994,1728.2506392345272,152.61912730965125,417.0395198397604
2489,0.0,0.0,224.0,0.0,0.07346940402163601,0.23454890266525374,1776.9928389168283,130.55460482593443,416.7917204119561
6421,0.0,0.0,224.0,0.0,0.07346940402163601,0.23454890266525374,1776.9928389168283,130.55460482593443,416.7917204119561
5453,0.0,0.0,224.0,0.0,0.07346940402163601,0.23454890266525374,1776.9928389168283,130.55460482593443,416.7917204119561
7354,0.0,0.0,224.0,0.0,0.07346940402163601,0.23454890266525374,1776.9928389168283,130.55460482593443,416.7917204119561
1082,0.0,0.0,224.0,0.0,0.07346940402163601,0.23454890266525374,1776.9928389168283,130.55460482593443,416.7917204119561
1645,0.0,0.0,224.0,0.0,0.07346940402163601,0.23454890266525374,1776.9928389168283,130.55460482593443,416.7917204119561
9663,0.0,0.0,224.0,0.0,0.07346940402163601,0.23454890266525374,1776.9928389168283,130.55460482593443,416.7917204119561
1770,0.0,0.0,224.0,0.0,0.07346940402163601,0.23454890266525374,1776.9928389168283,130.55460482593443,416.7917204119561
6663,0.0,0.0,225.0,0.0,0.07325282262520806,0.23399327161350045,1776.9928389168283,130.16974123543935,415.80436801191064
8225,0.0,0.0,225.0,0.0,0.07325282262520806,0.23399327161350045,1776.9928389168283,130.16974123543935,415.80436801191064
5148,2.0,185.0,347.0,1781.97,0.08695628269205653,0.23369245992760643,1778.8897023231373,154.68563583319903,415.7131104757815
2312,0.0,0.0,226.0,0.0,0.07303751726375277,0.23344032756852293,1776.9928389168283,129.7871451499529,414.8217904036639
8595,0.0,0.0,226.0,0.0,0.07303751726375277,0.23344032756852293,1776.9928389168283,129.7871451499529,414.8217904036639
2572,0.0,0.0,226.0,0.0,0.07303751726375277,0.23344032756852293,1776.9928389168283,129.7871451499529,414.8217904036639
3916,0.0,0.0,226.0,0.0,0.07303751726375277,0.23344032756852293,1776.9928389168283,129.7871451499529,414.8217904036639
2474,0.0,0.0,226.0,0.0,0.07303751726375277,0.23344032756852293,1776.9928389168283,129.7871451499529,414.8217904036639
2591,0.0,0.0,226.0,0.0,0.07303751726375277,0.23344032756852293,1776.9928389168283,129.7871451499529,414.8217904036639
1121,0.0,0.0,226.0,0.0,0.07303751726375277,0.23344032756852293,1776.9928389168283,129.7871451499529,414.8217904036639
4993,0.0,0.0,226.0,0.0,0.07303751726375277,0.23344032756852293,1776.9928389168283,129.7871451499529,414.8217904036639
8048,0.0,0.0,226.0,0.0,0.07303751726375277,0.23344032756852293,1776.9928389168283,129.7871451499529,414.8217904036639
5081,0.0,0.0,226.0,0.0,0.07303751726375277,0.23344032756852293,1776.9928389168283,129.7871451499529,414.8217904036639
4130,1.0,154.0,318.0,2536.83,0.06988708683384243,0.2051673700484351,2021.0581762153051,141.24586825740624,414.65519072898087
4786,2.0,142.0,298.0,1896.125,0.08724011977847174,0.22579107514686514,1834.3680011599606,160.03048413899074,414.18392319691344
7493,0.0,0.0,227.0,0.0,0.07282347666803692,0.23289005063436002,1776.9928389168283,129.40679654412833,413.8439522322353
9164,0.0,0.0,227.0,0.0,0.07282347666803692,0.23289005063436002,1776.9928389168283,129.40679654412833,413.8439522322353
5826,0.0,0.0,227.0,0.0,0.07282347666803692,0.23289005063436002,1776.9928389168283,129.40679654412833,413.8439522322353
5322,0.0,0.0,227.0,0.0,0.07282347666803692,0.23289005063436002,1776.9928389168283,129.40679654412833,413.8439522322353
7321,0.0,0.0,227.0,0.0,0.07282347666803692,0.23289005063436002,1776.9928389168283,129.40679654412833,413.8439522322353
9444,0.0,0.0,227.0,0.0,0.07282347666803692,0.23289005063436002,1776.9928389168283,129.40679654412833,413.8439522322353
9677,0.0,0.0,227.0,0.0,0.07282347666803692,0.23289005063436002,1776.9928389168283,129.40679654412833,413.8439522322353
6978,1.0,323.0,343.0,623.16,0.09879998975207865,0.29426469457191184,1405.2152543759385,138.83525273180732,413.5052376367269
5864,1.0,63.0,138.0,318.97,0.12731890779056113,0.316119829740056,1307.3231108013715,166.44695059658935,413.2707592017699
7920,0.0,0.0,228.0,0.0,0.07261068970143117,0.23234242111545622,1776.9928389168283,129.0286756282551,412.8708184987638
3307,0.0,0.0,228.0,0.0,0.07261068970143117,0.23234242111545622,1776.9928389168283,129.0286756282551,412.8708184987638
5496,0.0,0.0,228.0,0.0,0.07261068970143117,0.23234242111545622,1776.9928389168283,129.0286756282551,412.8708184987638
7962,0.0,0.0,228.0,0.0,0.07261068970143117,0.23234242111545622,1776.9928389168283,129.0286756282551,412.8708184987638
3414,0.0,0.0,228.0,0.0,0.07261068970143117,0.23234242111545622,1776.9928389168283,129.0286756282551,412.8708184987638
7827,0.0,0.0,228.0,0.0,0.07261068970143117,0.23234242111545622,1776.9928389168283,129.0286756282551,412.8708184987638
3908,0.0,0.0,228.0,0.0,0.07261068970143117,0.23234242111545622,1776.9928389168283,129.0286756282551,412.8708184987638
1914,0.0,0.0,228.0,0.0,0.07261068970143117,0.23234242111545622,1776.9928389168283,129.0286756282551,412.8708184987638
6845,0.0,0.0,228.0,0.0,0.07261068970143117,0.23234242111545622,1776.9928389168283,129.0286756282551,412.8708184987638
4410,1.0,138.0,254.0,1367.59,0.08924549607222557,0.2505915498510177,1644.7821317920407,146.78939728251336,412.1685035730284
3180,0.0,0.0,229.0,0.0,0.07239914535796549,0.23179741951409288,1776.9928389168283,128.6527628448032,411.9023545559429
5997,0.0,0.0,229.0,0.0,0.07239914535796549,0.23179741951409288,1776.9928389168283,128.6527628448032,411.9023545559429
7401,0.0,0.0,229.0,0.0,0.07239914535796549,0.23179741951409288,1776.9928389168283,128.6527628448032,411.9023545559429
1986,0.0,0.0,229.0,0.0,0.07239914535796549,0.23179741951409288,1776.9928389168283,128.6527628448032,411.9023545559429
2659,0.0,0.0,229.0,0.0,0.07239914535796549,0.23179741951409288,1776.9928389168283,128.6527628448032,411.9023545559429
9272,0.0,0.0,229.0,0.0,0.07239914535796549,0.23179741951409288,1776.9928389168283,128.6527628448032,411.9023545559429
4639,0.0,0.0,229.0,0.0,0.07239914535796549,0.23179741951409288,1776.9928389168283,128.6527628448032,411.9023545559429
1337,0.0,0.0,229.0,0.0,0.07239914535796549,0.23179741951409288,1776.9928389168283,128.6527628448032,411.9023545559429
1780,0.0,0.0,229.0,0.0,0.07239914535796549,0.23179741951409288,1776.9928389168283,128.6527628448032,411.9023545559429
4883,1.0,90.0,191.0,958.73,0.10270273080359581,0.2721802451701062,1513.2058741179178,155.41037553995238,411.8647458102597
5402,1.0,131.0,213.0,609.45,0.10842351669125198,0.29377001196197194,1400.8032050370098,151.88000968248951,411.513974300091
9652,1.0,174.0,274.0,1124.74,0.09210377385224412,0.2625643270397761,1566.6299668060792,144.29253217285583,411.34114295478497
4517,1.0,201.0,279.0,822.81,0.09779375943601663,0.27978283571463153,1469.4651194755663,143.70451839361098,411.1311181106138
3894,0.0,0.0,230.0,0.0,0.07218883276041102,0.23125502652785693,1776.9928389168283,128.2790388650149,410.9385261035229
5869,0.0,0.0,230.0,0.0,0.07218883276041102,0.23125502652785693,1776.9928389168283,128.2790388650149,410.9385261035229
2964,0.0,0.0,230.0,0.0,0.07218883276041102,0.23125502652785693,1776.9928389168283,128.2790388650149,410.9385261035229
6624,0.0,0.0,230.0,0.0,0.07218883276041102,0.23125502652785693,1776.9928389168283,128.2790388650149,410.9385261035229
6438,0.0,0.0,230.0,0.0,0.07218883276041102,0.23125502652785693,1776.9928389168283,128.2790388650149,410.9385261035229
7887,0.0,0.0,230.0,0.0,0.07218883276041102,0.23125502652785693,1776.9928389168283,128.2790388650149,410.9385261035229
7601,1.0,143.0,258.0,1336.98,0.08917761176674951,0.25118752817516005,1634.931451247585,145.7992822246055,410.6743899747081
8029,0.0,0.0,231.0,0.0,0.07197974115840149,0.23071522304714448,1776.9928389168283,127.90748458556632,409.9792991838745
8199,0.0,0.0,231.0,0.0,0.07197974115840149,0.23071522304714448,1776.9928389168283,127.90748458556632,409.9792991838745
1837,0.0,0.0,231.0,0.0,0.07197974115840149,0.23071522304714448,1776.9928389168283,127.90748458556632,409.9792991838745
5047,0.0,0.0,231.0,0.0,0.07197974115840149,0.23071522304714448,1776.9928389168283,127.90748458556632,409.9792991838745
8556,0.0,0.0,232.0,0.0,0.07177185992658335,0.23017799015271273,1776.9928389168283,127.53808112528029,409.02464017763873
3733,0.0,0.0,232.0,0.0,0.07177185992658335,0.23017799015271273,1776.9928389168283,127.53808112528029,409.02464017763873
7753,0.0,0.0,232.0,0.0,0.07177185992658335,0.23017799015271273,1776.9928389168283,127.53808112528029,409.02464017763873
1524,0.0,0.0,232.0,0.0,0.07177185992658335,0.23017799015271273,1776.9928389168283,127.53808112528029,409.02464017763873
5956,0.0,0.0,232.0,0.0,0.07177185992658335,0.23017799015271273,1776.9928389168283,127.53808112528029,409.02464017763873
1694,0.0,0.0,232.0,0.0,0.07177185992658335,0.23017799015271273,1776.9928389168283,127.53808112528029,409.02464017763873
5767,1.0,213.0,261.0,347.1,0.11006065411727844,0.3107036289314419,1316.375696352357,144.88117020462832,409.00270589383115
8114,0.0,0.0,233.0,0.0,0.07156517856279972,0.2296433091132624,1776.9928389168283,127.17080982189921,408.07451579943086
9085,0.0,0.0,233.0,0.0,0.07156517856279972,0.2296433091132624,1776.9928389168283,127.17080982189921,408.07451579943086
7356,0.0,0.0,233.0,0.0,0.07156517856279972,0.2296433091132624,1776.9928389168283,127.17080982189921,408.07451579943086
6985,0.0,0.0,233.0,0.0,0.07156517856279972,0.2296433091132624,1776.9928389168283,127.17080982189921,408.07451579943086
3654,0.0,0.0,233.0,0.0,0.07156517856279972,0.2296433091132624,1776.9928389168283,127.17080982189921,408.07451579943086
3669,0.0,0.0,233.0,0.0,0.07156517856279972,0.2296433091132624,1776.9928389168283,127.17080982189921,408.07451579943086
8402,0.0,0.0,233.0,0.0,0.07156517856279972,0.2296433091132624,1776.9928389168283,127.17080982189921,408.07451579943086
9480,0.0,0.0,233.0,0.0,0.07156517856279972,0.2296433091132624,1776.9928389168283,127.17080982189921,408.07451579943086
1150,0.0,0.0,233.0,0.0,0.07156517856279972,0.2296433091132624,1776.9928389168283,127.17080982189921,408.07451579943086
7919,0.0,0.0,233.0,0.0,0.07156517856279972,0.2296433091132624,1776.9928389168283,127.17080982189921,408.07451579943086
5162,0.0,0.0,233.0,0.0,0.07156517856279972,0.2296433091132624,1776.9928389168283,127.17080982189921,408.07451579943086
2280,0.0,0.0,233.0,0.0,0.07156517856279972,0.2296433091132624,1776.9928389168283,127.17080982189921,408.07451579943086
3383,1.0,110.0,217.0,1067.38,0.09683387245404881,0.26337359367522106,1548.1708019570137,149.91537397378792,407.74730773446765
7655,0.0,0.0,234.0,0.0,0.07135968668630918,0.2291111613830572,1776.9928389168283,126.80565222891995,407.12889309361043
1640,0.0,0.0,234.0,0.0,0.07135968668630918,0.2291111613830572,1776.9928389168283,126.80565222891995,407.12889309361043
3790,0.0,0.0,234.0,0.0,0.07135968668630918,0.2291111613830572,1776.9928389168283,126.80565222891995,407.12889309361043
4816,0.0,0.0,234.0,0.0,0.07135968668630918,0.2291111613830572,1776.9928389168283,126.80565222891995,407.12889309361043
3775,1.0,203.0,312.0,1358.22,0.08477109733301223,0.2479285397512123,1641.7667486916885,139.17436885144616,407.04083261522584
5505,1.0,32.0,133.0,1079.97,0.10629508336685871,0.26205181910661646,1552.2224212988876,164.99361167587253,406.7627091594503
5059,2.0,208.0,298.0,507.12,0.13541897389256963,0.35037295007257374,1159.3241180551443,156.99448247593588,406.1958113332656
4965,0.0,0.0,235.0,0.0,0.07115537403602709,0.2285815285995896,1776.9928389168283,126.44259011246855,406.1877394301329
8129,0.0,0.0,235.0,0.0,0.07115537403602709,0.2285815285995896,1776.9928389168283,126.44259011246855,406.1877394301329
4730,0.0,0.0,235.0,0.0,0.07115537403602709,0.2285815285995896,1776.9928389168283,126.44259011246855,406.1877394301329
1922,0.0,0.0,235.0,0.0,0.07115537403602709,0.2285815285995896,1776.9928389168283,126.44259011246855,406.1877394301329
5222,0.0,0.0,235.0,0.0,0.07115537403602709,0.2285815285995896,1776.9928389168283,126.44259011246855,406.1877394301329
3475,0.0,0.0,235.0,0.0,0.07115537403602709,0.2285815285995896,1776.9928389168283,126.44259011246855,406.1877394301329
5627,0.0,0.0,235.0,0.0,0.07115537403602709,0.2285815285995896,1776.9928389168283,126.44259011246855,406.1877394301329
6154,0.0,0.0,235.0,0.0,0.07115537403602709,0.2285815285995896,1776.9928389168283,126.44259011246855,406.1877394301329
3229,0.0,0.0,235.0,0.0,0.07115537403602709,0.2285815285995896,1776.9928389168283,126.44259011246855,406.1877394301329
7950,0.0,0.0,235.0,0.0,0.07115537403602709,0.2285815285995896,1776.9928389168283,126.44259011246855,406.1877394301329
3999,0.0,0.0,235.0,0.0,0.07115537403602709,0.2285815285995896,1776.9928389168283,126.44259011246855,406.1877394301329
4886,1.0,27.0,118.0,793.46,0.11544950386109233,0.2781462319106001,1460.019922677809,168.55857570046345,406.09904000723833
3892,1.0,255.0,333.0,1035.11,0.08912800150945376,0.26396945477998734,1537.7859126669227,137.05978514539422,405.9285089350328
4780,1.0,236.0,267.0,176.38,0.11337975751072697,0.3215280681606762,1261.43586680159,143.02129269329797,405.5870373613033
2786,0.0,0.0,236.0,0.0,0.07095223046880766,0.22805439258127053,1776.9928389168283,126.08160544824761,405.2510225004448
3735,0.0,0.0,236.0,0.0,0.07095223046880766,0.22805439258127053,1776.9928389168283,126.08160544824761,405.2510225004448
4170,0.0,0.0,236.0,0.0,0.07095223046880766,0.22805439258127053,1776.9928389168283,126.08160544824761,405.2510225004448
9812,0.0,0.0,236.0,0.0,0.07095223046880766,0.22805439258127053,1776.9928389168283,126.08160544824761,405.2510225004448
8200,0.0,0.0,236.0,0.0,0.07095223046880766,0.22805439258127053,1776.9928389168283,126.08160544824761,405.2510225004448
3647,0.0,0.0,236.0,0.0,0.07095223046880766,0.22805439258127053,1776.9928389168283,126.08160544824761,405.2510225004448
6798,0.0,0.0,236.0,0.0,0.07095223046880766,0.22805439258127053,1776.9928389168283,126.08160544824761,405.2510225004448
1649,0.0,0.0,236.0,0.0,0.07095223046880766,0.22805439258127053,1776.9928389168283,126.08160544824761,405.2510225004448
3013,0.0,0.0,236.0,0.0,0.07095223046880766,0.22805439258127053,1776.9928389168283,126.08160544824761,405.2510225004448
2962,0.0,0.0,236.0,0.0,0.07095223046880766,0.22805439258127053,1776.9928389168283,126.08160544824761,405.2510225004448
6499,0.0,0.0,236.0,0.0,0.07095223046880766,0.22805439258127053,1776.9928389168283,126.08160544824761,405.2510225004448
8448,0.0,0.0,236.0,0.0,0.07095223046880766,0.22805439258127053,1776.9928389168283,126.08160544824761,405.2510225004448
7275,0.0,0.0,236.0,0.0,0.07095223046880766,0.22805439258127053,1776.9928389168283,126.08160544824761,405.2510225004448
5996,1.0,23.0,145.0,1882.03,0.08920901415565909,0.22370632678019772,1810.3353529383403,161.49823212676648,404.9834720461689
4314,0.0,0.0,237.0,0.0,0.07075024595774795,0.22752973532516,1776.9928389168283,125.72268041852239,404.3187103134506
4034,0.0,0.0,237.0,0.0,0.07075024595774795,0.22752973532516,1776.9928389168283,125.72268041852239,404.3187103134506
4581,0.0,0.0,237.0,0.0,0.07075024595774795,0.22752973532516,1776.9928389168283,125.72268041852239,404.3187103134506
3893,0.0,0.0,237.0,0.0,0.07075024595774795,0.22752973532516,1776.9928389168283,125.72268041852239,404.3187103134506
4512,0.0,0.0,237.0,0.0,0.07075024595774795,0.22752973532516,1776.9928389168283,125.72268041852239,404.3187103134506
5698,0.0,0.0,237.0,0.0,0.07075024595774795,0.22752973532516,1776.9928389168283,125.72268041852239,404.3187103134506
1203,0.0,0.0,237.0,0.0,0.07075024595774795,0.22752973532516,1776.9928389168283,125.72268041852239,404.3187103134506
6498,0.0,0.0,237.0,0.0,0.07075024595774795,0.22752973532516,1776.9928389168283,125.72268041852239,404.3187103134506
2559,0.0,0.0,237.0,0.0,0.07075024595774795,0.22752973532516,1776.9928389168283,125.72268041852239,404.3187103134506
5432,0.0,0.0,237.0,0.0,0.07075024595774795,0.22752973532516,1776.9928389168283,125.72268041852239,404.3187103134506
2136,0.0,0.0,237.0,0.0,0.07075024595774795,0.22752973532516,1776.9928389168283,125.72268041852239,404.3187103134506
4980,0.0,0.0,237.0,0.0,0.07075024595774795,0.22752973532516,1776.9928389168283,125.72268041852239,404.3187103134506
8161,2.0,204.0,324.0,916.53,0.11264262654813342,0.2976130910526292,1358.293679850772,153.0017677221204,404.2459806176385
3897,1.0,26.0,114.0,685.36,0.11848711853397434,0.28361248076138557,1425.2319917122586,168.87163194042273,404.21358083000416
9867,1.0,35.0,110.0,256.21,0.13206167075797345,0.313984234055596,1287.126158466524,169.98003096338127,404.1373209990332
2244,0.0,0.0,238.0,0.0,0.07054941059052555,0.22700753900473594,1776.9928389168283,125.36579740916696,403.39077119154837
2935,0.0,0.0,238.0,0.0,0.07054941059052555,0.22700753900473594,1776.9928389168283,125.36579740916696,403.39077119154837
7139,0.0,0.0,238.0,0.0,0.07054941059052555,0.22700753900473594,1776.9928389168283,125.36579740916696,403.39077119154837
7558,0.0,0.0,238.0,0.0,0.07054941059052555,0.22700753900473594,1776.9928389168283,125.36579740916696,403.39077119154837
4169,2.0,217.0,325.0,726.42,0.12041035941151051,0.31836250966104007,1265.9019371161883,152.42770722788762,403.0157176850818
3924,1.0,307.0,314.0,230.22,0.10749908465298433,0.3147652854991014,1278.762251659912,137.46577154222973,402.50996522920593
7977,0.0,0.0,239.0,0.0,0.07034971456776147,0.22648778596768976,1776.9928389168283,125.01093900675501,402.467173766712
9187,0.0,0.0,239.0,0.0,0.07034971456776147,0.22648778596768976,1776.9928389168283,125.01093900675501,402.467173766712
7078,0.0,0.0,239.0,0.0,0.07034971456776147,0.22648778596768976,1776.9928389168283,125.01093900675501,402.467173766712
9342,0.0,0.0,239.0,0.0,0.07034971456776147,0.22648778596768976,1776.9928389168283,125.01093900675501,402.467173766712
4983,0.0,0.0,239.0,0.0,0.07034971456776147,0.22648778596768976,1776.9928389168283,125.01093900675501,402.467173766712
3279,0.0,0.0,239.0,0.0,0.07034971456776147,0.22648778596768976,1776.9928389168283,125.01093900675501,402.467173766712
1160,0.0,0.0,239.0,0.0,0.07034971456776147,0.22648778596768976,1776.9928389168283,125.01093900675501,402.467173766712
7323,0.0,0.0,239.0,0.0,0.07034971456776147,0.22648778596768976,1776.9928389168283,125.01093900675501,402.467173766712
7284,1.0,54.0,281.0,5208.72,0.048671149327211526,0.13947347159194218,2880.9057698094934,140.21699492002313,401.8099290445867
4614,0.0,0.0,240.0,0.0,0.07015114820141405,0.22597045873376295,1776.9928389168283,124.6580879957059,401.5478869766474
3362,0.0,0.0,240.0,0.0,0.07015114820141405,0.22597045873376295,1776.9928389168283,124.6580879957059,401.5478869766474
2506,0.0,0.0,240.0,0.0,0.07015114820141405,0.22597045873376295,1776.9928389168283,124.6580879957059,401.5478869766474
2669,0.0,0.0,240.0,0.0,0.07015114820141405,0.22597045873376295,1776.9928389168283,124.6580879957059,401.5478869766474
7915,0.0,0.0,240.0,0.0,0.07015114820141405,0.22597045873376295,1776.9928389168283,124.6580879957059,401.5478869766474
3474,0.0,0.0,241.0,0.0,0.06995370191319877,0.22545553999260812,1776.9928389168283,124.30722735547666,400.6328800609912
9833,0.0,0.0,241.0,0.0,0.06995370191319877,0.22545553999260812,1776.9928389168283,124.30722735547666,400.6328800609912
4938,0.0,0.0,241.0,0.0,0.06995370191319877,0.22545553999260812,1776.9928389168283,124.30722735547666,400.6328800609912
7074,0.0,0.0,241.0,0.0,0.06995370191319877,0.22545553999260812,1776.9928389168283,124.30722735547666,400.6328800609912
7800,0.0,0.0,241.0,0.0,0.06995370191319877,0.22545553999260812,1776.9928389168283,124.30722735547666,400.6328800609912
8919,0.0,0.0,241.0,0.0,0.06995370191319877,0.22545553999260812,1776.9928389168283,124.30722735547666,400.6328800609912
5239,0.0,0.0,241.0,0.0,0.06995370191319877,0.22545553999260812,1776.9928389168283,124.30722735547666,400.6328800609912
4964,0.0,0.0,241.0,0.0,0.06995370191319877,0.22545553999260812,1776.9928389168283,124.30722735547666,400.6328800609912
1124,1.0,265.0,332.0,847.5,0.09160569128922631,0.2711485127604819,1477.4106700356065,135.33922574669077,400.59770591662175
1196,1.0,95.0,349.0,5303.12,0.04603492846732466,0.13759240753864405,2911.2848695610905,134.0207907182494,400.57069423373775
2646,1.0,190.0,306.0,1359.12,0.08364709095069464,0.24371766494490163,1642.0563799393306,137.35323935895357,400.1981466266919
4332,1.0,158.0,288.0,1558.35,0.08146424119366275,0.23454946221677198,1706.1710837900746,138.9919326875276,400.18151015276896
5808,1.0,96.0,354.0,5413.05,0.045293421924650364,0.13574170196252028,2946.661717396816,133.46439243526885,399.98487662724676
9549,1.0,86.0,159.0,171.96,0.12426319129132074,0.3173228172857457,1260.0134555632158,156.57329305828995,399.83101953726737
4054,1.0,200.0,275.0,639.07,0.09935255805829214,0.28342636455590897,1410.335291209065,140.12041890150698,399.7262043922845
6197,0.0,0.0,242.0,0.0,0.06975736623303404,0.22494301260169114,1776.9928389168283,123.95834025780005,399.722122557583
7319,0.0,0.0,242.0,0.0,0.06975736623303404,0.22494301260169114,1776.9928389168283,123.95834025780005,399.722122557583
6414,0.0,0.0,242.0,0.0,0.06975736623303404,0.22494301260169114,1776.9928389168283,123.95834025780005,399.722122557583
6720,0.0,0.0,242.0,0.0,0.06975736623303404,0.22494301260169114,1776.9928389168283,123.95834025780005,399.722122557583
2141,0.0,0.0,242.0,0.0,0.06975736623303404,0.22494301260169114,1776.9928389168283,123.95834025780005,399.722122557583
5140,0.0,0.0,242.0,0.0,0.06975736623303404,0.22494301260169114,1776.9928389168283,123.95834025780005,399.722122557583
1523,0.0,0.0,243.0,0.0,0.0695621317975148,0.2244328595842173,1776.9928389168283,123.6114100639724,398.8155842987802
3280,0.0,0.0,243.0,0.0,0.0695621317975148,0.2244328595842173,1776.9928389168283,123.6114100639724,398.8155842987802
4067,0.0,0.0,243.0,0.0,0.0695621317975148,0.2244328595842173,1776.9928389168283,123.6114100639724,398.8155842987802
7069,0.0,0.0,243.0,0.0,0.0695621317975148,0.2244328595842173,1776.9928389168283,123.6114100639724,398.8155842987802
2794,0.0,0.0,243.0,0.0,0.0695621317975148,0.2244328595842173,1776.9928389168283,123.6114100639724,398.8155842987802
3483,0.0,0.0,243.0,0.0,0.0695621317975148,0.2244328595842173,1776.9928389168283,123.6114100639724,398.8155842987802
7130,1.0,254.0,346.0,1174.79,0.08439280055574136,0.2517848888175653,1582.7366822993745,133.57158116154687,398.5091795802301
9267,1.0,118.0,202.0,472.26,0.10956229047608079,0.2936727306678932,1356.6537485230135,148.63809207114227,398.4122108995866
8875,0.0,0.0,244.0,0.0,0.06936798934841303,0.22392506412709737,1776.9928389168283,123.26642032218876,397.91323540784356
8660,0.0,0.0,244.0,0.0,0.06936798934841303,0.22392506412709737,1776.9928389168283,123.26642032218876,397.91323540784356
1521,0.0,0.0,244.0,0.0,0.06936798934841303,0.22392506412709737,1776.9928389168283,123.26642032218876,397.91323540784356
2277,0.0,0.0,244.0,0.0,0.06936798934841303,0.22392506412709737,1776.9928389168283,123.26642032218876,397.91323540784356
4161,0.0,0.0,244.0,0.0,0.06936798934841303,0.22392506412709737,1776.9928389168283,123.26642032218876,397.91323540784356
2950,0.0,0.0,244.0,0.0,0.06936798934841303,0.22392506412709737,1776.9928389168283,123.26642032218876,397.91323540784356
4199,0.0,0.0,244.0,0.0,0.06936798934841303,0.22392506412709737,1776.9928389168283,123.26642032218876,397.91323540784356
2569,0.0,0.0,244.0,0.0,0.06936798934841303,0.22392506412709737,1776.9928389168283,123.26642032218876,397.91323540784356
7165,1.0,116.0,275.0,2205.25,0.07285196269671222,0.20784919776488206,1914.3515883378182,139.46427050197852,397.89644187594325
4350,0.0,0.0,245.0,0.0,0.06917492973120018,0.22341960957893195,1776.9928389168283,122.92335476491752,397.0150462953557
2739,0.0,0.0,245.0,0.0,0.06917492973120018,0.22341960957893195,1776.9928389168283,122.92335476491752,397.0150462953557
2804,0.0,0.0,245.0,0.0,0.06917492973120018,0.22341960957893195,1776.9928389168283,122.92335476491752,397.0150462953557
1486,0.0,0.0,245.0,0.0,0.06917492973120018,0.22341960957893195,1776.9928389168283,122.92335476491752,397.0150462953557
5558,0.0,0.0,245.0,0.0,0.06917492973120018,0.22341960957893195,1776.9928389168283,122.92335476491752,397.0150462953557
9861,1.0,90.0,179.0,506.74,0.11090703331707111,0.29007201999196014,1367.7498434322783,151.6930774549625,396.7459599280882
9614,2.0,117.0,256.0,1542.725,0.09575429357656771,0.23851379863494582,1662.6187934254674,159.202888051581,396.55752410175853
3252,1.0,38.0,133.0,736.48,0.11154239339780798,0.27498064388433224,1441.6830465777368,160.80877753632424,396.43493242507185
4860,0.0,0.0,246.0,0.0,0.06898294389359684,0.22291647944804524,1776.9928389168283,122.58219730632294,396.1209876557267
2577,0.0,0.0,246.0,0.0,0.06898294389359684,0.22291647944804524,1776.9928389168283,122.58219730632294,396.1209876557267
5220,0.0,0.0,246.0,0.0,0.06898294389359684,0.22291647944804524,1776.9928389168283,122.58219730632294,396.1209876557267
2698,0.0,0.0,246.0,0.0,0.06898294389359684,0.22291647944804524,1776.9928389168283,122.58219730632294,396.1209876557267
9064,0.0,0.0,246.0,0.0,0.06898294389359684,0.22291647944804524,1776.9928389168283,122.58219730632294,396.1209876557267
4105,1.0,163.0,312.0,1922.22,0.0742777349209866,0.21724780618907213,1823.2689972075864,135.42829126423817,396.1011897358976
2949,1.0,140.0,286.0,1831.33,0.07668965457516641,0.22050306407851125,1794.0194593217552,137.58273263651222,395.5867877969211
9068,2.0,186.0,361.0,1849.935,0.08045070686704134,0.21830926533776082,1811.9200783946674,145.77025109343595,395.55894116507784
3251,0.0,0.0,247.0,0.0,0.06879202288414758,0.22241565740051855,1776.9928389168283,122.24293203973284,395.2310304637001
7030,0.0,0.0,247.0,0.0,0.06879202288414758,0.22241565740051855,1776.9928389168283,122.24293203973284,395.2310304637001
1000,0.0,0.0,247.0,0.0,0.06879202288414758,0.22241565740051855,1776.9928389168283,122.24293203973284,395.2310304637001
6679,0.0,0.0,247.0,0.0,0.06879202288414758,0.22241565740051855,1776.9928389168283,122.24293203973284,395.2310304637001
8201,0.0,0.0,247.0,0.0,0.06879202288414758,0.22241565740051855,1776.9928389168283,122.24293203973284,395.2310304637001
4850,0.0,0.0,247.0,0.0,0.06879202288414758,0.22241565740051855,1776.9928389168283,122.24293203973284,395.2310304637001
4907,0.0,0.0,247.0,0.0,0.06879202288414758,0.22241565740051855,1776.9928389168283,122.24293203973284,395.2310304637001
1672,0.0,0.0,247.0,0.0,0.06879202288414758,0.22241565740051855,1776.9928389168283,122.24293203973284,395.2310304637001
5540,0.0,0.0,247.0,0.0,0.06879202288414758,0.22241565740051855,1776.9928389168283,122.24293203973284,395.2310304637001
5574,1.0,239.0,350.0,1388.4,0.07997866731857253,0.23914069074295677,1651.4790498622795,132.0830935125275,394.93584073158746
2072,1.0,188.0,287.0,961.17,0.09061799563045642,0.26071612817166306,1513.9910966114926,137.19483857729014,394.7218967949186
1711,2.0,161.0,263.0,638.1700000000001,0.1286921401050681,0.3226804237465305,1223.0132342792665,157.39219049621985,394.6424286848485
4311,0.0,0.0,248.0,0.0,0.06860215785081683,0.22191712725828555,1776.9928389168283,121.90554323514338,394.3451459709679
9542,0.0,0.0,248.0,0.0,0.06860215785081683,0.22191712725828555,1776.9928389168283,121.90554323514338,394.3451459709679
2993,0.0,0.0,248.0,0.0,0.06860215785081683,0.22191712725828555,1776.9928389168283,121.90554323514338,394.3451459709679
2455,0.0,0.0,248.0,0.0,0.06860215785081683,0.22191712725828555,1776.9928389168283,121.90554323514338,394.3451459709679
1533,0.0,0.0,248.0,0.0,0.06860215785081683,0.22191712725828555,1776.9928389168283,121.90554323514338,394.3451459709679
3852,0.0,0.0,248.0,0.0,0.06860215785081683,0.22191712725828555,1776.9928389168283,121.90554323514338,394.3451459709679
7509,0.0,0.0,248.0,0.0,0.06860215785081683,0.22191712725828555,1776.9928389168283,121.90554323514338,394.3451459709679
7097,0.0,0.0,248.0,0.0,0.06860215785081683,0.22191712725828555,1776.9928389168283,121.90554323514338,394.3451459709679
1462,1.0,281.0,333.0,633.28,0.09452618248854243,0.2799515880161628,1408.4719968493093,133.13748100417956,394.30397219426004
9880,0.0,0.0,249.0,0.0,0.06841334003960957,0.22142087299723548,1776.9928389168283,121.57001533676812,393.46330570279997
2236,0.0,0.0,249.0,0.0,0.06841334003960957,0.22142087299723548,1776.9928389168283,121.57001533676812,393.46330570279997
5308,0.0,0.0,249.0,0.0,0.06841334003960957,0.22142087299723548,1776.9928389168283,121.57001533676812,393.46330570279997
4018,0.0,0.0,249.0,0.0,0.06841334003960957,0.22142087299723548,1776.9928389168283,121.57001533676812,393.46330570279997
2930,0.0,0.0,249.0,0.0,0.06841334003960957,0.22142087299723548,1776.9928389168283,121.57001533676812,393.46330570279997
6686,0.0,0.0,249.0,0.0,0.06841334003960957,0.22142087299723548,1776.9928389168283,121.57001533676812,393.46330570279997
5541,0.0,0.0,249.0,0.0,0.06841334003960957,0.22142087299723548,1776.9928389168283,121.57001533676812,393.46330570279997
6178,1.0,263.0,318.0,564.53,0.09656221484886707,0.2834481457442978,1386.3473876552118,133.86877430192817,392.95759638832095
5595,2.0,199.0,357.0,1454.575,0.0896101149560051,0.24249236228643253,1619.7786896852424,145.14855458598188,392.7839608429968
6902,1.0,73.0,198.0,1372.49,0.08934234488343418,0.23852395093812548,1646.3590130291457,147.08957474400023,392.69605645030464
1683,0.0,0.0,250.0,0.0,0.0682255607932169,0.2209268787453474,1776.9928389168283,121.23633296063116,392.5854814547287
1253,0.0,0.0,250.0,0.0,0.0682255607932169,0.2209268787453474,1776.9928389168283,121.23633296063116,392.5854814547287
7519,0.0,0.0,250.0,0.0,0.0682255607932169,0.2209268787453474,1776.9928389168283,121.23633296063116,392.5854814547287
5640,0.0,0.0,250.0,0.0,0.0682255607932169,0.2209268787453474,1776.9928389168283,121.23633296063116,392.5854814547287
6145,0.0,0.0,250.0,0.0,0.0682255607932169,0.2209268787453474,1776.9928389168283,121.23633296063116,392.5854814547287
5297,0.0,0.0,250.0,0.0,0.0682255607932169,0.2209268787453474,1776.9928389168283,121.23633296063116,392.5854814547287
7697,0.0,0.0,250.0,0.0,0.0682255607932169,0.2209268787453474,1776.9928389168283,121.23633296063116,392.5854814547287
5419,0.0,0.0,250.0,0.0,0.0682255607932169,0.2209268787453474,1776.9928389168283,121.23633296063116,392.5854814547287
2533,0.0,0.0,250.0,0.0,0.0682255607932169,0.2209268787453474,1776.9928389168283,121.23633296063116,392.5854814547287
5064,0.0,0.0,250.0,0.0,0.0682255607932169,0.2209268787453474,1776.9928389168283,121.23633296063116,392.5854814547287
4985,0.0,0.0,250.0,0.0,0.0682255607932169,0.2209268787453474,1776.9928389168283,121.23633296063116,392.5854814547287
3676,0.0,0.0,250.0,0.0,0.0682255607932169,0.2209268787453474,1776.9928389168283,121.23633296063116,392.5854814547287
8507,1.0,32.0,124.0,633.08,0.11444352122170363,0.27833896887727355,1408.4076343498302,161.1831289905242,392.01472870381184
4083,4.0,173.0,299.0,1610.4825,0.1081717496983054,0.23503251966994834,1667.7515568748627,180.4036039692268,391.9758505957781
9504,0.0,0.0,251.0,0.0,0.06803881154967971,0.22043512878085963,1776.9928389168283,120.90448089219244,391.7116452892964
2180,0.0,0.0,251.0,0.0,0.06803881154967971,0.22043512878085963,1776.9928389168283,120.90448089219244,391.7116452892964
8575,0.0,0.0,251.0,0.0,0.06803881154967971,0.22043512878085963,1776.9928389168283,120.90448089219244,391.7116452892964
3944,0.0,0.0,251.0,0.0,0.06803881154967971,0.22043512878085963,1776.9928389168283,120.90448089219244,391.7116452892964
7954,0.0,0.0,251.0,0.0,0.06803881154967971,0.22043512878085963,1776.9928389168283,120.90448089219244,391.7116452892964
4836,1.0,218.0,266.0,195.77,0.10890247646826229,0.30860468910803535,1267.6758111255692,138.0530351904876,391.2106995821828
9160,0.0,0.0,252.0,0.0,0.0678530838410787,0.2199456075304554,1776.9928389168283,120.57444408402002,390.8417695328304
5724,0.0,0.0,252.0,0.0,0.0678530838410787,0.2199456075304554,1776.9928389168283,120.57444408402002,390.8417695328304
1985,0.0,0.0,252.0,0.0,0.0678530838410787,0.2199456075304554,1776.9928389168283,120.57444408402002,390.8417695328304
5667,0.0,0.0,252.0,0.0,0.0678530838410787,0.2199456075304554,1776.9928389168283,120.57444408402002,390.8417695328304
1604,0.0,0.0,252.0,0.0,0.0678530838410787,0.2199456075304554,1776.9928389168283,120.57444408402002,390.8417695328304
3145,0.0,0.0,252.0,0.0,0.0678530838410787,0.2199456075304554,1776.9928389168283,120.57444408402002,390.8417695328304
5687,0.0,0.0,252.0,0.0,0.0678530838410787,0.2199456075304554,1776.9928389168283,120.57444408402002,390.8417695328304
7173,0.0,0.0,252.0,0.0,0.0678530838410787,0.2199456075304554,1776.9928389168283,120.57444408402002,390.8417695328304
9224,0.0,0.0,252.0,0.0,0.0678530838410787,0.2199456075304554,1776.9928389168283,120.57444408402002,390.8417695328304
7846,0.0,0.0,252.0,0.0,0.0678530838410787,0.2199456075304554,1776.9928389168283,120.57444408402002,390.8417695328304
2453,1.0,124.0,340.0,3578.3,0.05573153981428362,0.1657405609789681,2356.2162378497687,131.31555907078595,390.5206010489744
5918,1.0,101.0,195.0,563.38,0.10583006056099231,0.28164748380020727,1385.9773032832388,146.67806194262596,390.357020073921
9435,1.0,190.0,348.0,2065.48,0.06985145274361966,0.20864113132105938,1869.3718555806113,130.57833983034166,390.02785880808676
8973,0.0,0.0,253.0,0.0,0.06766836929224523,0.21945829956748553,1776.9928389168283,120.24620765349918,389.97582677228587
7969,0.0,0.0,253.0,0.0,0.06766836929224523,0.21945829956748553,1776.9928389168283,120.24620765349918,389.97582677228587
1756,0.0,0.0,253.0,0.0,0.06766836929224523,0.21945829956748553,1776.9928389168283,120.24620765349918,389.97582677228587
5770,0.0,0.0,253.0,0.0,0.06766836929224523,0.21945829956748553,1776.9928389168283,120.24620765349918,389.97582677228587
3420,0.0,0.0,253.0,0.0,0.06766836929224523,0.21945829956748553,1776.9928389168283,120.24620765349918,389.97582677228587
1874,0.0,0.0,253.0,0.0,0.06766836929224523,0.21945829956748553,1776.9928389168283,120.24620765349918,389.97582677228587
2082,1.0,42.0,260.0,4928.69,0.049513421001177865,0.1397075205241599,2790.788616171377,138.18149167778796,389.89415787235447
8584,1.0,293.0,350.0,721.9,0.0907032199114594,0.27119673894118307,1436.9910203661038,130.33971253105915,389.7072786110505
9363,1.0,324.0,364.0,651.39,0.09147276456302832,0.2755275904544465,1414.300021176646,129.3699328585773,389.678677014474
9101,1.0,111.0,228.0,1080.16,0.09137321886201312,0.25103226508614196,1552.2835656733791,141.83714598217978,389.67325954698134
3024,1.0,144.0,309.0,2181.34,0.06995667911974135,0.20422849103495527,1906.6570515257436,133.38339554497858,389.3936925542596
6129,0.0,0.0,254.0,0.0,0.06748465961948907,0.21897318961020892,1776.9928389168283,119.91975688057174,389.1137898521181
2177,0.0,0.0,254.0,0.0,0.06748465961948907,0.21897318961020892,1776.9928389168283,119.91975688057174,389.1137898521181
7434,0.0,0.0,254.0,0.0,0.06748465961948907,0.21897318961020892,1776.9928389168283,119.91975688057174,389.1137898521181
8775,0.0,0.0,254.0,0.0,0.06748465961948907,0.21897318961020892,1776.9928389168283,119.91975688057174,389.1137898521181
6476,0.0,0.0,254.0,0.0,0.06748465961948907,0.21897318961020892,1776.9928389168283,119.91975688057174,389.1137898521181
2119,1.0,131.0,230.0,712.55,0.0985823877979734,0.2713098726245218,1433.9820735157123,141.36537686666796,389.0534937113955
2200,1.0,203.0,323.0,1335.11,0.08083428000880008,0.2380121002335377,1634.3296618775066,132.10986151489394,388.9902352974329
2421,1.0,113.0,235.0,1184.21,0.08869846914694766,0.24518280034216763,1585.768156024584,140.65520786135866,388.8030771875429
4851,1.0,52.0,205.0,2296.92,0.07431504812550807,0.19982445672068563,1943.852139971605,144.45746533086168,388.42919781516815
7346,0.0,0.0,255.0,0.0,0.06730194662935408,0.2184902625200636,1776.9928389168283,119.59507720552477,388.2556318712109
2461,0.0,0.0,255.0,0.0,0.06730194662935408,0.2184902625200636,1776.9928389168283,119.59507720552477,388.2556318712109
2027,0.0,0.0,255.0,0.0,0.06730194662935408,0.2184902625200636,1776.9928389168283,119.59507720552477,388.2556318712109
8090,0.0,0.0,255.0,0.0,0.06730194662935408,0.2184902625200636,1776.9928389168283,119.59507720552477,388.2556318712109
8588,0.0,0.0,255.0,0.0,0.06730194662935408,0.2184902625200636,1776.9928389168283,119.59507720552477,388.2556318712109
2035,0.0,0.0,255.0,0.0,0.06730194662935408,0.2184902625200636,1776.9928389168283,119.59507720552477,388.2556318712109
3584,0.0,0.0,255.0,0.0,0.06730194662935408,0.2184902625200636,1776.9928389168283,119.59507720552477,388.2556318712109
3036,1.0,346.0,358.0,384.52,0.09728973118371313,0.2921282813147211,1328.4179200038864,129.24142233680544,388.068443838412
6691,2.0,175.0,266.0,418.29999999999995,0.13807245868218998,0.34717299200400564,1116.1584003670346,154.11073461745664,387.50005140582823
6692,0.0,0.0,256.0,0.0,0.06712022221738727,0.21800950329996047,1776.9928389168283,119.27215422680338,387.4013261798444
5875,0.0,0.0,256.0,0.0,0.06712022221738727,0.21800950329996047,1776.9928389168283,119.27215422680338,387.4013261798444
1713,0.0,0.0,256.0,0.0,0.06712022221738727,0.21800950329996047,1776.9928389168283,119.27215422680338,387.4013261798444
4563,0.0,0.0,256.0,0.0,0.06712022221738727,0.21800950329996047,1776.9928389168283,119.27215422680338,387.4013261798444
7756,0.0,0.0,256.0,0.0,0.06712022221738727,0.21800950329996047,1776.9928389168283,119.27215422680338,387.4013261798444
5751,1.0,75.0,209.0,1532.01,0.08445293985821951,0.22796585847168296,1697.694542609382,143.37529510461763,387.01639382863897
3291,1.0,132.0,281.0,1777.91,0.07598857908982717,0.21772632238563033,1776.8282357123223,135.01865291846389,386.8622772725919
2722,0.0,0.0,257.0,0.0,0.06693947836693454,0.2175308970926017,1776.9928389168283,118.95097369887061,386.5508463767067
1963,0.0,0.0,257.0,0.0,0.06693947836693454,0.2175308970926017,1776.9928389168283,118.95097369887061,386.5508463767067
1777,0.0,0.0,257.0,0.0,0.06693947836693454,0.2175308970926017,1776.9928389168283,118.95097369887061,386.5508463767067
2690,0.0,0.0,257.0,0.0,0.06693947836693454,0.2175308970926017,1776.9928389168283,118.95097369887061,386.5508463767067
7727,0.0,0.0,257.0,0.0,0.06693947836693454,0.2175308970926017,1776.9928389168283,118.95097369887061,386.5508463767067
5694,0.0,0.0,257.0,0.0,0.06693947836693454,0.2175308970926017,1776.9928389168283,118.95097369887061,386.5508463767067
2113,0.0,0.0,257.0,0.0,0.06693947836693454,0.2175308970926017,1776.9928389168283,118.95097369887061,386.5508463767067
4218,1.0,214.0,345.0,1534.73,0.07617105446481774,0.22713753185183091,1698.5698726022144,129.3818582782818,385.80896854074587
9602,0.0,0.0,258.0,0.0,0.06675970714794965,0.21705442917882814,1776.9928389168283,118.63152153009113,385.7041663059575
4731,0.0,0.0,258.0,0.0,0.06675970714794965,0.21705442917882814,1776.9928389168283,118.63152153009113,385.7041663059575
9592,0.0,0.0,258.0,0.0,0.06675970714794965,0.21705442917882814,1776.9928389168283,118.63152153009113,385.7041663059575
8479,0.0,0.0,258.0,0.0,0.06675970714794965,0.21705442917882814,1776.9928389168283,118.63152153009113,385.7041663059575
3332,0.0,0.0,258.0,0.0,0.06675970714794965,0.21705442917882814,1776.9928389168283,118.63152153009113,385.7041663059575
4474,0.0,0.0,258.0,0.0,0.06675970714794965,0.21705442917882814,1776.9928389168283,118.63152153009113,385.7041663059575
2051,0.0,0.0,258.0,0.0,0.06675970714794965,0.21705442917882814,1776.9928389168283,118.63152153009113,385.7041663059575
1472,0.0,0.0,258.0,0.0,0.06675970714794965,0.21705442917882814,1776.9928389168283,118.63152153009113,385.7041663059575
5351,0.0,0.0,258.0,0.0,0.06675970714794965,0.21705442917882814,1776.9928389168283,118.63152153009113,385.7041663059575
2938,0.0,0.0,258.0,0.0,0.06675970714794965,0.21705442917882814,1776.9928389168283,118.63152153009113,385.7041663059575
5471,1.0,150.0,235.0,453.77,0.10322420395551048,0.2853187470253522,1350.703435446664,139.4252869039551,385.38101180448086
8066,1.0,142.0,251.0,896.71,0.09208566471484575,0.2579467475673208,1493.2470630311122,137.50664838271115,385.17822322332944
7777,1.0,54.0,138.0,263.02,0.12027150219731778,0.2986311480969985,1289.3177015736035,155.06817677785034,385.03042548270844
2491,0.0,0.0,259.0,0.0,0.06658090071582812,0.21658008497598605,1776.9928389168283,118.3137837806589,384.8612600543254
6096,0.0,0.0,259.0,0.0,0.06658090071582812,0.21658008497598605,1776.9928389168283,118.3137837806589,384.8612600543254
8465,0.0,0.0,259.0,0.0,0.06658090071582812,0.21658008497598605,1776.9928389168283,118.3137837806589,384.8612600543254
2716,0.0,0.0,259.0,0.0,0.06658090071582812,0.21658008497598605,1776.9928389168283,118.3137837806589,384.8612600543254
8047,0.0,0.0,259.0,0.0,0.06658090071582812,0.21658008497598605,1776.9928389168283,118.3137837806589,384.8612600543254
8879,0.0,0.0,259.0,0.0,0.06658090071582812,0.21658008497598605,1776.9928389168283,118.3137837806589,384.8612600543254
6517,0.0,0.0,259.0,0.0,0.06658090071582812,0.21658008497598605,1776.9928389168283,118.3137837806589,384.8612600543254
7332,0.0,0.0,259.0,0.0,0.06658090071582812,0.21658008497598605,1776.9928389168283,118.3137837806589,384.8612600543254
5573,1.0,202.0,277.0,483.89,0.09899474728318094,0.28281315599773144,1360.3964278674111,134.67210058167646,384.73800717322274
1058,1.0,103.0,324.0,3776.49,0.0538813540705038,0.15876363416824704,2419.9962567032594,130.3926751567221,384.2074003877635
3792,1.0,178.0,345.0,2150.5,0.06791294753529145,0.202519052552331,1896.7323541068902,128.81268485295107,384.12443929907977
4090,0.0,0.0,260.0,0.0,0.06640305131025609,0.21610785003631236,1776.9928389168283,117.99774666055178,384.0221019482389
3922,0.0,0.0,260.0,0.0,0.06640305131025609,0.21610785003631236,1776.9928389168283,117.99774666055178,384.0221019482389
4901,0.0,0.0,260.0,0.0,0.06640305131025609,0.21610785003631236,1776.9928389168283,117.99774666055178,384.0221019482389
4139,0.0,0.0,260.0,0.0,0.06640305131025609,0.21610785003631236,1776.9928389168283,117.99774666055178,384.0221019482389
4029,0.0,0.0,260.0,0.0,0.06640305131025609,0.21610785003631236,1776.9928389168283,117.99774666055178,384.0221019482389
5774,0.0,0.0,260.0,0.0,0.06640305131025609,0.21610785003631236,1776.9928389168283,117.99774666055178,384.0221019482389
1322,1.0,143.0,268.0,1208.99,0.08478900335780905,0.2406543804151277,1593.742669709393,135.13185257347328,383.54115472006555
7081,0.0,0.0,261.0,0.0,0.0662261512540782,0.21563771004535665,1776.9928389168283,117.68339652751969,383.18666655102214
5050,0.0,0.0,261.0,0.0,0.0662261512540782,0.21563771004535665,1776.9928389168283,117.68339652751969,383.18666655102214
1846,0.0,0.0,261.0,0.0,0.0662261512540782,0.21563771004535665,1776.9928389168283,117.68339652751969,383.18666655102214
3432,1.0,26.0,214.0,4036.62,0.05635635065448476,0.15287961934861344,2503.7093416437533,141.09992159458454,382.7661311100646
1183,0.0,0.0,262.0,0.0,0.06605019295218675,0.21516965082041783,1776.9928389168283,117.37071988511063,382.35492866011697
4177,0.0,0.0,262.0,0.0,0.06605019295218675,0.21516965082041783,1776.9928389168283,117.37071988511063,382.35492866011697
3622,0.0,0.0,262.0,0.0,0.06605019295218675,0.21516965082041783,1776.9928389168283,117.37071988511063,382.35492866011697
3690,0.0,0.0,262.0,0.0,0.06605019295218675,0.21516965082041783,1776.9928389168283,117.37071988511063,382.35492866011697
6153,0.0,0.0,262.0,0.0,0.06605019295218675,0.21516965082041783,1776.9928389168283,117.37071988511063,382.35492866011697
8533,0.0,0.0,262.0,0.0,0.06605019295218675,0.21516965082041783,1776.9928389168283,117.37071988511063,382.35492866011697
7624,0.0,0.0,262.0,0.0,0.06605019295218675,0.21516965082041783,1776.9928389168283,117.37071988511063,382.35492866011697
3608,0.0,0.0,262.0,0.0,0.06605019295218675,0.21516965082041783,1776.9928389168283,117.37071988511063,382.35492866011697
4327,0.0,0.0,262.0,0.0,0.06605019295218675,0.21516965082041783,1776.9928389168283,117.37071988511063,382.35492866011697
4539,0.0,0.0,262.0,0.0,0.06605019295218675,0.21516965082041783,1776.9928389168283,117.37071988511063,382.35492866011697
8896,0.0,0.0,262.0,0.0,0.06605019295218675,0.21516965082041783,1776.9928389168283,117.37071988511063,382.35492866011697
7389,1.0,172.0,244.0,270.37,0.10618620649304444,0.29573901881467557,1291.6830234292609,137.15892024941945,382.0010699685432
8450,0.0,0.0,263.0,0.0,0.06587516889042479,0.2147036583089943,1776.9928389168283,117.05970338072147,381.52686330432846
2184,0.0,0.0,263.0,0.0,0.06587516889042479,0.2147036583089943,1776.9928389168283,117.05970338072147,381.52686330432846
6668,0.0,0.0,263.0,0.0,0.06587516889042479,0.2147036583089943,1776.9928389168283,117.05970338072147,381.52686330432846
6736,0.0,0.0,263.0,0.0,0.06587516889042479,0.2147036583089943,1776.9928389168283,117.05970338072147,381.52686330432846
7077,0.0,0.0,263.0,0.0,0.06587516889042479,0.2147036583089943,1776.9928389168283,117.05970338072147,381.52686330432846
6306,0.0,0.0,263.0,0.0,0.06587516889042479,0.2147036583089943,1776.9928389168283,117.05970338072147,381.52686330432846
5730,0.0,0.0,263.0,0.0,0.06587516889042479,0.2147036583089943,1776.9928389168283,117.05970338072147,381.52686330432846
5880,1.0,107.0,279.0,2319.68,0.06832922760517703,0.19550966876735337,1951.1765924117149,133.3223894807938,381.4738892890276
5026,1.0,134.0,301.0,2107.9,0.0696237790883893,0.20221740894296358,1883.0231417189864,131.1031872373675,380.78006069805235
3862,0.0,0.0,264.0,0.0,0.06570107163450986,0.21423971858727658,1776.9928389168283,116.75033380368558,380.702445741147
1915,0.0,0.0,264.0,0.0,0.06570107163450986,0.21423971858727658,1776.9928389168283,116.75033380368558,380.702445741147
9534,0.0,0.0,264.0,0.0,0.06570107163450986,0.21423971858727658,1776.9928389168283,116.75033380368558,380.702445741147
4609,0.0,0.0,264.0,0.0,0.06570107163450986,0.21423971858727658,1776.9928389168283,116.75033380368558,380.702445741147
3077,0.0,0.0,264.0,0.0,0.06570107163450986,0.21423971858727658,1776.9928389168283,116.75033380368558,380.702445741147
8744,0.0,0.0,264.0,0.0,0.06570107163450986,0.21423971858727658,1776.9928389168283,116.75033380368558,380.702445741147
1172,0.0,0.0,264.0,0.0,0.06570107163450986,0.21423971858727658,1776.9928389168283,116.75033380368558,380.702445741147
4787,0.0,0.0,264.0,0.0,0.06570107163450986,0.21423971858727658,1776.9928389168283,116.75033380368558,380.702445741147
8756,0.0,0.0,264.0,0.0,0.06570107163450986,0.21423971858727658,1776.9928389168283,116.75033380368558,380.702445741147
3374,1.0,319.0,331.0,148.34,0.10273302938874206,0.3038964086543758,1252.4122443753736,128.66410390823566,380.6035832204425
1042,2.0,89.0,227.0,1649.0500000000002,0.09175830478191244,0.22171116096180638,1714.2917829907497,157.3005079087933,380.07762143416414
2761,0.0,0.0,265.0,0.0,0.06552789382897241,0.2137778178586425,1776.9928389168283,116.4425980833862,379.8816514540738
8754,0.0,0.0,265.0,0.0,0.06552789382897241,0.2137778178586425,1776.9928389168283,116.4425980833862,379.8816514540738
3113,0.0,0.0,265.0,0.0,0.06552789382897241,0.2137778178586425,1776.9928389168283,116.4425980833862,379.8816514540738
6907,0.0,0.0,265.0,0.0,0.06552789382897241,0.2137778178586425,1776.9928389168283,116.4425980833862,379.8816514540738
9733,0.0,0.0,265.0,0.0,0.06552789382897241,0.2137778178586425,1776.9928389168283,116.4425980833862,379.8816514540738
8585,0.0,0.0,265.0,0.0,0.06552789382897241,0.2137778178586425,1776.9928389168283,116.4425980833862,379.8816514540738
1347,0.0,0.0,265.0,0.0,0.06552789382897241,0.2137778178586425,1776.9928389168283,116.4425980833862,379.8816514540738
9250,0.0,0.0,265.0,0.0,0.06552789382897241,0.2137778178586425,1776.9928389168283,116.4425980833862,379.8816514540738
3980,1.0,66.0,272.0,3693.77,0.05567971988073638,0.15852278718879462,2393.3759269209304,133.26250118025519,379.4046227260707
6155,0.0,0.0,266.0,0.0,0.06535562819611246,0.21331794245218785,1776.9928389168283,116.13648328740258,379.0644561500099
6302,0.0,0.0,266.0,0.0,0.06535562819611246,0.21331794245218785,1776.9928389168283,116.13648328740258,379.0644561500099
6760,0.0,0.0,266.0,0.0,0.06535562819611246,0.21331794245218785,1776.9928389168283,116.13648328740258,379.0644561500099
2205,0.0,0.0,266.0,0.0,0.06535562819611246,0.21331794245218785,1776.9928389168283,116.13648328740258,379.0644561500099
9919,0.0,0.0,266.0,0.0,0.06535562819611246,0.21331794245218785,1776.9928389168283,116.13648328740258,379.0644561500099
3292,0.0,0.0,266.0,0.0,0.06535562819611246,0.21331794245218785,1776.9928389168283,116.13648328740258,379.0644561500099
6408,0.0,0.0,266.0,0.0,0.06535562819611246,0.21331794245218785,1776.9928389168283,116.13648328740258,379.0644561500099
3381,1.0,206.0,286.0,521.53,0.09605152343498165,0.2761526010059177,1372.5094502683562,131.8316236271848,379.0220545968088
2121,1.0,116.0,217.0,606.92,0.09950006324043026,0.27062230035397333,1399.9890194186646,139.29899596806507,378.8682489053825
8668,1.0,22.0,128.0,991.7,0.10143623154649961,0.24823126241124785,1523.816032156163,154.57015587206084,378.25877734462296
8677,0.0,0.0,267.0,0.0,0.0651842675349734,0.21286007882126406,1776.9928389168283,115.83197661968643,378.25083575665786
6093,0.0,0.0,267.0,0.0,0.0651842675349734,0.21286007882126406,1776.9928389168283,115.83197661968643,378.25083575665786
9460,0.0,0.0,267.0,0.0,0.0651842675349734,0.21286007882126406,1776.9928389168283,115.83197661968643,378.25083575665786
6080,0.0,0.0,267.0,0.0,0.0651842675349734,0.21286007882126406,1776.9928389168283,115.83197661968643,378.25083575665786
8950,0.0,0.0,267.0,0.0,0.0651842675349734,0.21286007882126406,1776.9928389168283,115.83197661968643,378.25083575665786
2507,0.0,0.0,267.0,0.0,0.0651842675349734,0.21286007882126406,1776.9928389168283,115.83197661968643,378.25083575665786
2156,1.0,20.0,128.0,1078.92,0.09954431904445941,0.2436041568849923,1551.8845181766508,154.4812875975337,378.0455196332955
1811,1.0,189.0,268.0,416.77,0.09941923975924957,0.2821629906442544,1338.7963730440213,133.10211760047727,377.75878848178183
8629,1.0,76.0,235.0,2082.69,0.07285019103142276,0.20138876979034942,1874.910248660318,136.58756978167654,377.58586844501957
2357,0.0,0.0,268.0,0.0,0.0650138047203309,0.2124042135420503,1776.9928389168283,115.5290654187651,377.4407664199842
3928,0.0,0.0,268.0,0.0,0.0650138047203309,0.2124042135420503,1776.9928389168283,115.5290654187651,377.4407664199842
9557,0.0,0.0,268.0,0.0,0.0650138047203309,0.2124042135420503,1776.9928389168283,115.5290654187651,377.4407664199842
2130,0.0,0.0,268.0,0.0,0.0650138047203309,0.2124042135420503,1776.9928389168283,115.5290654187651,377.4407664199842
9307,0.0,0.0,268.0,0.0,0.0650138047203309,0.2124042135420503,1776.9928389168283,115.5290654187651,377.4407664199842
9183,0.0,0.0,268.0,0.0,0.0650138047203309,0.2124042135420503,1776.9928389168283,115.5290654187651,377.4407664199842
6035,0.0,0.0,268.0,0.0,0.0650138047203309,0.2124042135420503,1776.9928389168283,115.5290654187651,377.4407664199842
2835,0.0,0.0,268.0,0.0,0.0650138047203309,0.2124042135420503,1776.9928389168283,115.5290654187651,377.4407664199842
6599,2.0,157.0,330.0,1813.76,0.07922956462310805,0.21033043169906537,1794.3393551637764,142.16472589573445,377.4041711862197
2519,1.0,233.0,305.0,497.95,0.09492218559445616,0.27638055769559416,1364.9211115804108,129.56129507522715,377.23765802908423
6127,0.0,0.0,269.0,0.0,0.06484423270169697,0.21195033331213475,1776.9928389168283,115.22773715597192,376.6342245016983
2324,0.0,0.0,269.0,0.0,0.06484423270169697,0.21195033331213475,1776.9928389168283,115.22773715597192,376.6342245016983
4929,0.0,0.0,269.0,0.0,0.06484423270169697,0.21195033331213475,1776.9928389168283,115.22773715597192,376.6342245016983
8674,0.0,0.0,269.0,0.0,0.06484423270169697,0.21195033331213475,1776.9928389168283,115.22773715597192,376.6342245016983
7345,0.0,0.0,269.0,0.0,0.06484423270169697,0.21195033331213475,1776.9928389168283,115.22773715597192,376.6342245016983
4972,0.0,0.0,269.0,0.0,0.06484423270169697,0.21195033331213475,1776.9928389168283,115.22773715597192,376.6342245016983
9507,1.0,51.0,176.0,1274.99,0.08935373578252982,0.23292564737318122,1614.982294535706,144.30470123940722,376.1707964509549
6883,0.0,0.0,270.0,0.0,0.06467554450234236,0.21149842494911872,1776.9928389168283,114.92797943370903,375.8311865767722
6794,0.0,0.0,270.0,0.0,0.06467554450234236,0.21149842494911872,1776.9928389168283,114.92797943370903,375.8311865767722
1332,0.0,0.0,270.0,0.0,0.06467554450234236,0.21149842494911872,1776.9928389168283,114.92797943370903,375.8311865767722
2044,0.0,0.0,270.0,0.0,0.06467554450234236,0.21149842494911872,1776.9928389168283,114.92797943370903,375.8311865767722
8974,0.0,0.0,270.0,0.0,0.06467554450234236,0.21149842494911872,1776.9928389168283,114.92797943370903,375.8311865767722
7477,0.0,0.0,270.0,0.0,0.06467554450234236,0.21149842494911872,1776.9928389168283,114.92797943370903,375.8311865767722
6790,0.0,0.0,270.0,0.0,0.06467554450234236,0.21149842494911872,1776.9928389168283,114.92797943370903,375.8311865767722
6747,0.0,0.0,270.0,0.0,0.06467554450234236,0.21149842494911872,1776.9928389168283,114.92797943370903,375.8311865767722
6750,0.0,0.0,270.0,0.0,0.06467554450234236,0.21149842494911872,1776.9928389168283,114.92797943370903,375.8311865767722
5860,1.0,99.0,238.0,1427.53,0.08148237518920554,0.22582109238339151,1664.0715728843147,135.59250424345112,375.78246039288445
2549,1.0,164.0,324.0,1859.23,0.07067688911763846,0.2082369548719348,1802.998027998334,127.43029170415906,375.45081899047653
6395,1.0,188.0,345.0,1824.14,0.07026053558382463,0.20951764764291755,1791.7056274656743,125.88619699429084,375.39394833518566
8007,0.0,0.0,271.0,0.0,0.06450773321833353,0.21104847538925037,1776.9928389168283,114.62977998373589,375.0316294310124
3081,0.0,0.0,271.0,0.0,0.06450773321833353,0.21104847538925037,1776.9928389168283,114.62977998373589,375.0316294310124
9830,0.0,0.0,271.0,0.0,0.06450773321833353,0.21104847538925037,1776.9928389168283,114.62977998373589,375.0316294310124
4096,0.0,0.0,271.0,0.0,0.06450773321833353,0.21104847538925037,1776.9928389168283,114.62977998373589,375.0316294310124
3816,0.0,0.0,271.0,0.0,0.06450773321833353,0.21104847538925037,1776.9928389168283,114.62977998373589,375.0316294310124
5745,0.0,0.0,271.0,0.0,0.06450773321833353,0.21104847538925037,1776.9928389168283,114.62977998373589,375.0316294310124
2030,0.0,0.0,271.0,0.0,0.06450773321833353,0.21104847538925037,1776.9928389168283,114.62977998373589,375.0316294310124
9777,0.0,0.0,271.0,0.0,0.06450773321833353,0.21104847538925037,1776.9928389168283,114.62977998373589,375.0316294310124
3883,1.0,45.0,196.0,2112.0,0.07468858790102524,0.19900555189091898,1884.3425729581982,140.73888589603246,374.9946336831005
7922,1.0,78.0,216.0,1456.65,0.08240954580480374,0.2239455229790055,1673.4427528076797,137.90765718922134,374.7600124529424
8527,1.0,179.0,276.0,654.26,0.09273299233485408,0.26474013820221326,1415.2236230440944,131.23792138785242,374.6664975517305
5688,1.0,114.0,324.0,3180.13,0.05703736435329398,0.1680604575307748,2228.080155772523,127.0838196531414,374.4521703943702
6432,0.0,0.0,272.0,0.0,0.06434079201758121,0.21060047168605656,1776.9928389168283,114.33312666547883,374.23553005862874
3750,0.0,0.0,272.0,0.0,0.06434079201758121,0.21060047168605656,1776.9928389168283,114.33312666547883,374.23553005862874
4009,0.0,0.0,272.0,0.0,0.06434079201758121,0.21060047168605656,1776.9928389168283,114.33312666547883,374.23553005862874
6047,0.0,0.0,272.0,0.0,0.06434079201758121,0.21060047168605656,1776.9928389168283,114.33312666547883,374.23553005862874
1274,0.0,0.0,272.0,0.0,0.06434079201758121,0.21060047168605656,1776.9928389168283,114.33312666547883,374.23553005862874
8782,0.0,0.0,272.0,0.0,0.06434079201758121,0.21060047168605656,1776.9928389168283,114.33312666547883,374.23553005862874
8234,0.0,0.0,273.0,0.0,0.06417471413890878,0.21015440100901728,1776.9928389168283,114.03800746437544,373.4428656598792
5479,0.0,0.0,273.0,0.0,0.06417471413890878,0.21015440100901728,1776.9928389168283,114.03800746437544,373.4428656598792
2081,0.0,0.0,273.0,0.0,0.06417471413890878,0.21015440100901728,1776.9928389168283,114.03800746437544,373.4428656598792
9257,0.0,0.0,273.0,0.0,0.06417471413890878,0.21015440100901728,1776.9928389168283,114.03800746437544,373.4428656598792
7096,0.0,0.0,273.0,0.0,0.06417471413890878,0.21015440100901728,1776.9928389168283,114.03800746437544,373.4428656598792
7349,0.0,0.0,273.0,0.0,0.06417471413890878,0.21015440100901728,1776.9928389168283,114.03800746437544,373.4428656598792
9137,0.0,0.0,273.0,0.0,0.06417471413890878,0.21015440100901728,1776.9928389168283,114.03800746437544,373.4428656598792
4012,0.0,0.0,273.0,0.0,0.06417471413890878,0.21015440100901728,1776.9928389168283,114.03800746437544,373.4428656598792
2919,1.0,200.0,308.0,907.4,0.08550179423583108,0.24943688966601038,1496.68723862799,127.9694443125646,373.32900960617565
5561,1.0,104.0,321.0,3436.56,0.05492636903182489,0.16155136465322997,2310.6025344727495,126.91300749432014,373.28099261528456
5010,1.0,223.0,335.0,1058.02,0.08141992864458966,0.24142464464084462,1545.158636981642,125.80670596761672,373.03937484702476
7736,1.0,233.0,336.0,942.21,0.08330821516281726,0.24716304010356552,1507.8895316613853,125.61958554540644,372.69456078576957
1800,0.0,0.0,274.0,0.0,0.06400949289113313,0.2097102506422413,1776.9928389168283,113.7444104902412,372.65361363871597
1927,0.0,0.0,274.0,0.0,0.06400949289113313,0.2097102506422413,1776.9928389168283,113.7444104902412,372.65361363871597
8949,0.0,0.0,274.0,0.0,0.06400949289113313,0.2097102506422413,1776.9928389168283,113.7444104902412,372.65361363871597
1615,0.0,0.0,274.0,0.0,0.06400949289113313,0.2097102506422413,1776.9928389168283,113.7444104902412,372.65361363871597
7251,0.0,0.0,274.0,0.0,0.06400949289113313,0.2097102506422413,1776.9928389168283,113.7444104902412,372.65361363871597
9103,0.0,0.0,274.0,0.0,0.06400949289113313,0.2097102506422413,1776.9928389168283,113.7444104902412,372.65361363871597
4862,0.0,0.0,274.0,0.0,0.06400949289113313,0.2097102506422413,1776.9928389168283,113.7444104902412,372.65361363871597
8131,0.0,0.0,274.0,0.0,0.06400949289113313,0.2097102506422413,1776.9928389168283,113.7444104902412,372.65361363871597
9093,0.0,0.0,274.0,0.0,0.06400949289113313,0.2097102506422413,1776.9928389168283,113.7444104902412,372.65361363871597
6319,1.0,139.0,244.0,656.48,0.09440373966289993,0.2629355490961068,1415.9380467882538,133.66984674779334,372.30044781833845
6276,2.0,75.0,214.0,1792.745,0.08763116186497792,0.20860917156465583,1784.126254992473,156.34505663880228,372.1851000207317
2170,1.0,115.0,307.0,2648.7,0.06202866780185022,0.18086078847204873,2057.0593402959257,127.59665046790914,372.04137421971353
3973,1.0,268.0,326.0,403.32,0.09450095940337477,0.2787354617723093,1334.4679949544209,126.10850581629066,371.9635527939882
2934,0.0,0.0,275.0,0.0,0.06384512165215853,0.2092680079831637,1776.9928389168283,113.45232397565944,371.86775160047154
2869,0.0,0.0,275.0,0.0,0.06384512165215853,0.2092680079831637,1776.9928389168283,113.45232397565944,371.86775160047154
2425,0.0,0.0,275.0,0.0,0.06384512165215853,0.2092680079831637,1776.9928389168283,113.45232397565944,371.86775160047154
1425,0.0,0.0,275.0,0.0,0.06384512165215853,0.2092680079831637,1776.9928389168283,113.45232397565944,371.86775160047154
9390,0.0,0.0,275.0,0.0,0.06384512165215853,0.2092680079831637,1776.9928389168283,113.45232397565944,371.86775160047154
7726,0.0,0.0,275.0,0.0,0.06384512165215853,0.2092680079831637,1776.9928389168283,113.45232397565944,371.86775160047154
5915,0.0,0.0,275.0,0.0,0.06384512165215853,0.2092680079831637,1776.9928389168283,113.45232397565944,371.86775160047154
7899,0.0,0.0,275.0,0.0,0.06384512165215853,0.2092680079831637,1776.9928389168283,113.45232397565944,371.86775160047154
9997,0.0,0.0,275.0,0.0,0.06384512165215853,0.2092680079831637,1776.9928389168283,113.45232397565944,371.86775160047154
5090,0.0,0.0,275.0,0.0,0.06384512165215853,0.2092680079831637,1776.9928389168283,113.45232397565944,371.86775160047154
4336,0.0,0.0,275.0,0.0,0.06384512165215853,0.2092680079831637,1776.9928389168283,113.45232397565944,371.86775160047154
8914,0.0,0.0,275.0,0.0,0.06384512165215853,0.2092680079831637,1776.9928389168283,113.45232397565944,371.86775160047154
3717,0.0,0.0,276.0,0.0,0.06368159386808585,0.20882766054127222,1776.9928389168283,113.16173627439835,371.08525734959505
5431,0.0,0.0,276.0,0.0,0.06368159386808585,0.20882766054127222,1776.9928389168283,113.16173627439835,371.08525734959505
5270,0.0,0.0,276.0,0.0,0.06368159386808585,0.20882766054127222,1776.9928389168283,113.16173627439835,371.08525734959505
1441,0.0,0.0,276.0,0.0,0.06368159386808585,0.20882766054127222,1776.9928389168283,113.16173627439835,371.08525734959505
8491,0.0,0.0,276.0,0.0,0.06368159386808585,0.20882766054127222,1776.9928389168283,113.16173627439835,371.08525734959505
3594,0.0,0.0,276.0,0.0,0.06368159386808585,0.20882766054127222,1776.9928389168283,113.16173627439835,371.08525734959505
7385,0.0,0.0,276.0,0.0,0.06368159386808585,0.20882766054127222,1776.9928389168283,113.16173627439835,371.08525734959505
6574,0.0,0.0,276.0,0.0,0.06368159386808585,0.20882766054127222,1776.9928389168283,113.16173627439835,371.08525734959505
9755,1.0,239.0,332.0,776.9,0.08601920417693747,0.25461810458487555,1454.6907077213834,125.13133700177934,370.3905907572498
3982,0.0,0.0,277.0,0.0,0.06351890305233683,0.2083891959368336,1776.9928389168283,112.87263585985481,370.30610888738914
1298,0.0,0.0,277.0,0.0,0.06351890305233683,0.2083891959368336,1776.9928389168283,112.87263585985481,370.30610888738914
1551,0.0,0.0,277.0,0.0,0.06351890305233683,0.2083891959368336,1776.9928389168283,112.87263585985481,370.30610888738914
6469,0.0,0.0,277.0,0.0,0.06351890305233683,0.2083891959368336,1776.9928389168283,112.87263585985481,370.30610888738914
1455,0.0,0.0,277.0,0.0,0.06351890305233683,0.2083891959368336,1776.9928389168283,112.87263585985481,370.30610888738914
6655,0.0,0.0,277.0,0.0,0.06351890305233683,0.2083891959368336,1776.9928389168283,112.87263585985481,370.30610888738914
1908,0.0,0.0,277.0,0.0,0.06351890305233683,0.2083891959368336,1776.9928389168283,112.87263585985481,370.30610888738914
9037,0.0,0.0,277.0,0.0,0.06351890305233683,0.2083891959368336,1776.9928389168283,112.87263585985481,370.30610888738914
9278,0.0,0.0,277.0,0.0,0.06351890305233683,0.2083891959368336,1776.9928389168283,112.87263585985481,370.30610888738914
3515,0.0,0.0,277.0,0.0,0.06351890305233683,0.2083891959368336,1776.9928389168283,112.87263585985481,370.30610888738914
9399,0.0,0.0,277.0,0.0,0.06351890305233683,0.2083891959368336,1776.9928389168283,112.87263585985481,370.30610888738914
1856,0.0,0.0,277.0,0.0,0.06351890305233683,0.2083891959368336,1776.9928389168283,112.87263585985481,370.30610888738914
2292,0.0,0.0,278.0,0.0,0.06335704278478912,0.20795260189965206,1776.9928389168283,112.58501132351738,369.53028440980376
5925,0.0,0.0,278.0,0.0,0.06335704278478912,0.20795260189965206,1776.9928389168283,112.58501132351738,369.53028440980376
2227,0.0,0.0,278.0,0.0,0.06335704278478912,0.20795260189965206,1776.9928389168283,112.58501132351738,369.53028440980376
7930,0.0,0.0,278.0,0.0,0.06335704278478912,0.20795260189965206,1776.9928389168283,112.58501132351738,369.53028440980376
4213,0.0,0.0,278.0,0.0,0.06335704278478912,0.20795260189965206,1776.9928389168283,112.58501132351738,369.53028440980376
9512,0.0,0.0,278.0,0.0,0.06335704278478912,0.20795260189965206,1776.9928389168283,112.58501132351738,369.53028440980376
7127,0.0,0.0,278.0,0.0,0.06335704278478912,0.20795260189965206,1776.9928389168283,112.58501132351738,369.53028440980376
5560,0.0,0.0,278.0,0.0,0.06335704278478912,0.20795260189965206,1776.9928389168283,112.58501132351738,369.53028440980376
5630,1.0,328.0,349.0,197.86,0.09745967762392438,0.29123281103783594,1268.348399245065,123.61282610524455,369.3846696874797
6019,1.0,258.0,320.0,376.77,0.09467290324412266,0.2782419632170743,1325.9238731492746,125.52906255173365,368.9276615414411
3848,1.0,96.0,294.0,2882.7,0.05983452775527554,0.1729916960212709,2132.3634646801806,127.5889609117418,368.8811722888178
2892,0.0,0.0,279.0,0.0,0.06319600671092569,0.20751786626783714,1776.9928389168283,112.29885137345478,368.7577623052466
3067,0.0,0.0,279.0,0.0,0.06319600671092569,0.20751786626783714,1776.9928389168283,112.29885137345478,368.7577623052466
3802,0.0,0.0,279.0,0.0,0.06319600671092569,0.20751786626783714,1776.9928389168283,112.29885137345478,368.7577623052466
5766,0.0,0.0,279.0,0.0,0.06319600671092569,0.20751786626783714,1776.9928389168283,112.29885137345478,368.7577623052466
5111,0.0,0.0,279.0,0.0,0.06319600671092569,0.20751786626783714,1776.9928389168283,112.29885137345478,368.7577623052466
6225,0.0,0.0,279.0,0.0,0.06319600671092569,0.20751786626783714,1776.9928389168283,112.29885137345478,368.7577623052466
9985,0.0,0.0,279.0,0.0,0.06319600671092569,0.20751786626783714,1776.9928389168283,112.29885137345478,368.7577623052466
5737,0.0,0.0,279.0,0.0,0.06319600671092569,0.20751786626783714,1776.9928389168283,112.29885137345478,368.7577623052466
8909,0.0,0.0,279.0,0.0,0.06319600671092569,0.20751786626783714,1776.9928389168283,112.29885137345478,368.7577623052466
6555,0.0,0.0,279.0,0.0,0.06319600671092569,0.20751786626783714,1776.9928389168283,112.29885137345478,368.7577623052466
2395,0.0,0.0,279.0,0.0,0.06319600671092569,0.20751786626783714,1776.9928389168283,112.29885137345478,368.7577623052466
7322,0.0,0.0,280.0,0.0,0.06303578854099885,0.20708497698659023,1776.9928389168283,112.01414483283043,367.98852115242704
7572,0.0,0.0,280.0,0.0,0.06303578854099885,0.20708497698659023,1776.9928389168283,112.01414483283043,367.98852115242704
4745,0.0,0.0,280.0,0.0,0.06303578854099885,0.20708497698659023,1776.9928389168283,112.01414483283043,367.98852115242704
2247,0.0,0.0,280.0,0.0,0.06303578854099885,0.20708497698659023,1776.9928389168283,112.01414483283043,367.98852115242704
8854,0.0,0.0,280.0,0.0,0.06303578854099885,0.20708497698659023,1776.9928389168283,112.01414483283043,367.98852115242704
6380,0.0,0.0,280.0,0.0,0.06303578854099885,0.20708497698659023,1776.9928389168283,112.01414483283043,367.98852115242704
3514,0.0,0.0,280.0,0.0,0.06303578854099885,0.20708497698659023,1776.9928389168283,112.01414483283043,367.98852115242704
5486,0.0,0.0,280.0,0.0,0.06303578854099885,0.20708497698659023,1776.9928389168283,112.01414483283043,367.98852115242704
9662,1.0,284.0,336.0,349.9,0.09400480659806411,0.27888705979085787,1317.2767713449916,123.83034812640825,367.3714456911989
4430,0.0,0.0,281.0,0.0,0.06287638204920458,0.2066539221070129,1776.9928389168283,111.73088063843515,367.22253971823795
8736,0.0,0.0,281.0,0.0,0.06287638204920458,0.2066539221070129,1776.9928389168283,111.73088063843515,367.22253971823795
9545,0.0,0.0,281.0,0.0,0.06287638204920458,0.2066539221070129,1776.9928389168283,111.73088063843515,367.22253971823795
9071,0.0,0.0,281.0,0.0,0.06287638204920458,0.2066539221070129,1776.9928389168283,111.73088063843515,367.22253971823795
8057,0.0,0.0,281.0,0.0,0.06287638204920458,0.2066539221070129,1776.9928389168283,111.73088063843515,367.22253971823795
1570,0.0,0.0,281.0,0.0,0.06287638204920458,0.2066539221070129,1776.9928389168283,111.73088063843515,367.22253971823795
5792,0.0,0.0,281.0,0.0,0.06287638204920458,0.2066539221070129,1776.9928389168283,111.73088063843515,367.22253971823795
2602,0.0,0.0,281.0,0.0,0.06287638204920458,0.2066539221070129,1776.9928389168283,111.73088063843515,367.22253971823795
4304,0.0,0.0,281.0,0.0,0.06287638204920458,0.2066539221070129,1776.9928389168283,111.73088063843515,367.22253971823795
4752,0.0,0.0,281.0,0.0,0.06287638204920458,0.2066539221070129,1776.9928389168283,111.73088063843515,367.22253971823795
9200,0.0,0.0,281.0,0.0,0.06287638204920458,0.2066539221070129,1776.9928389168283,111.73088063843515,367.22253971823795
5071,0.0,0.0,282.0,0.0,0.06271778107287126,0.20622468978491643,1776.9928389168283,111.44904783924564,366.45979695564085
7473,0.0,0.0,282.0,0.0,0.06271778107287126,0.20622468978491643,1776.9928389168283,111.44904783924564,366.45979695564085
3541,0.0,0.0,282.0,0.0,0.06271778107287126,0.20622468978491643,1776.9928389168283,111.44904783924564,366.45979695564085
7201,0.0,0.0,282.0,0.0,0.06271778107287126,0.20622468978491643,1776.9928389168283,111.44904783924564,366.45979695564085
8554,0.0,0.0,282.0,0.0,0.06271778107287126,0.20622468978491643,1776.9928389168283,111.44904783924564,366.45979695564085
9684,0.0,0.0,282.0,0.0,0.06271778107287126,0.20622468978491643,1776.9928389168283,111.44904783924564,366.45979695564085
8977,0.0,0.0,282.0,0.0,0.06271778107287126,0.20622468978491643,1776.9928389168283,111.44904783924564,366.45979695564085
1854,1.0,217.0,299.0,457.5,0.09341448322325042,0.2709357807471964,1351.9037960618487,126.28739447666813,366.2791104811155
6415,1.0,87.0,287.0,2969.76,0.0588641658665935,0.16938035740816226,2160.380460701096,127.16899377365701,365.9260145711619
6290,0.0,0.0,283.0,0.0,0.06255997951165979,0.20579726827966713,1776.9928389168283,111.16863559500294,365.7002720016138
3945,0.0,0.0,283.0,0.0,0.06255997951165979,0.20579726827966713,1776.9928389168283,111.16863559500294,365.7002720016138
8655,0.0,0.0,283.0,0.0,0.06255997951165979,0.20579726827966713,1776.9928389168283,111.16863559500294,365.7002720016138
4648,0.0,0.0,283.0,0.0,0.06255997951165979,0.20579726827966713,1776.9928389168283,111.16863559500294,365.7002720016138
9574,0.0,0.0,283.0,0.0,0.06255997951165979,0.20579726827966713,1776.9928389168283,111.16863559500294,365.7002720016138
5115,0.0,0.0,283.0,0.0,0.06255997951165979,0.20579726827966713,1776.9928389168283,111.16863559500294,365.7002720016138
4632,0.0,0.0,283.0,0.0,0.06255997951165979,0.20579726827966713,1776.9928389168283,111.16863559500294,365.7002720016138
5679,0.0,0.0,283.0,0.0,0.06255997951165979,0.20579726827966713,1776.9928389168283,111.16863559500294,365.7002720016138
5442,1.0,133.0,236.0,519.11,0.09619188445971127,0.26611661251779134,1371.7306640247277,131.94935754370962,365.0403175970411
2054,0.0,0.0,284.0,0.0,0.0624029713267768,0.20537164595303037,1776.9928389168283,110.88963317481455,364.9439441750972
3881,0.0,0.0,284.0,0.0,0.0624029713267768,0.20537164595303037,1776.9928389168283,110.88963317481455,364.9439441750972
5218,0.0,0.0,284.0,0.0,0.0624029713267768,0.20537164595303037,1776.9928389168283,110.88963317481455,364.9439441750972
8152,0.0,0.0,284.0,0.0,0.0624029713267768,0.20537164595303037,1776.9928389168283,110.88963317481455,364.9439441750972
2327,0.0,0.0,284.0,0.0,0.0624029713267768,0.20537164595303037,1776.9928389168283,110.88963317481455,364.9439441750972
5943,0.0,0.0,284.0,0.0,0.0624029713267768,0.20537164595303037,1776.9928389168283,110.88963317481455,364.9439441750972
5643,1.0,160.0,267.0,653.41,0.09081905322961344,0.2575708261716645,1414.950082421329,128.5044268526686,364.44986172092644
8729,1.0,6.0,97.0,530.77,0.11395335315418378,0.2648278417953331,1375.4829977440445,156.74089979950247,364.26619371873034
7774,0.0,0.0,285.0,0.0,0.062246750540197925,0.20494781126804607,1776.9928389168283,110.61202995577392,364.19079297499553
7878,0.0,0.0,285.0,0.0,0.062246750540197925,0.20494781126804607,1776.9928389168283,110.61202995577392,364.19079297499553
7802,0.0,0.0,285.0,0.0,0.062246750540197925,0.20494781126804607,1776.9928389168283,110.61202995577392,364.19079297499553
8299,0.0,0.0,285.0,0.0,0.062246750540197925,0.20494781126804607,1776.9928389168283,110.61202995577392,364.19079297499553
4158,0.0,0.0,285.0,0.0,0.062246750540197925,0.20494781126804607,1776.9928389168283,110.61202995577392,364.19079297499553
2960,0.0,0.0,285.0,0.0,0.062246750540197925,0.20494781126804607,1776.9928389168283,110.61202995577392,364.19079297499553
2701,0.0,0.0,285.0,0.0,0.062246750540197925,0.20494781126804607,1776.9928389168283,110.61202995577392,364.19079297499553
6530,0.0,0.0,285.0,0.0,0.062246750540197925,0.20494781126804607,1776.9928389168283,110.61202995577392,364.19079297499553
5972,0.0,0.0,285.0,0.0,0.062246750540197925,0.20494781126804607,1776.9928389168283,110.61202995577392,364.19079297499553
9116,0.0,0.0,285.0,0.0,0.062246750540197925,0.20494781126804607,1776.9928389168283,110.61202995577392,364.19079297499553
2487,0.0,0.0,285.0,0.0,0.062246750540197925,0.20494781126804607,1776.9928389168283,110.61202995577392,364.19079297499553
9260,1.0,42.0,156.0,866.62,0.09638620645652331,0.2452304336877387,1483.563724985287,142.99507948784066,363.81497568153907
8028,1.0,26.0,193.0,2832.2,0.06468772929833565,0.17182993875422412,2116.111933563067,136.8864759233053,363.6113839412246
2863,0.0,0.0,286.0,0.0,0.06209131123390546,0.20452575278790158,1776.9928389168283,110.33581542160601,363.4407980781746
3019,0.0,0.0,286.0,0.0,0.06209131123390546,0.20452575278790158,1776.9928389168283,110.33581542160601,363.4407980781746
4292,0.0,0.0,286.0,0.0,0.06209131123390546,0.20452575278790158,1776.9928389168283,110.33581542160601,363.4407980781746
9552,0.0,0.0,286.0,0.0,0.06209131123390546,0.20452575278790158,1776.9928389168283,110.33581542160601,363.4407980781746
8224,0.0,0.0,286.0,0.0,0.06209131123390546,0.20452575278790158,1776.9928389168283,110.33581542160601,363.4407980781746
1420,0.0,0.0,286.0,0.0,0.06209131123390546,0.20452575278790158,1776.9928389168283,110.33581542160601,363.4407980781746
4374,0.0,0.0,286.0,0.0,0.06209131123390546,0.20452575278790158,1776.9928389168283,110.33581542160601,363.4407980781746
7568,1.0,67.0,211.0,1509.59,0.07937102520219087,0.21466817298560853,1690.4795064183838,134.17509150772074,362.89214711244773
1971,0.0,0.0,287.0,0.0,0.06193664754913545,0.2041054591748312,1776.9928389168283,110.06097916132921,362.6939393375061
5529,0.0,0.0,287.0,0.0,0.06193664754913545,0.2041054591748312,1776.9928389168283,110.06097916132921,362.6939393375061
3166,0.0,0.0,287.0,0.0,0.06193664754913545,0.2041054591748312,1776.9928389168283,110.06097916132921,362.6939393375061
1159,0.0,0.0,287.0,0.0,0.06193664754913545,0.2041054591748312,1776.9928389168283,110.06097916132921,362.6939393375061
5785,0.0,0.0,287.0,0.0,0.06193664754913545,0.2041054591748312,1776.9928389168283,110.06097916132921,362.6939393375061
8262,0.0,0.0,287.0,0.0,0.06193664754913545,0.2041054591748312,1776.9928389168283,110.06097916132921,362.6939393375061
5450,0.0,0.0,287.0,0.0,0.06193664754913545,0.2041054591748312,1776.9928389168283,110.06097916132921,362.6939393375061
3934,2.0,107.0,244.0,1286.155,0.09583591181541525,0.2358327276386933,1537.9280910246825,147.3887409098914,362.6937766185195
5079,1.0,196.0,298.0,653.94,0.08832556775180228,0.25601261998093616,1415.1206430449383,124.99133423423972,362.28874341504184
9384,0.0,0.0,288.0,0.0,0.061782753685636384,0.20368691918903623,1776.9928389168283,109.78751086793814,361.9501967799481
9374,0.0,0.0,288.0,0.0,0.061782753685636384,0.20368691918903623,1776.9928389168283,109.78751086793814,361.9501967799481
9929,0.0,0.0,288.0,0.0,0.061782753685636384,0.20368691918903623,1776.9928389168283,109.78751086793814,361.9501967799481
7418,0.0,0.0,288.0,0.0,0.061782753685636384,0.20368691918903623,1776.9928389168283,109.78751086793814,361.9501967799481
2275,0.0,0.0,288.0,0.0,0.061782753685636384,0.20368691918903623,1776.9928389168283,109.78751086793814,361.9501967799481
7229,0.0,0.0,288.0,0.0,0.061782753685636384,0.20368691918903623,1776.9928389168283,109.78751086793814,361.9501967799481
5936,0.0,0.0,288.0,0.0,0.061782753685636384,0.20368691918903623,1776.9928389168283,109.78751086793814,361.9501967799481
8878,0.0,0.0,289.0,0.0,0.06162962390094003,0.20327012168759928,1776.9928389168283,109.51540033710785,361.2095506046162
4062,0.0,0.0,289.0,0.0,0.06162962390094003,0.20327012168759928,1776.9928389168283,109.51540033710785,361.2095506046162
2882,0.0,0.0,289.0,0.0,0.06162962390094003,0.20327012168759928,1776.9928389168283,109.51540033710785,361.2095506046162
1569,0.0,0.0,289.0,0.0,0.06162962390094003,0.20327012168759928,1776.9928389168283,109.51540033710785,361.2095506046162
4796,0.0,0.0,289.0,0.0,0.06162962390094003,0.20327012168759928,1776.9928389168283,109.51540033710785,361.2095506046162
2364,0.0,0.0,289.0,0.0,0.06162962390094003,0.20327012168759928,1776.9928389168283,109.51540033710785,361.2095506046162
2294,1.0,185.0,287.0,596.16,0.08976632545115204,0.25826663925887555,1396.5263169469742,125.3610358681608,360.6761585144703
2970,0.0,0.0,290.0,0.0,0.06147725250964296,0.20285505562343362,1776.9928389168283,109.24463746591715,360.47198118091643
7400,0.0,0.0,290.0,0.0,0.06147725250964296,0.20285505562343362,1776.9928389168283,109.24463746591715,360.47198118091643
2228,0.0,0.0,290.0,0.0,0.06147725250964296,0.20285505562343362,1776.9928389168283,109.24463746591715,360.47198118091643
6057,0.0,0.0,290.0,0.0,0.06147725250964296,0.20285505562343362,1776.9928389168283,109.24463746591715,360.47198118091643
9757,0.0,0.0,290.0,0.0,0.06147725250964296,0.20285505562343362,1776.9928389168283,109.24463746591715,360.47198118091643
6217,0.0,0.0,290.0,0.0,0.06147725250964296,0.20285505562343362,1776.9928389168283,109.24463746591715,360.47198118091643
8158,0.0,0.0,290.0,0.0,0.06147725250964296,0.20285505562343362,1776.9928389168283,109.24463746591715,360.47198118091643
4611,0.0,0.0,290.0,0.0,0.06147725250964296,0.20285505562343362,1776.9928389168283,109.24463746591715,360.47198118091643
2469,1.0,195.0,345.0,1473.69,0.07187921860705207,0.21434318012279893,1678.9264377628558,120.67992044511551,359.866431862333
4608,0.0,0.0,291.0,0.0,0.06132563388269641,0.2024417100442334,1776.9928389168283,108.97521225158674,359.7374690466797
5039,0.0,0.0,291.0,0.0,0.06132563388269641,0.2024417100442334,1776.9928389168283,108.97521225158674,359.7374690466797
4587,0.0,0.0,291.0,0.0,0.06132563388269641,0.2024417100442334,1776.9928389168283,108.97521225158674,359.7374690466797
2076,0.0,0.0,291.0,0.0,0.06132563388269641,0.2024417100442334,1776.9928389168283,108.97521225158674,359.7374690466797
5342,0.0,0.0,291.0,0.0,0.06132563388269641,0.2024417100442334,1776.9928389168283,108.97521225158674,359.7374690466797
9454,0.0,0.0,291.0,0.0,0.06132563388269641,0.2024417100442334,1776.9928389168283,108.97521225158674,359.7374690466797
5127,0.0,0.0,291.0,0.0,0.06132563388269641,0.2024417100442334,1776.9928389168283,108.97521225158674,359.7374690466797
6734,0.0,0.0,291.0,0.0,0.06132563388269641,0.2024417100442334,1776.9928389168283,108.97521225158674,359.7374690466797
9739,0.0,0.0,291.0,0.0,0.06132563388269641,0.2024417100442334,1776.9928389168283,108.97521225158674,359.7374690466797
9176,1.0,261.0,356.0,770.11,0.08252175411773559,0.24753689962581332,1452.5056008642473,119.8633100491532,359.54873312706485
4847,0.0,0.0,292.0,0.0,0.061174762446710516,0.20203007409144877,1776.9928389168283,108.7071147902427,359.00599490634073
8833,0.0,0.0,292.0,0.0,0.061174762446710516,0.20203007409144877,1776.9928389168283,108.7071147902427,359.00599490634073
7959,0.0,0.0,292.0,0.0,0.061174762446710516,0.20203007409144877,1776.9928389168283,108.7071147902427,359.00599490634073
3909,0.0,0.0,292.0,0.0,0.061174762446710516,0.20203007409144877,1776.9928389168283,108.7071147902427,359.00599490634073
6359,0.0,0.0,292.0,0.0,0.061174762446710516,0.20203007409144877,1776.9928389168283,108.7071147902427,359.00599490634073
6867,0.0,0.0,292.0,0.0,0.061174762446710516,0.20203007409144877,1776.9928389168283,108.7071147902427,359.00599490634073
5934,0.0,0.0,292.0,0.0,0.061174762446710516,0.20203007409144877,1776.9928389168283,108.7071147902427,359.00599490634073
6382,0.0,0.0,292.0,0.0,0.061174762446710516,0.20203007409144877,1776.9928389168283,108.7071147902427,359.00599490634073
5993,0.0,0.0,292.0,0.0,0.061174762446710516,0.20203007409144877,1776.9928389168283,108.7071147902427,359.00599490634073
4703,0.0,0.0,292.0,0.0,0.061174762446710516,0.20203007409144877,1776.9928389168283,108.7071147902427,359.00599490634073
4876,1.0,142.0,289.0,1331.03,0.07621099744529784,0.2195793889173101,1633.0166668882496,124.45382902834919,358.5768018071044
7858,0.0,0.0,293.0,0.0,0.061024632683265925,0.20162013699925777,1776.9928389168283,108.44033527569339,358.2775396291109
1202,0.0,0.0,293.0,0.0,0.061024632683265925,0.20162013699925777,1776.9928389168283,108.44033527569339,358.2775396291109
6352,0.0,0.0,293.0,0.0,0.061024632683265925,0.20162013699925777,1776.9928389168283,108.44033527569339,358.2775396291109
8251,0.0,0.0,293.0,0.0,0.061024632683265925,0.20162013699925777,1776.9928389168283,108.44033527569339,358.2775396291109
3886,0.0,0.0,293.0,0.0,0.061024632683265925,0.20162013699925777,1776.9928389168283,108.44033527569339,358.2775396291109
6709,0.0,0.0,293.0,0.0,0.061024632683265925,0.20162013699925777,1776.9928389168283,108.44033527569339,358.2775396291109
1277,0.0,0.0,293.0,0.0,0.061024632683265925,0.20162013699925777,1776.9928389168283,108.44033527569339,358.2775396291109
6700,0.0,0.0,293.0,0.0,0.061024632683265925,0.20162013699925777,1776.9928389168283,108.44033527569339,358.2775396291109
3316,0.0,0.0,293.0,0.0,0.061024632683265925,0.20162013699925777,1776.9928389168283,108.44033527569339,358.2775396291109
8331,0.0,0.0,293.0,0.0,0.061024632683265925,0.20162013699925777,1776.9928389168283,108.44033527569339,358.2775396291109
5606,0.0,0.0,293.0,0.0,0.061024632683265925,0.20162013699925777,1776.9928389168283,108.44033527569339,358.2775396291109
8960,0.0,0.0,293.0,0.0,0.061024632683265925,0.20162013699925777,1776.9928389168283,108.44033527569339,358.2775396291109
6341,2.0,115.0,342.0,3559.75,0.05060283205790619,0.13554838408595143,2642.874723619737,133.73694578941476,358.23739812826085
1993,1.0,131.0,225.0,263.24,0.1013406467466156,0.2776584862414022,1289.388500323026,130.66746453038422,358.00965917676314
8781,1.0,284.0,351.0,446.43,0.08864706237441676,0.26519433508199974,1348.341331715979,119.52649813463056,357.5724829279971
9277,0.0,0.0,294.0,0.0,0.060875239128237515,0.2012118880935694,1776.9928389168283,108.17486399822756,357.55208424720706
2017,0.0,0.0,294.0,0.0,0.060875239128237515,0.2012118880935694,1776.9928389168283,108.17486399822756,357.55208424720706
8712,0.0,0.0,294.0,0.0,0.060875239128237515,0.2012118880935694,1776.9928389168283,108.17486399822756,357.55208424720706
9095,0.0,0.0,294.0,0.0,0.060875239128237515,0.2012118880935694,1776.9928389168283,108.17486399822756,357.55208424720706
4797,0.0,0.0,294.0,0.0,0.060875239128237515,0.2012118880935694,1776.9928389168283,108.17486399822756,357.55208424720706
1262,0.0,0.0,295.0,0.0,0.06072657637112682,0.20080531679103503,1776.9928389168283,107.91069134342824,356.8296099540944
4132,0.0,0.0,295.0,0.0,0.06072657637112682,0.20080531679103503,1776.9928389168283,107.91069134342824,356.8296099540944
3425,1.0,185.0,290.0,594.51,0.08852863672497947,0.25523039326168195,1395.9953263263214,123.58556311411209,356.3004361297371
8085,1.0,36.0,209.0,2687.18,0.06376539962091346,0.17214212582278354,2069.4426851946673,131.95883981401417,356.23826309781947
4986,1.0,32.0,146.0,851.94,0.09590911249395793,0.24082551957204604,1478.839517523918,141.83418564671192,356.1422951713714
2077,0.0,0.0,296.0,0.0,0.060578639054404665,0.20040041259806343,1776.9928389168283,107.6478077910044,356.11009810273646
7450,0.0,0.0,296.0,0.0,0.060578639054404665,0.20040041259806343,1776.9928389168283,107.6478077910044,356.11009810273646
2666,0.0,0.0,296.0,0.0,0.060578639054404665,0.20040041259806343,1776.9928389168283,107.6478077910044,356.11009810273646
5776,1.0,55.0,152.0,268.02,0.10897338224539176,0.27580639761787595,1290.926764060448,140.67665571076586,356.04586038401385
9726,1.0,85.0,262.0,2158.86,0.06622509055590413,0.18713134055397063,1899.4227065848934,125.78944074752508,355.4415173618823
4555,0.0,0.0,297.0,0.0,0.060431421872863225,0.1999971651098612,1776.9928389168283,107.38620391363973,355.3935302038899
5088,0.0,0.0,297.0,0.0,0.060431421872863225,0.1999971651098612,1776.9928389168283,107.38620391363973,355.3935302038899
8861,0.0,0.0,297.0,0.0,0.060431421872863225,0.1999971651098612,1776.9928389168283,107.38620391363973,355.3935302038899
5340,0.0,0.0,297.0,0.0,0.060431421872863225,0.1999971651098612,1776.9928389168283,107.38620391363973,355.3935302038899
5610,0.0,0.0,297.0,0.0,0.060431421872863225,0.1999971651098612,1776.9928389168283,107.38620391363973,355.3935302038899
3847,0.0,0.0,297.0,0.0,0.060431421872863225,0.1999971651098612,1776.9928389168283,107.38620391363973,355.3935302038899
6485,1.0,113.0,227.0,593.95,0.09274120740136009,0.2545623040434467,1395.8151113278009,129.4495787336041,355.32191075826506
4937,0.0,0.0,298.0,0.0,0.06028491957297917,0.1995955640094757,1776.9928389168283,107.12587037586093,354.6798879244038
9577,0.0,0.0,298.0,0.0,0.06028491957297917,0.1995955640094757,1776.9928389168283,107.12587037586093,354.6798879244038
6627,0.0,0.0,298.0,0.0,0.06028491957297917,0.1995955640094757,1776.9928389168283,107.12587037586093,354.6798879244038
9566,0.0,0.0,298.0,0.0,0.06028491957297917,0.1995955640094757,1776.9928389168283,107.12587037586093,354.6798879244038
1607,0.0,0.0,298.0,0.0,0.06028491957297917,0.1995955640094757,1776.9928389168283,107.12587037586093,354.6798879244038
1585,0.0,0.0,298.0,0.0,0.06028491957297917,0.1995955640094757,1776.9928389168283,107.12587037586093,354.6798879244038
2387,0.0,0.0,298.0,0.0,0.06028491957297917,0.1995955640094757,1776.9928389168283,107.12587037586093,354.6798879244038
3985,0.0,0.0,298.0,0.0,0.06028491957297917,0.1995955640094757,1776.9928389168283,107.12587037586093,354.6798879244038
7917,1.0,85.0,270.0,2359.94,0.06348432101779079,0.18047014968556002,1964.1327635557723,124.69163488313522,354.4673338412229
1339,0.0,0.0,299.0,0.0,0.060139126952282844,0.19919559906685702,1776.9928389168283,106.86679793291664,353.9691530855526
8632,0.0,0.0,299.0,0.0,0.060139126952282844,0.19919559906685702,1776.9928389168283,106.86679793291664,353.9691530855526
2600,0.0,0.0,299.0,0.0,0.060139126952282844,0.19919559906685702,1776.9928389168283,106.86679793291664,353.9691530855526
4242,0.0,0.0,299.0,0.0,0.060139126952282844,0.19919559906685702,1776.9928389168283,106.86679793291664,353.9691530855526
8970,0.0,0.0,299.0,0.0,0.060139126952282844,0.19919559906685702,1776.9928389168283,106.86679793291664,353.9691530855526
8087,0.0,0.0,299.0,0.0,0.060139126952282844,0.19919559906685702,1776.9928389168283,106.86679793291664,353.9691530855526
4657,0.0,0.0,299.0,0.0,0.060139126952282844,0.19919559906685702,1776.9928389168283,106.86679793291664,353.9691530855526
6473,0.0,0.0,300.0,0.0,0.05999403885874028,0.19879726013793583,1776.9928389168283,106.6089774296794,353.26130766139784
1357,0.0,0.0,300.0,0.0,0.05999403885874028,0.19879726013793583,1776.9928389168283,106.6089774296794,353.26130766139784
2057,0.0,0.0,300.0,0.0,0.05999403885874028,0.19879726013793583,1776.9928389168283,106.6089774296794,353.26130766139784
1279,0.0,0.0,300.0,0.0,0.05999403885874028,0.19879726013793583,1776.9928389168283,106.6089774296794,353.26130766139784
1228,0.0,0.0,300.0,0.0,0.05999403885874028,0.19879726013793583,1776.9928389168283,106.6089774296794,353.26130766139784
6257,0.0,0.0,300.0,0.0,0.05999403885874028,0.19879726013793583,1776.9928389168283,106.6089774296794,353.26130766139784
5599,0.0,0.0,300.0,0.0,0.05999403885874028,0.19879726013793583,1776.9928389168283,106.6089774296794,353.26130766139784
6121,0.0,0.0,300.0,0.0,0.05999403885874028,0.19879726013793583,1776.9928389168283,106.6089774296794,353.26130766139784
5648,0.0,0.0,300.0,0.0,0.05999403885874028,0.19879726013793583,1776.9928389168283,106.6089774296794,353.26130766139784
6411,0.0,0.0,301.0,0.0,0.059849650190142205,0.19840053716369752,1776.9928389168283,106.35239979955989,352.5563337771425
9666,0.0,0.0,301.0,0.0,0.059849650190142205,0.19840053716369752,1776.9928389168283,106.35239979955989,352.5563337771425
4509,0.0,0.0,301.0,0.0,0.059849650190142205,0.19840053716369752,1776.9928389168283,106.35239979955989,352.5563337771425
7507,0.0,0.0,301.0,0.0,0.059849650190142205,0.19840053716369752,1776.9928389168283,106.35239979955989,352.5563337771425
1581,0.0,0.0,301.0,0.0,0.059849650190142205,0.19840053716369752,1776.9928389168283,106.35239979955989,352.5563337771425
6515,0.0,0.0,301.0,0.0,0.059849650190142205,0.19840053716369752,1776.9928389168283,106.35239979955989,352.5563337771425
2556,0.0,0.0,301.0,0.0,0.059849650190142205,0.19840053716369752,1776.9928389168283,106.35239979955989,352.5563337771425
9903,0.0,0.0,301.0,0.0,0.059849650190142205,0.19840053716369752,1776.9928389168283,106.35239979955989,352.5563337771425
5343,0.0,0.0,301.0,0.0,0.059849650190142205,0.19840053716369752,1776.9928389168283,106.35239979955989,352.5563337771425
8936,0.0,0.0,301.0,0.0,0.059849650190142205,0.19840053716369752,1776.9928389168283,106.35239979955989,352.5563337771425
2349,1.0,10.0,120.0,957.7,0.09634394101540254,0.23288313856814272,1512.8744072456282,145.7562826553849,352.3229402187804
6767,0.0,0.0,302.0,0.0,0.05970595589350178,0.19800542016928308,1776.9928389168283,106.09705606343665,351.85421370753375
6081,0.0,0.0,302.0,0.0,0.05970595589350178,0.19800542016928308,1776.9928389168283,106.09705606343665,351.85421370753375
6025,0.0,0.0,302.0,0.0,0.05970595589350178,0.19800542016928308,1776.9928389168283,106.09705606343665,351.85421370753375
2446,0.0,0.0,302.0,0.0,0.05970595589350178,0.19800542016928308,1776.9928389168283,106.09705606343665,351.85421370753375
4434,0.0,0.0,302.0,0.0,0.05970595589350178,0.19800542016928308,1776.9928389168283,106.09705606343665,351.85421370753375
5675,0.0,0.0,302.0,0.0,0.05970595589350178,0.19800542016928308,1776.9928389168283,106.09705606343665,351.85421370753375
4209,0.0,0.0,302.0,0.0,0.05970595589350178,0.19800542016928308,1776.9928389168283,106.09705606343665,351.85421370753375
5673,0.0,0.0,302.0,0.0,0.05970595589350178,0.19800542016928308,1776.9928389168283,106.09705606343665,351.85421370753375
6182,0.0,0.0,302.0,0.0,0.05970595589350178,0.19800542016928308,1776.9928389168283,106.09705606343665,351.85421370753375
9154,0.0,0.0,303.0,0.0,0.05956295096446132,0.19761189926310024,1776.9928389168283,105.84293732860196,351.1549298752828
8774,0.0,0.0,303.0,0.0,0.05956295096446132,0.19761189926310024,1776.9928389168283,105.84293732860196,351.1549298752828
3216,0.0,0.0,303.0,0.0,0.05956295096446132,0.19761189926310024,1776.9928389168283,105.84293732860196,351.1549298752828
4599,0.0,0.0,303.0,0.0,0.05956295096446132,0.19761189926310024,1776.9928389168283,105.84293732860196,351.1549298752828
9976,0.0,0.0,303.0,0.0,0.05956295096446132,0.19761189926310024,1776.9928389168283,105.84293732860196,351.1549298752828
4146,0.0,0.0,303.0,0.0,0.05956295096446132,0.19761189926310024,1776.9928389168283,105.84293732860196,351.1549298752828
8779,1.0,184.0,336.0,1361.22,0.07200042556722264,0.21362398471766086,1642.7321861838059,118.27741649820803,350.92699543653896
3718,1.0,191.0,311.0,801.53,0.08207084073158594,0.23988368924926828,1462.6169495315687,120.03820271632344,350.85794981214354
2735,1.0,297.0,350.0,239.61,0.09145510414122483,0.2734440635524374,1281.7840710102068,117.2256957008016,350.49624497381694
7550,0.0,0.0,304.0,0.0,0.059420630446709304,0.19721996463593458,1776.9928389168283,105.59003478772568,350.4584648494859
5075,0.0,0.0,304.0,0.0,0.059420630446709304,0.19721996463593458,1776.9928389168283,105.59003478772568,350.4584648494859
6325,0.0,0.0,304.0,0.0,0.059420630446709304,0.19721996463593458,1776.9928389168283,105.59003478772568,350.4584648494859
6808,0.0,0.0,304.0,0.0,0.059420630446709304,0.19721996463593458,1776.9928389168283,105.59003478772568,350.4584648494859
4351,0.0,0.0,304.0,0.0,0.059420630446709304,0.19721996463593458,1776.9928389168283,105.59003478772568,350.4584648494859
3863,0.0,0.0,304.0,0.0,0.059420630446709304,0.19721996463593458,1776.9928389168283,105.59003478772568,350.4584648494859
9291,0.0,0.0,304.0,0.0,0.059420630446709304,0.19721996463593458,1776.9928389168283,105.59003478772568,350.4584648494859
5961,0.0,0.0,304.0,0.0,0.059420630446709304,0.19721996463593458,1776.9928389168283,105.59003478772568,350.4584648494859
4495,0.0,0.0,304.0,0.0,0.059420630446709304,0.19721996463593458,1776.9928389168283,105.59003478772568,350.4584648494859
9475,0.0,0.0,304.0,0.0,0.059420630446709304,0.19721996463593458,1776.9928389168283,105.59003478772568,350.4584648494859
8915,0.0,0.0,304.0,0.0,0.059420630446709304,0.19721996463593458,1776.9928389168283,105.59003478772568,350.4584648494859
9337,1.0,156.0,246.0,177.34,0.09955399415248249,0.2777312746983693,1261.7448067990647,125.61173511799923,350.4259935363519
7715,1.0,84.0,279.0,2574.04,0.060230857679658155,0.17234443240136338,2033.0328192423872,122.4513103938624,350.3818872856728
2431,1.0,106.0,273.0,1706.52,0.07008467788253372,0.19966626940565235,1753.8540415251816,122.91829555327229,350.1854935533591
2378,1.0,12.0,178.0,2953.48,0.06217836144267231,0.1624825373148245,2155.1413532439283,134.00315802205088,350.17283534717797
5337,1.0,169.0,348.0,1860.98,0.06494022893700152,0.19397558067058346,1803.5611998687336,117.12367722136872,349.84683101947184
6837,0.0,0.0,305.0,0.0,0.059278989431403604,0.1968296065600891,1776.9928389168283,105.33833971783055,349.76480134409513
4049,0.0,0.0,305.0,0.0,0.059278989431403604,0.1968296065600891,1776.9928389168283,105.33833971783055,349.76480134409513
1890,0.0,0.0,305.0,0.0,0.059278989431403604,0.1968296065600891,1776.9928389168283,105.33833971783055,349.76480134409513
7767,0.0,0.0,305.0,0.0,0.059278989431403604,0.1968296065600891,1776.9928389168283,105.33833971783055,349.76480134409513
2440,0.0,0.0,305.0,0.0,0.059278989431403604,0.1968296065600891,1776.9928389168283,105.33833971783055,349.76480134409513
6650,0.0,0.0,305.0,0.0,0.059278989431403604,0.1968296065600891,1776.9928389168283,105.33833971783055,349.76480134409513
8360,0.0,0.0,305.0,0.0,0.059278989431403604,0.1968296065600891,1776.9928389168283,105.33833971783055,349.76480134409513
1841,0.0,0.0,305.0,0.0,0.059278989431403604,0.1968296065600891,1776.9928389168283,105.33833971783055,349.76480134409513
3218,0.0,0.0,305.0,0.0,0.059278989431403604,0.1968296065600891,1776.9928389168283,105.33833971783055,349.76480134409513
4596,1.0,146.0,356.0,2565.64,0.05737962146249401,0.17213663653295605,2030.3295942644997,116.49954356299604,349.4941074100123
6839,0.0,0.0,306.0,0.0,0.05913802305660175,0.19644081538852026,1776.9928389168283,105.08784347927958,349.0739222163832
2656,0.0,0.0,306.0,0.0,0.05913802305660175,0.19644081538852026,1776.9928389168283,105.08784347927958,349.0739222163832
1789,0.0,0.0,306.0,0.0,0.05913802305660175,0.19644081538852026,1776.9928389168283,105.08784347927958,349.0739222163832
2584,0.0,0.0,306.0,0.0,0.05913802305660175,0.19644081538852026,1776.9928389168283,105.08784347927958,349.0739222163832
5707,0.0,0.0,306.0,0.0,0.05913802305660175,0.19644081538852026,1776.9928389168283,105.08784347927958,349.0739222163832
5105,0.0,0.0,306.0,0.0,0.05913802305660175,0.19644081538852026,1776.9928389168283,105.08784347927958,349.0739222163832
2524,0.0,0.0,306.0,0.0,0.05913802305660175,0.19644081538852026,1776.9928389168283,105.08784347927958,349.0739222163832
1493,0.0,0.0,306.0,0.0,0.05913802305660175,0.19644081538852026,1776.9928389168283,105.08784347927958,349.0739222163832
2986,0.0,0.0,306.0,0.0,0.05913802305660175,0.19644081538852026,1776.9928389168283,105.08784347927958,349.0739222163832
9821,0.0,0.0,306.0,0.0,0.05913802305660175,0.19644081538852026,1776.9928389168283,105.08784347927958,349.0739222163832
2375,0.0,0.0,307.0,0.0,0.0589977265067045,0.19605358155399066,1776.9928389168283,104.83853751478743,348.38581046543777
8577,0.0,0.0,307.0,0.0,0.0589977265067045,0.19605358155399066,1776.9928389168283,104.83853751478743,348.38581046543777
3531,0.0,0.0,307.0,0.0,0.0589977265067045,0.19605358155399066,1776.9928389168283,104.83853751478743,348.38581046543777
8367,0.0,0.0,307.0,0.0,0.0589977265067045,0.19605358155399066,1776.9928389168283,104.83853751478743,348.38581046543777
8538,0.0,0.0,307.0,0.0,0.0589977265067045,0.19605358155399066,1776.9928389168283,104.83853751478743,348.38581046543777
4897,0.0,0.0,307.0,0.0,0.0589977265067045,0.19605358155399066,1776.9928389168283,104.83853751478743,348.38581046543777
8425,0.0,0.0,307.0,0.0,0.0589977265067045,0.19605358155399066,1776.9928389168283,104.83853751478743,348.38581046543777
8745,0.0,0.0,307.0,0.0,0.0589977265067045,0.19605358155399066,1776.9928389168283,104.83853751478743,348.38581046543777
6549,0.0,0.0,307.0,0.0,0.0589977265067045,0.19605358155399066,1776.9928389168283,104.83853751478743,348.38581046543777
6685,0.0,0.0,307.0,0.0,0.0589977265067045,0.19605358155399066,1776.9928389168283,104.83853751478743,348.38581046543777
3237,0.0,0.0,307.0,0.0,0.0589977265067045,0.19605358155399066,1776.9928389168283,104.83853751478743,348.38581046543777
9443,0.0,0.0,307.0,0.0,0.0589977265067045,0.19605358155399066,1776.9928389168283,104.83853751478743,348.38581046543777
4195,0.0,0.0,308.0,0.0,0.05885809501190216,0.19566789556823555,1776.9928389168283,104.59041334843643,347.70044923068036
7468,0.0,0.0,308.0,0.0,0.05885809501190216,0.19566789556823555,1776.9928389168283,104.59041334843643,347.70044923068036
8990,0.0,0.0,308.0,0.0,0.05885809501190216,0.19566789556823555,1776.9928389168283,104.59041334843643,347.70044923068036
6500,0.0,0.0,308.0,0.0,0.05885809501190216,0.19566789556823555,1776.9928389168283,104.59041334843643,347.70044923068036
5738,0.0,0.0,308.0,0.0,0.05885809501190216,0.19566789556823555,1776.9928389168283,104.59041334843643,347.70044923068036
7515,0.0,0.0,308.0,0.0,0.05885809501190216,0.19566789556823555,1776.9928389168283,104.59041334843643,347.70044923068036
1405,0.0,0.0,308.0,0.0,0.05885809501190216,0.19566789556823555,1776.9928389168283,104.59041334843643,347.70044923068036
3293,0.0,0.0,308.0,0.0,0.05885809501190216,0.19566789556823555,1776.9928389168283,104.59041334843643,347.70044923068036
5083,0.0,0.0,308.0,0.0,0.05885809501190216,0.19566789556823555,1776.9928389168283,104.59041334843643,347.70044923068036
5055,0.0,0.0,308.0,0.0,0.05885809501190216,0.19566789556823555,1776.9928389168283,104.59041334843643,347.70044923068036
9922,0.0,0.0,308.0,0.0,0.05885809501190216,0.19566789556823555,1776.9928389168283,104.59041334843643,347.70044923068036
1681,0.0,0.0,308.0,0.0,0.05885809501190216,0.19566789556823555,1776.9928389168283,104.59041334843643,347.70044923068036
2460,0.0,0.0,308.0,0.0,0.05885809501190216,0.19566789556823555,1776.9928389168283,104.59041334843643,347.70044923068036
5749,1.0,147.0,267.0,653.47,0.08655181346573344,0.2454726953328086,1414.9693911711756,122.46816680437001,347.33635026421166
3658,2.0,107.0,262.0,1553.4850000000001,0.0830895003129898,0.20820243915723458,1667.848056230288,138.58066159016593,347.25003345079847
7327,1.0,197.0,339.0,1150.97,0.0741642601074001,0.22041657921423904,1575.0711086120489,116.81398338675503,347.17178577944696
6467,1.0,20.0,138.0,993.8,0.0916765699052055,0.22766471026480628,1524.4918384006307,139.76018259305067,347.07299269054147
6279,0.0,0.0,309.0,0.0,0.05871912384763116,0.19528374802113616,1776.9928389168283,104.34346258471092,347.0178217903973
4381,0.0,0.0,309.0,0.0,0.05871912384763116,0.19528374802113616,1776.9928389168283,104.34346258471092,347.0178217903973
8951,0.0,0.0,309.0,0.0,0.05871912384763116,0.19528374802113616,1776.9928389168283,104.34346258471092,347.0178217903973
6365,0.0,0.0,309.0,0.0,0.05871912384763116,0.19528374802113616,1776.9928389168283,104.34346258471092,347.0178217903973
1209,0.0,0.0,309.0,0.0,0.05871912384763116,0.19528374802113616,1776.9928389168283,104.34346258471092,347.0178217903973
5631,0.0,0.0,309.0,0.0,0.05871912384763116,0.19528374802113616,1776.9928389168283,104.34346258471092,347.0178217903973
4361,0.0,0.0,309.0,0.0,0.05871912384763116,0.19528374802113616,1776.9928389168283,104.34346258471092,347.0178217903973
5686,0.0,0.0,309.0,0.0,0.05871912384763116,0.19528374802113616,1776.9928389168283,104.34346258471092,347.0178217903973
1437,1.0,288.0,347.0,234.8,0.09080350763777953,0.2710532909664632,1280.2361528978658,116.24993328782284,347.01222245721067
4338,1.0,206.0,351.0,1220.54,0.0725803061350553,0.2171428223797043,1597.459604053993,115.94410710062303,346.87688706184895
1445,1.0,257.0,339.0,403.72,0.08741312446400298,0.259778997831155,1334.5967199533736,116.66126919053438,346.700198418234
9881,1.0,31.0,285.0,5835.56,0.039131808926325624,0.11245823907296228,3082.6307156600333,120.62891615563083,346.6672219953528
6959,1.0,193.0,296.0,468.82,0.08831487129189455,0.25564319606955416,1355.5467135320625,119.71493353573476,346.53629426891683
2573,0.0,0.0,310.0,0.0,0.05858080833403872,0.1949011295799024,1776.9928389168283,104.09767690754606,346.3379115602874
2201,0.0,0.0,310.0,0.0,0.05858080833403872,0.1949011295799024,1776.9928389168283,104.09767690754606,346.3379115602874
5153,0.0,0.0,310.0,0.0,0.05858080833403872,0.1949011295799024,1776.9928389168283,104.09767690754606,346.3379115602874
4419,0.0,0.0,310.0,0.0,0.05858080833403872,0.1949011295799024,1776.9928389168283,104.09767690754606,346.3379115602874
6744,0.0,0.0,310.0,0.0,0.05858080833403872,0.1949011295799024,1776.9928389168283,104.09767690754606,346.3379115602874
7339,0.0,0.0,310.0,0.0,0.05858080833403872,0.1949011295799024,1776.9928389168283,104.09767690754606,346.3379115602874
5612,0.0,0.0,310.0,0.0,0.05858080833403872,0.1949011295799024,1776.9928389168283,104.09767690754606,346.3379115602874
1450,0.0,0.0,310.0,0.0,0.05858080833403872,0.1949011295799024,1776.9928389168283,104.09767690754606,346.3379115602874
9168,1.0,113.0,329.0,2817.72,0.055475886673748746,0.16394386747767828,2111.4520886011755,117.13467678428891,346.1596213990981
5989,1.0,171.0,269.0,309.65,0.09341831826394681,0.2653348722866922,1304.3238183258977,121.84773757961506,346.08259375599283
6443,1.0,11.0,157.0,2121.46,0.07189015909519872,0.1831669868086782,1887.3869191833126,135.6845458942853,345.7069749289216
6534,0.0,0.0,311.0,0.0,0.058443143835453695,0.1945200309882694,1776.9928389168283,103.85304807938739,345.6607020920342
2229,0.0,0.0,311.0,0.0,0.058443143835453695,0.1945200309882694,1776.9928389168283,103.85304807938739,345.6607020920342
5067,0.0,0.0,311.0,0.0,0.058443143835453695,0.1945200309882694,1776.9928389168283,103.85304807938739,345.6607020920342
6126,1.0,124.0,350.0,2988.3,0.05335485693575565,0.15955163971964828,2166.3468644022983,115.58512702340747,345.64419441690524
5362,0.0,0.0,312.0,0.0,0.05830612575986635,0.19414044306570524,1776.9928389168283,103.60956794026652,344.98617707189845
1812,0.0,0.0,312.0,0.0,0.05830612575986635,0.19414044306570524,1776.9928389168283,103.60956794026652,344.98617707189845
3439,0.0,0.0,312.0,0.0,0.05830612575986635,0.19414044306570524,1776.9928389168283,103.60956794026652,344.98617707189845
9024,0.0,0.0,312.0,0.0,0.05830612575986635,0.19414044306570524,1776.9928389168283,103.60956794026652,344.98617707189845
9744,0.0,0.0,312.0,0.0,0.05830612575986635,0.19414044306570524,1776.9928389168283,103.60956794026652,344.98617707189845
1703,0.0,0.0,312.0,0.0,0.05830612575986635,0.19414044306570524,1776.9928389168283,103.60956794026652,344.98617707189845
6464,0.0,0.0,312.0,0.0,0.05830612575986635,0.19414044306570524,1776.9928389168283,103.60956794026652,344.98617707189845
8244,0.0,0.0,312.0,0.0,0.05830612575986635,0.19414044306570524,1776.9928389168283,103.60956794026652,344.98617707189845
1959,0.0,0.0,312.0,0.0,0.05830612575986635,0.19414044306570524,1776.9928389168283,103.60956794026652,344.98617707189845
3440,0.0,0.0,312.0,0.0,0.05830612575986635,0.19414044306570524,1776.9928389168283,103.60956794026652,344.98617707189845
7778,0.0,0.0,312.0,0.0,0.05830612575986635,0.19414044306570524,1776.9928389168283,103.60956794026652,344.98617707189845
6756,0.0,0.0,312.0,0.0,0.05830612575986635,0.19414044306570524,1776.9928389168283,103.60956794026652,344.98617707189845
4604,0.0,0.0,313.0,0.0,0.05816974955841306,0.19376235670661868,1776.9928389168283,103.36722840688535,344.31432031930945
2576,0.0,0.0,313.0,0.0,0.05816974955841306,0.19376235670661868,1776.9928389168283,103.36722840688535,344.31432031930945
9713,0.0,0.0,313.0,0.0,0.05816974955841306,0.19376235670661868,1776.9928389168283,103.36722840688535,344.31432031930945
8842,0.0,0.0,313.0,0.0,0.05816974955841306,0.19376235670661868,1776.9928389168283,103.36722840688535,344.31432031930945
5932,0.0,0.0,313.0,0.0,0.05816974955841306,0.19376235670661868,1776.9928389168283,103.36722840688535,344.31432031930945
8925,0.0,0.0,313.0,0.0,0.05816974955841306,0.19376235670661868,1776.9928389168283,103.36722840688535,344.31432031930945
2748,0.0,0.0,313.0,0.0,0.05816974955841306,0.19376235670661868,1776.9928389168283,103.36722840688535,344.31432031930945
5516,0.0,0.0,313.0,0.0,0.05816974955841306,0.19376235670661868,1776.9928389168283,103.36722840688535,344.31432031930945
5459,1.0,91.0,301.0,2807.94,0.05621034543079108,0.1632689855916198,2108.304762376901,118.50853896658752,344.22077987125766
4085,0.0,0.0,314.0,0.0,0.058034010724873415,0.1933857628795926,1776.9928389168283,103.12602147172247,343.6451157855039
8699,0.0,0.0,314.0,0.0,0.058034010724873415,0.1933857628795926,1776.9928389168283,103.12602147172247,343.6451157855039
6375,0.0,0.0,314.0,0.0,0.058034010724873415,0.1933857628795926,1776.9928389168283,103.12602147172247,343.6451157855039
7304,0.0,0.0,314.0,0.0,0.058034010724873415,0.1933857628795926,1776.9928389168283,103.12602147172247,343.6451157855039
6718,0.0,0.0,314.0,0.0,0.058034010724873415,0.1933857628795926,1776.9928389168283,103.12602147172247,343.6451157855039
6775,0.0,0.0,314.0,0.0,0.058034010724873415,0.1933857628795926,1776.9928389168283,103.12602147172247,343.6451157855039
6371,0.0,0.0,314.0,0.0,0.058034010724873415,0.1933857628795926,1776.9928389168283,103.12602147172247,343.6451157855039
5661,0.0,0.0,314.0,0.0,0.058034010724873415,0.1933857628795926,1776.9928389168283,103.12602147172247,343.6451157855039
9344,0.0,0.0,314.0,0.0,0.058034010724873415,0.1933857628795926,1776.9928389168283,103.12602147172247,343.6451157855039
2370,0.0,0.0,314.0,0.0,0.058034010724873415,0.1933857628795926,1776.9928389168283,103.12602147172247,343.6451157855039
4892,0.0,0.0,314.0,0.0,0.058034010724873415,0.1933857628795926,1776.9928389168283,103.12602147172247,343.6451157855039
3419,1.0,277.0,352.0,353.87,0.08696058006659112,0.26029093171598766,1318.5543669595418,114.6622526001386,343.20774469408343
4315,0.0,0.0,315.0,0.0,0.057898904795166684,0.19301065262661377,1776.9928389168283,102.8859392021384,342.97854755215616
3964,0.0,0.0,315.0,0.0,0.057898904795166684,0.19301065262661377,1776.9928389168283,102.8859392021384,342.97854755215616
2707,0.0,0.0,315.0,0.0,0.057898904795166684,0.19301065262661377,1776.9928389168283,102.8859392021384,342.97854755215616
7953,0.0,0.0,315.0,0.0,0.057898904795166684,0.19301065262661377,1776.9928389168283,102.8859392021384,342.97854755215616
8924,0.0,0.0,315.0,0.0,0.057898904795166684,0.19301065262661377,1776.9928389168283,102.8859392021384,342.97854755215616
8510,0.0,0.0,315.0,0.0,0.057898904795166684,0.19301065262661377,1776.9928389168283,102.8859392021384,342.97854755215616
9805,0.0,0.0,315.0,0.0,0.057898904795166684,0.19301065262661377,1776.9928389168283,102.8859392021384,342.97854755215616
8962,0.0,0.0,315.0,0.0,0.057898904795166684,0.19301065262661377,1776.9928389168283,102.8859392021384,342.97854755215616
7556,0.0,0.0,315.0,0.0,0.057898904795166684,0.19301065262661377,1776.9928389168283,102.8859392021384,342.97854755215616
1997,0.0,0.0,315.0,0.0,0.057898904795166684,0.19301065262661377,1776.9928389168283,102.8859392021384,342.97854755215616
9498,1.0,208.0,290.0,152.57,0.09485390072926343,0.27345972922148465,1253.773511239246,118.9253081720675,342.85656488855426
2894,0.0,0.0,316.0,0.0,0.05776442734686327,0.19263701706232098,1776.9928389168283,102.64697373950743,342.3145998300432
8858,0.0,0.0,316.0,0.0,0.05776442734686327,0.19263701706232098,1776.9928389168283,102.64697373950743,342.3145998300432
8115,0.0,0.0,316.0,0.0,0.05776442734686327,0.19263701706232098,1776.9928389168283,102.64697373950743,342.3145998300432
1303,0.0,0.0,316.0,0.0,0.05776442734686327,0.19263701706232098,1776.9928389168283,102.64697373950743,342.3145998300432
2466,0.0,0.0,316.0,0.0,0.05776442734686327,0.19263701706232098,1776.9928389168283,102.64697373950743,342.3145998300432
2365,0.0,0.0,316.0,0.0,0.05776442734686327,0.19263701706232098,1776.9928389168283,102.64697373950743,342.3145998300432
7024,0.0,0.0,316.0,0.0,0.05776442734686327,0.19263701706232098,1776.9928389168283,102.64697373950743,342.3145998300432
1995,0.0,0.0,316.0,0.0,0.05776442734686327,0.19263701706232098,1776.9928389168283,102.64697373950743,342.3145998300432
4633,0.0,0.0,317.0,0.0,0.057630573998698004,0.19226484737325475,1776.9928389168283,102.40911729835271,341.65325695771065
1014,0.0,0.0,317.0,0.0,0.057630573998698004,0.19226484737325475,1776.9928389168283,102.40911729835271,341.65325695771065
7341,0.0,0.0,317.0,0.0,0.057630573998698004,0.19226484737325475,1776.9928389168283,102.40911729835271,341.65325695771065
9911,0.0,0.0,317.0,0.0,0.057630573998698004,0.19226484737325475,1776.9928389168283,102.40911729835271,341.65325695771065
7606,0.0,0.0,317.0,0.0,0.057630573998698004,0.19226484737325475,1776.9928389168283,102.40911729835271,341.65325695771065
7177,1.0,183.0,321.0,972.58,0.07653946060414886,0.22509957940508105,1517.6629772064757,116.16110565427032,341.6252978478408
6497,1.0,216.0,357.0,1101.62,0.07299003085826196,0.21906899483279552,1559.1896618669152,113.80530153354917,341.57011197887147
7689,0.0,0.0,318.0,0.0,0.057497340410090775,0.19189413481712475,1776.9928389168283,102.17236216549448,340.9945034001711
2865,0.0,0.0,318.0,0.0,0.057497340410090775,0.19189413481712475,1776.9928389168283,102.17236216549448,340.9945034001711
7166,0.0,0.0,318.0,0.0,0.057497340410090775,0.19189413481712475,1776.9928389168283,102.17236216549448,340.9945034001711
7817,0.0,0.0,318.0,0.0,0.057497340410090775,0.19189413481712475,1776.9928389168283,102.17236216549448,340.9945034001711
8659,0.0,0.0,318.0,0.0,0.057497340410090775,0.19189413481712475,1776.9928389168283,102.17236216549448,340.9945034001711
7631,0.0,0.0,318.0,0.0,0.057497340410090775,0.19189413481712475,1776.9928389168283,102.17236216549448,340.9945034001711
4805,0.0,0.0,318.0,0.0,0.057497340410090775,0.19189413481712475,1776.9928389168283,102.17236216549448,340.9945034001711
8642,0.0,0.0,318.0,0.0,0.057497340410090775,0.19189413481712475,1776.9928389168283,102.17236216549448,340.9945034001711
9738,0.0,0.0,318.0,0.0,0.057497340410090775,0.19189413481712475,1776.9928389168283,102.17236216549448,340.9945034001711
3238,0.0,0.0,318.0,0.0,0.057497340410090775,0.19189413481712475,1776.9928389168283,102.17236216549448,340.9945034001711
1206,0.0,0.0,318.0,0.0,0.057497340410090775,0.19189413481712475,1776.9928389168283,102.17236216549448,340.9945034001711
1736,0.0,0.0,318.0,0.0,0.057497340410090775,0.19189413481712475,1776.9928389168283,102.17236216549448,340.9945034001711
8277,0.0,0.0,318.0,0.0,0.057497340410090775,0.19189413481712475,1776.9928389168283,102.17236216549448,340.9945034001711
2232,0.0,0.0,318.0,0.0,0.057497340410090775,0.19189413481712475,1776.9928389168283,102.17236216549448,340.9945034001711
6036,0.0,0.0,318.0,0.0,0.057497340410090775,0.19189413481712475,1776.9928389168283,102.17236216549448,340.9945034001711
2928,1.0,42.0,141.0,190.39,0.10797892071744404,0.26925880083842635,1265.9444598897203,136.69531646711962,340.8666871979554
4318,1.0,3.0,182.0,3678.34,0.05430176247906124,0.14254760713562115,2388.4103600865333,129.69489207594805,340.4621816882626
1571,0.0,0.0,319.0,0.0,0.05736472228067683,0.19152487072207725,1776.9928389168283,101.93670069921535,340.3383237476026
4688,0.0,0.0,319.0,0.0,0.05736472228067683,0.19152487072207725,1776.9928389168283,101.93670069921535,340.3383237476026
8855,0.0,0.0,319.0,0.0,0.05736472228067683,0.19152487072207725,1776.9928389168283,101.93670069921535,340.3383237476026
1308,0.0,0.0,319.0,0.0,0.05736472228067683,0.19152487072207725,1776.9928389168283,101.93670069921535,340.3383237476026
8784,0.0,0.0,319.0,0.0,0.05736472228067683,0.19152487072207725,1776.9928389168283,101.93670069921535,340.3383237476026
5840,0.0,0.0,319.0,0.0,0.05736472228067683,0.19152487072207725,1776.9928389168283,101.93670069921535,340.3383237476026
5421,0.0,0.0,319.0,0.0,0.05736472228067683,0.19152487072207725,1776.9928389168283,101.93670069921535,340.3383237476026
5213,2.0,39.0,130.0,694.885,0.1291008834925648,0.2719623027112001,1250.576211972141,161.4504938403884,340.10958632379334
3890,0.0,0.0,320.0,0.0,0.0572327153498389,0.1911570464859811,1776.9928389168283,101.70212532842896,339.6847027140797
6007,0.0,0.0,320.0,0.0,0.0572327153498389,0.1911570464859811,1776.9928389168283,101.70212532842896,339.6847027140797
4473,0.0,0.0,320.0,0.0,0.0572327153498389,0.1911570464859811,1776.9928389168283,101.70212532842896,339.6847027140797
4487,0.0,0.0,320.0,0.0,0.0572327153498389,0.1911570464859811,1776.9928389168283,101.70212532842896,339.6847027140797
4933,0.0,0.0,320.0,0.0,0.0572327153498389,0.1911570464859811,1776.9928389168283,101.70212532842896,339.6847027140797
1318,1.0,118.0,266.0,1094.84,0.0769775409536379,0.2181638167099666,1557.0077731347546,119.85462962161313,339.6827584341639
1436,0.0,0.0,321.0,0.0,0.057101315396251,0.19079065357571737,1776.9928389168283,101.46862855186926,339.0336251363111
6077,0.0,0.0,321.0,0.0,0.057101315396251,0.19079065357571737,1776.9928389168283,101.46862855186926,339.0336251363111
6732,0.0,0.0,321.0,0.0,0.057101315396251,0.19079065357571737,1776.9928389168283,101.46862855186926,339.0336251363111
3849,0.0,0.0,321.0,0.0,0.057101315396251,0.19079065357571737,1776.9928389168283,101.46862855186926,339.0336251363111
1950,0.0,0.0,321.0,0.0,0.057101315396251,0.19079065357571737,1776.9928389168283,101.46862855186926,339.0336251363111
4922,0.0,0.0,321.0,0.0,0.057101315396251,0.19079065357571737,1776.9928389168283,101.46862855186926,339.0336251363111
3415,0.0,0.0,321.0,0.0,0.057101315396251,0.19079065357571737,1776.9928389168283,101.46862855186926,339.0336251363111
4387,0.0,0.0,321.0,0.0,0.057101315396251,0.19079065357571737,1776.9928389168283,101.46862855186926,339.0336251363111
4577,1.0,145.0,284.0,896.25,0.0790091566347071,0.2268549300444967,1493.0990292823205,117.968495075696,338.7168758373467
2607,1.0,186.0,364.0,1662.75,0.0645666034714147,0.1945030616392256,1739.7683085153499,112.33093050804447,338.39026254913233
2234,0.0,0.0,322.0,0.0,0.05697051823742326,0.19042568352647682,1776.9928389168283,101.2362029372817,338.3850759723915
4597,0.0,0.0,322.0,0.0,0.05697051823742326,0.19042568352647682,1776.9928389168283,101.2362029372817,338.3850759723915
2891,0.0,0.0,322.0,0.0,0.05697051823742326,0.19042568352647682,1776.9928389168283,101.2362029372817,338.3850759723915
7195,0.0,0.0,322.0,0.0,0.05697051823742326,0.19042568352647682,1776.9928389168283,101.2362029372817,338.3850759723915
1438,0.0,0.0,322.0,0.0,0.05697051823742326,0.19042568352647682,1776.9928389168283,101.2362029372817,338.3850759723915
1112,0.0,0.0,322.0,0.0,0.05697051823742326,0.19042568352647682,1776.9928389168283,101.2362029372817,338.3850759723915
1214,0.0,0.0,322.0,0.0,0.05697051823742326,0.19042568352647682,1776.9928389168283,101.2362029372817,338.3850759723915
2476,0.0,0.0,322.0,0.0,0.05697051823742326,0.19042568352647682,1776.9928389168283,101.2362029372817,338.3850759723915
9214,0.0,0.0,322.0,0.0,0.05697051823742326,0.19042568352647682,1776.9928389168283,101.2362029372817,338.3850759723915
9477,0.0,0.0,323.0,0.0,0.05684031972925841,0.19006212794106617,1776.9928389168283,101.0048411206351,337.7390403005686
3788,0.0,0.0,323.0,0.0,0.05684031972925841,0.19006212794106617,1776.9928389168283,101.0048411206351,337.7390403005686
4015,0.0,0.0,323.0,0.0,0.05684031972925841,0.19006212794106617,1776.9928389168283,101.0048411206351,337.7390403005686
2905,0.0,0.0,323.0,0.0,0.05684031972925841,0.19006212794106617,1776.9928389168283,101.0048411206351,337.7390403005686
3339,0.0,0.0,323.0,0.0,0.05684031972925841,0.19006212794106617,1776.9928389168283,101.0048411206351,337.7390403005686
5334,0.0,0.0,323.0,0.0,0.05684031972925841,0.19006212794106617,1776.9928389168283,101.0048411206351,337.7390403005686
7799,0.0,0.0,323.0,0.0,0.05684031972925841,0.19006212794106617,1776.9928389168283,101.0048411206351,337.7390403005686
6773,0.0,0.0,323.0,0.0,0.05684031972925841,0.19006212794106617,1776.9928389168283,101.0048411206351,337.7390403005686
6529,0.0,0.0,323.0,0.0,0.05684031972925841,0.19006212794106617,1776.9928389168283,101.0048411206351,337.7390403005686
4228,0.0,0.0,323.0,0.0,0.05684031972925841,0.19006212794106617,1776.9928389168283,101.0048411206351,337.7390403005686
4674,1.0,17.0,123.0,537.66,0.10087861327932708,0.24498669627015185,1377.7002858509154,138.98049435117287,337.5182414810596
6107,0.0,0.0,324.0,0.0,0.05671071576560905,0.18969997848922904,1776.9928389168283,100.77453580533496,337.0955033180364
5375,0.0,0.0,324.0,0.0,0.05671071576560905,0.18969997848922904,1776.9928389168283,100.77453580533496,337.0955033180364
9193,0.0,0.0,324.0,0.0,0.05671071576560905,0.18969997848922904,1776.9928389168283,100.77453580533496,337.0955033180364
6672,0.0,0.0,324.0,0.0,0.05671071576560905,0.18969997848922904,1776.9928389168283,100.77453580533496,337.0955033180364
8011,0.0,0.0,324.0,0.0,0.05671071576560905,0.18969997848922904,1776.9928389168283,100.77453580533496,337.0955033180364
2813,0.0,0.0,324.0,0.0,0.05671071576560905,0.18969997848922904,1776.9928389168283,100.77453580533496,337.0955033180364
3213,1.0,170.0,352.0,1713.96,0.06409838539509734,0.19187691929233386,1756.2483265056035,112.57268208185091,336.9835184022121
1974,1.0,76.0,216.0,982.3,0.0814337852300835,0.22129492518025728,1520.7909946808904,123.84376724068869,336.5433293827167
4300,0.0,0.0,325.0,0.0,0.05658170227784637,0.1893392269069669,1776.9928389168283,100.545279761457,336.4544503397286
3828,0.0,0.0,325.0,0.0,0.05658170227784637,0.1893392269069669,1776.9928389168283,100.545279761457,336.4544503397286
1307,0.0,0.0,325.0,0.0,0.05658170227784637,0.1893392269069669,1776.9928389168283,100.545279761457,336.4544503397286
5091,0.0,0.0,325.0,0.0,0.05658170227784637,0.1893392269069669,1776.9928389168283,100.545279761457,336.4544503397286
7781,0.0,0.0,325.0,0.0,0.05658170227784637,0.1893392269069669,1776.9928389168283,100.545279761457,336.4544503397286
3822,0.0,0.0,325.0,0.0,0.05658170227784637,0.1893392269069669,1776.9928389168283,100.545279761457,336.4544503397286
4727,0.0,0.0,325.0,0.0,0.05658170227784637,0.1893392269069669,1776.9928389168283,100.545279761457,336.4544503397286
3139,0.0,0.0,325.0,0.0,0.05658170227784637,0.1893392269069669,1776.9928389168283,100.545279761457,336.4544503397286
5747,0.0,0.0,325.0,0.0,0.05658170227784637,0.1893392269069669,1776.9928389168283,100.545279761457,336.4544503397286
4349,0.0,0.0,325.0,0.0,0.05658170227784637,0.1893392269069669,1776.9928389168283,100.545279761457,336.4544503397286
7514,0.0,0.0,325.0,0.0,0.05658170227784637,0.1893392269069669,1776.9928389168283,100.545279761457,336.4544503397286
3049,1.0,155.0,306.0,1096.35,0.07407600414385127,0.21583919605789484,1557.4937100057728,115.3729105164099,336.168190232874
5045,0.0,0.0,326.0,0.0,0.056453275234429355,0.18897986499587172,1776.9928389168283,100.3170658249817,335.815866797133
8933,0.0,0.0,326.0,0.0,0.056453275234429355,0.18897986499587172,1776.9928389168283,100.3170658249817,335.815866797133
4296,0.0,0.0,326.0,0.0,0.056453275234429355,0.18897986499587172,1776.9928389168283,100.3170658249817,335.815866797133
5303,0.0,0.0,326.0,0.0,0.056453275234429355,0.18897986499587172,1776.9928389168283,100.3170658249817,335.815866797133
1105,0.0,0.0,326.0,0.0,0.056453275234429355,0.18897986499587172,1776.9928389168283,100.3170658249817,335.815866797133
8617,0.0,0.0,326.0,0.0,0.056453275234429355,0.18897986499587172,1776.9928389168283,100.3170658249817,335.815866797133
6171,0.0,0.0,326.0,0.0,0.056453275234429355,0.18897986499587172,1776.9928389168283,100.3170658249817,335.815866797133
2832,0.0,0.0,326.0,0.0,0.056453275234429355,0.18897986499587172,1776.9928389168283,100.3170658249817,335.815866797133
7358,0.0,0.0,326.0,0.0,0.056453275234429355,0.18897986499587172,1776.9928389168283,100.3170658249817,335.815866797133
2260,1.0,50.0,276.0,3788.73,0.048444145362345634,0.13832946726580367,2423.935241671048,117.42547119642465,335.30167066716314
3635,0.0,0.0,327.0,0.0,0.05632543064048426,0.1886218846224709,1776.9928389168283,100.08988689704702,335.179738237127
6684,0.0,0.0,327.0,0.0,0.05632543064048426,0.1886218846224709,1776.9928389168283,100.08988689704702,335.179738237127
8622,0.0,0.0,327.0,0.0,0.05632543064048426,0.1886218846224709,1776.9928389168283,100.08988689704702,335.179738237127
3629,0.0,0.0,327.0,0.0,0.05632543064048426,0.1886218846224709,1776.9928389168283,100.08988689704702,335.179738237127
2046,0.0,0.0,327.0,0.0,0.05632543064048426,0.1886218846224709,1776.9928389168283,100.08988689704702,335.179738237127
6851,0.0,0.0,327.0,0.0,0.05632543064048426,0.1886218846224709,1776.9928389168283,100.08988689704702,335.179738237127
9180,0.0,0.0,327.0,0.0,0.05632543064048426,0.1886218846224709,1776.9928389168283,100.08988689704702,335.179738237127
7102,0.0,0.0,327.0,0.0,0.05632543064048426,0.1886218846224709,1776.9928389168283,100.08988689704702,335.179738237127
3796,0.0,0.0,327.0,0.0,0.05632543064048426,0.1886218846224709,1776.9928389168283,100.08988689704702,335.179738237127
8020,0.0,0.0,327.0,0.0,0.05632543064048426,0.1886218846224709,1776.9928389168283,100.08988689704702,335.179738237127
9910,0.0,0.0,327.0,0.0,0.05632543064048426,0.1886218846224709,1776.9928389168283,100.08988689704702,335.179738237127
2498,0.0,0.0,327.0,0.0,0.05632543064048426,0.1886218846224709,1776.9928389168283,100.08988689704702,335.179738237127
1862,0.0,0.0,327.0,0.0,0.05632543064048426,0.1886218846224709,1776.9928389168283,100.08988689704702,335.179738237127
9270,0.0,0.0,327.0,0.0,0.05632543064048426,0.1886218846224709,1776.9928389168283,100.08988689704702,335.179738237127
3854,0.0,0.0,328.0,0.0,0.05619816453738818,0.188265277717575,1776.9928389168283,99.86373594320844,334.5460503208187
3453,0.0,0.0,328.0,0.0,0.05619816453738818,0.188265277717575,1776.9928389168283,99.86373594320844,334.5460503208187
6056,0.0,0.0,328.0,0.0,0.05619816453738818,0.188265277717575,1776.9928389168283,99.86373594320844,334.5460503208187
5742,0.0,0.0,328.0,0.0,0.05619816453738818,0.188265277717575,1776.9928389168283,99.86373594320844,334.5460503208187
4814,0.0,0.0,328.0,0.0,0.05619816453738818,0.188265277717575,1776.9928389168283,99.86373594320844,334.5460503208187
5509,0.0,0.0,328.0,0.0,0.05619816453738818,0.188265277717575,1776.9928389168283,99.86373594320844,334.5460503208187
3722,0.0,0.0,328.0,0.0,0.05619816453738818,0.188265277717575,1776.9928389168283,99.86373594320844,334.5460503208187
9228,1.0,95.0,218.0,519.99,0.0894622436074089,0.2435586358211915,1372.013859022411,122.7434380886041,334.16582383126695
8958,0.0,0.0,329.0,0.0,0.05607147300235716,0.187910036275629,1776.9928389168283,99.63860599270694,333.91478882239414
3577,0.0,0.0,329.0,0.0,0.05607147300235716,0.187910036275629,1776.9928389168283,99.63860599270694,333.91478882239414
8574,0.0,0.0,329.0,0.0,0.05607147300235716,0.187910036275629,1776.9928389168283,99.63860599270694,333.91478882239414
6723,0.0,0.0,329.0,0.0,0.05607147300235716,0.187910036275629,1776.9928389168283,99.63860599270694,333.91478882239414
5830,0.0,0.0,329.0,0.0,0.05607147300235716,0.187910036275629,1776.9928389168283,99.63860599270694,333.91478882239414
5885,0.0,0.0,329.0,0.0,0.05607147300235716,0.187910036275629,1776.9928389168283,99.63860599270694,333.91478882239414
1362,0.0,0.0,329.0,0.0,0.05607147300235716,0.187910036275629,1776.9928389168283,99.63860599270694,333.91478882239414
2492,0.0,0.0,329.0,0.0,0.05607147300235716,0.187910036275629,1776.9928389168283,99.63860599270694,333.91478882239414
9743,0.0,0.0,329.0,0.0,0.05607147300235716,0.187910036275629,1776.9928389168283,99.63860599270694,333.91478882239414
9697,0.0,0.0,329.0,0.0,0.05607147300235716,0.187910036275629,1776.9928389168283,99.63860599270694,333.91478882239414
8160,2.0,78.0,212.0,1249.575,0.09247549721601744,0.2196112263622484,1520.1505414521694,140.5766771639875,333.8421246635468
4390,1.0,105.0,217.0,285.26,0.09458059583139673,0.25724741483527913,1296.4748115150821,122.62136015349424,333.51479366131065
7981,1.0,194.0,325.0,765.68,0.0779534915128048,0.229806092344061,1451.0799715009034,113.1167502427967,333.46701792935403
1467,1.0,190.0,326.0,839.09,0.07663627665055742,0.2260580455222568,1474.7042269327308,113.01584111296316,333.3687552638238
7804,0.0,0.0,330.0,0.0,0.05594535214804212,0.18755615235408515,1776.9928389168283,99.41449013775105,333.28593962800295
9939,0.0,0.0,330.0,0.0,0.05594535214804212,0.18755615235408515,1776.9928389168283,99.41449013775105,333.28593962800295
3284,0.0,0.0,330.0,0.0,0.05594535214804212,0.18755615235408515,1776.9928389168283,99.41449013775105,333.28593962800295
9631,0.0,0.0,330.0,0.0,0.05594535214804212,0.18755615235408515,1776.9928389168283,99.41449013775105,333.28593962800295
6000,0.0,0.0,330.0,0.0,0.05594535214804212,0.18755615235408515,1776.9928389168283,99.41449013775105,333.28593962800295
9655,0.0,0.0,330.0,0.0,0.05594535214804212,0.18755615235408515,1776.9928389168283,99.41449013775105,333.28593962800295
9728,0.0,0.0,330.0,0.0,0.05594535214804212,0.18755615235408515,1776.9928389168283,99.41449013775105,333.28593962800295
5279,1.0,134.0,284.0,1031.36,0.07552381460081725,0.21685077813937684,1536.579115801785,116.04831626130172,333.2083769343327
9734,1.0,269.0,361.0,423.64,0.0824818311379766,0.24806816481440153,1341.0072249009506,110.60873147908681,332.66120128403224
1839,0.0,0.0,331.0,0.0,0.05581979812212749,0.18720361807277425,1776.9928389168283,99.19138153280358,332.6594887346408
3626,0.0,0.0,331.0,0.0,0.05581979812212749,0.18720361807277425,1776.9928389168283,99.19138153280358,332.6594887346408
4150,0.0,0.0,331.0,0.0,0.05581979812212749,0.18720361807277425,1776.9928389168283,99.19138153280358,332.6594887346408
7224,0.0,0.0,331.0,0.0,0.05581979812212749,0.18720361807277425,1776.9928389168283,99.19138153280358,332.6594887346408
6288,1.0,259.0,355.0,434.49,0.08244765014882198,0.24718336111004832,1344.4988904973975,110.85077414920875,332.33775476187753
8603,0.0,0.0,332.0,0.0,0.055694807106940004,0.1868524256132771,1776.9928389168283,98.96927339388647,332.03542224903276
5253,0.0,0.0,332.0,0.0,0.055694807106940004,0.1868524256132771,1776.9928389168283,98.96927339388647,332.03542224903276
1033,0.0,0.0,332.0,0.0,0.055694807106940004,0.1868524256132771,1776.9928389168283,98.96927339388647,332.03542224903276
6098,0.0,0.0,332.0,0.0,0.055694807106940004,0.1868524256132771,1776.9928389168283,98.96927339388647,332.03542224903276
3688,0.0,0.0,332.0,0.0,0.055694807106940004,0.1868524256132771,1776.9928389168283,98.96927339388647,332.03542224903276
4219,0.0,0.0,333.0,0.0,0.05557037531905523,0.18650256721832703,1776.9928389168283,98.7481589978816,331.41372638657157
3503,0.0,0.0,333.0,0.0,0.05557037531905523,0.18650256721832703,1776.9928389168283,98.7481589978816,331.41372638657157
1697,0.0,0.0,333.0,0.0,0.05557037531905523,0.18650256721832703,1776.9928389168283,98.7481589978816,331.41372638657157
5034,0.0,0.0,333.0,0.0,0.05557037531905523,0.18650256721832703,1776.9928389168283,98.7481589978816,331.41372638657157
3798,0.0,0.0,333.0,0.0,0.05557037531905523,0.18650256721832703,1776.9928389168283,98.7481589978816,331.41372638657157
2755,0.0,0.0,333.0,0.0,0.05557037531905523,0.18650256721832703,1776.9928389168283,98.7481589978816,331.41372638657157
2363,0.0,0.0,333.0,0.0,0.05557037531905523,0.18650256721832703,1776.9928389168283,98.7481589978816,331.41372638657157
6376,1.0,132.0,313.0,1638.9,0.0652717597362279,0.19103320803547505,1732.09308045312,113.0567633881189,330.88729777500765
6921,0.0,0.0,334.0,0.0,0.055446499008918876,0.1861540351911903,1776.9928389168283,98.52803168185785,330.7943874702164
6165,0.0,0.0,334.0,0.0,0.055446499008918876,0.1861540351911903,1776.9928389168283,98.52803168185785,330.7943874702164
9961,0.0,0.0,334.0,0.0,0.055446499008918876,0.1861540351911903,1776.9928389168283,98.52803168185785,330.7943874702164
4094,0.0,0.0,334.0,0.0,0.055446499008918876,0.1861540351911903,1776.9928389168283,98.52803168185785,330.7943874702164
3022,0.0,0.0,334.0,0.0,0.055446499008918876,0.1861540351911903,1776.9928389168283,98.52803168185785,330.7943874702164
3624,0.0,0.0,334.0,0.0,0.055446499008918876,0.1861540351911903,1776.9928389168283,98.52803168185785,330.7943874702164
8191,0.0,0.0,334.0,0.0,0.055446499008918876,0.1861540351911903,1776.9928389168283,98.52803168185785,330.7943874702164
4285,0.0,0.0,334.0,0.0,0.055446499008918876,0.1861540351911903,1776.9928389168283,98.52803168185785,330.7943874702164
2980,1.0,93.0,231.0,793.52,0.08213275614908921,0.22625279783905825,1460.0392314276442,119.91704616295033,330.33796106529275
5781,1.0,198.0,339.0,898.76,0.07439749963090915,0.22110956332945367,1493.906778650719,111.14292901327954,330.31707548237125
8125,0.0,0.0,335.0,0.0,0.0553231744604631,0.18580682189507888,1776.9928389168283,98.30888484238929,330.1773919294497
1894,0.0,0.0,335.0,0.0,0.0553231744604631,0.18580682189507888,1776.9928389168283,98.30888484238929,330.1773919294497
2140,0.0,0.0,335.0,0.0,0.0553231744604631,0.18580682189507888,1776.9928389168283,98.30888484238929,330.1773919294497
1162,0.0,0.0,335.0,0.0,0.0553231744604631,0.18580682189507888,1776.9928389168283,98.30888484238929,330.1773919294497
8026,0.0,0.0,335.0,0.0,0.0553231744604631,0.18580682189507888,1776.9928389168283,98.30888484238929,330.1773919294497
4021,0.0,0.0,335.0,0.0,0.0553231744604631,0.18580682189507888,1776.9928389168283,98.30888484238929,330.1773919294497
7047,0.0,0.0,335.0,0.0,0.0553231744604631,0.18580682189507888,1776.9928389168283,98.30888484238929,330.1773919294497
7192,0.0,0.0,335.0,0.0,0.0553231744604631,0.18580682189507888,1776.9928389168283,98.30888484238929,330.1773919294497
8081,1.0,153.0,288.0,707.92,0.07995415702372449,0.2302030725277603,1432.4920816528934,114.5336968317174,329.7640785681833
7870,0.0,0.0,336.0,0.0,0.05520039799073699,0.18546091975255252,1776.9928389168283,98.09071193489851,329.5627262992144
9885,0.0,0.0,336.0,0.0,0.05520039799073699,0.18546091975255252,1776.9928389168283,98.09071193489851,329.5627262992144
8604,0.0,0.0,336.0,0.0,0.05520039799073699,0.18546091975255252,1776.9928389168283,98.09071193489851,329.5627262992144
8368,0.0,0.0,336.0,0.0,0.05520039799073699,0.18546091975255252,1776.9928389168283,98.09071193489851,329.5627262992144
4003,0.0,0.0,336.0,0.0,0.05520039799073699,0.18546091975255252,1776.9928389168283,98.09071193489851,329.5627262992144
3160,0.0,0.0,336.0,0.0,0.05520039799073699,0.18546091975255252,1776.9928389168283,98.09071193489851,329.5627262992144
9479,0.0,0.0,336.0,0.0,0.05520039799073699,0.18546091975255252,1776.9928389168283,98.09071193489851,329.5627262992144
8255,0.0,0.0,336.0,0.0,0.05520039799073699,0.18546091975255252,1776.9928389168283,98.09071193489851,329.5627262992144
7737,0.0,0.0,336.0,0.0,0.05520039799073699,0.18546091975255252,1776.9928389168283,98.09071193489851,329.5627262992144
2990,0.0,0.0,336.0,0.0,0.05520039799073699,0.18546091975255252,1776.9928389168283,98.09071193489851,329.5627262992144
1688,0.0,0.0,337.0,0.0,0.05507816594953697,0.18511632124494262,1776.9928389168283,97.87350647299988,328.95037721889014
6246,0.0,0.0,337.0,0.0,0.05507816594953697,0.18511632124494262,1776.9928389168283,97.87350647299988,328.95037721889014
9533,0.0,0.0,337.0,0.0,0.05507816594953697,0.18511632124494262,1776.9928389168283,97.87350647299988,328.95037721889014
7762,0.0,0.0,337.0,0.0,0.05507816594953697,0.18511632124494262,1776.9928389168283,97.87350647299988,328.95037721889014
9306,0.0,0.0,337.0,0.0,0.05507816594953697,0.18511632124494262,1776.9928389168283,97.87350647299988,328.95037721889014
2058,0.0,0.0,337.0,0.0,0.05507816594953697,0.18511632124494262,1776.9928389168283,97.87350647299988,328.95037721889014
9078,0.0,0.0,337.0,0.0,0.05507816594953697,0.18511632124494262,1776.9928389168283,97.87350647299988,328.95037721889014
9388,0.0,0.0,337.0,0.0,0.05507816594953697,0.18511632124494262,1776.9928389168283,97.87350647299988,328.95037721889014
7063,0.0,0.0,337.0,0.0,0.05507816594953697,0.18511632124494262,1776.9928389168283,97.87350647299988,328.95037721889014
5319,0.0,0.0,337.0,0.0,0.05507816594953697,0.18511632124494262,1776.9928389168283,97.87350647299988,328.95037721889014
3640,0.0,0.0,338.0,0.0,0.05495647471904126,0.1847730189117658,1776.9928389168283,97.65726202785004,328.3403314312515
8852,0.0,0.0,338.0,0.0,0.05495647471904126,0.1847730189117658,1776.9928389168283,97.65726202785004,328.3403314312515
3931,0.0,0.0,338.0,0.0,0.05495647471904126,0.1847730189117658,1776.9928389168283,97.65726202785004,328.3403314312515
2410,0.0,0.0,338.0,0.0,0.05495647471904126,0.1847730189117658,1776.9928389168283,97.65726202785004,328.3403314312515
1086,0.0,0.0,338.0,0.0,0.05495647471904126,0.1847730189117658,1776.9928389168283,97.65726202785004,328.3403314312515
3101,0.0,0.0,338.0,0.0,0.05495647471904126,0.1847730189117658,1776.9928389168283,97.65726202785004,328.3403314312515
4502,0.0,0.0,338.0,0.0,0.05495647471904126,0.1847730189117658,1776.9928389168283,97.65726202785004,328.3403314312515
4591,0.0,0.0,339.0,0.0,0.05483532071345398,0.1844310053501666,1776.9928389168283,97.44197222751535,327.7325757814773
8391,0.0,0.0,339.0,0.0,0.05483532071345398,0.1844310053501666,1776.9928389168283,97.44197222751535,327.7325757814773
2740,0.0,0.0,339.0,0.0,0.05483532071345398,0.1844310053501666,1776.9928389168283,97.44197222751535,327.7325757814773
8654,0.0,0.0,339.0,0.0,0.05483532071345398,0.1844310053501666,1776.9928389168283,97.44197222751535,327.7325757814773
3742,0.0,0.0,339.0,0.0,0.05483532071345398,0.1844310053501666,1776.9928389168283,97.44197222751535,327.7325757814773
5544,0.0,0.0,339.0,0.0,0.05483532071345398,0.1844310053501666,1776.9928389168283,97.44197222751535,327.7325757814773
4124,0.0,0.0,339.0,0.0,0.05483532071345398,0.1844310053501666,1776.9928389168283,97.44197222751535,327.7325757814773
6908,0.0,0.0,339.0,0.0,0.05483532071345398,0.1844310053501666,1776.9928389168283,97.44197222751535,327.7325757814773
3642,1.0,194.0,345.0,1018.77,0.0716492179804342,0.21365751744527747,1532.5274964599275,109.80439665486644,327.4360203102544
8192,1.0,8.0,165.0,2299.93,0.06537815410747184,0.16824943675777615,1944.8207955886792,127.14879368541267,327.2150034526054
9865,0.0,0.0,340.0,0.0,0.05471470037864813,0.18409027321434168,1776.9928389168283,97.2276307563376,327.1270972161276
2599,0.0,0.0,340.0,0.0,0.05471470037864813,0.18409027321434168,1776.9928389168283,97.2276307563376,327.1270972161276
3434,0.0,0.0,340.0,0.0,0.05471470037864813,0.18409027321434168,1776.9928389168283,97.2276307563376,327.1270972161276
8521,0.0,0.0,340.0,0.0,0.05471470037864813,0.18409027321434168,1776.9928389168283,97.2276307563376,327.1270972161276
4624,0.0,0.0,340.0,0.0,0.05471470037864813,0.18409027321434168,1776.9928389168283,97.2276307563376,327.1270972161276
3486,0.0,0.0,340.0,0.0,0.05471470037864813,0.18409027321434168,1776.9928389168283,97.2276307563376,327.1270972161276
6407,0.0,0.0,340.0,0.0,0.05471470037864813,0.18409027321434168,1776.9928389168283,97.2276307563376,327.1270972161276
8864,0.0,0.0,340.0,0.0,0.05471470037864813,0.18409027321434168,1776.9928389168283,97.2276307563376,327.1270972161276
7162,0.0,0.0,341.0,0.0,0.054594610191819846,0.18375081521499528,1776.9928389168283,97.01423135431956,326.523882782176
3141,0.0,0.0,341.0,0.0,0.054594610191819846,0.18375081521499528,1776.9928389168283,97.01423135431956,326.523882782176
7002,0.0,0.0,341.0,0.0,0.054594610191819846,0.18375081521499528,1776.9928389168283,97.01423135431956,326.523882782176
2952,0.0,0.0,341.0,0.0,0.054594610191819846,0.18375081521499528,1776.9928389168283,97.01423135431956,326.523882782176
7588,0.0,0.0,341.0,0.0,0.054594610191819846,0.18375081521499528,1776.9928389168283,97.01423135431956,326.523882782176
1076,0.0,0.0,341.0,0.0,0.054594610191819846,0.18375081521499528,1776.9928389168283,97.01423135431956,326.523882782176
9838,0.0,0.0,341.0,0.0,0.054594610191819846,0.18375081521499528,1776.9928389168283,97.01423135431956,326.523882782176
9651,0.0,0.0,341.0,0.0,0.054594610191819846,0.18375081521499528,1776.9928389168283,97.01423135431956,326.523882782176
7843,0.0,0.0,341.0,0.0,0.054594610191819846,0.18375081521499528,1776.9928389168283,97.01423135431956,326.523882782176
4244,0.0,0.0,341.0,0.0,0.054594610191819846,0.18375081521499528,1776.9928389168283,97.01423135431956,326.523882782176
4247,0.0,0.0,341.0,0.0,0.054594610191819846,0.18375081521499528,1776.9928389168283,97.01423135431956,326.523882782176
5013,1.0,203.0,332.0,660.51,0.07780381582069038,0.23030772194852128,1417.2349511526468,110.26628711412565,326.40015306578994
4716,1.0,112.0,264.0,996.77,0.07560596794505599,0.21395488250006103,1525.4476215178136,115.33294397433771,326.37696662184135
8006,1.0,199.0,298.0,180.2,0.08912681135051437,0.25833424210361533,1262.6651905415406,112.53732223625717,326.1896550291659
3357,0.0,0.0,342.0,0.0,0.05447504666113962,0.1834126241187803,1776.9928389168283,96.80176781650519,325.9229196260165
3711,0.0,0.0,342.0,0.0,0.05447504666113962,0.1834126241187803,1776.9928389168283,96.80176781650519,325.9229196260165
4635,0.0,0.0,342.0,0.0,0.05447504666113962,0.1834126241187803,1776.9928389168283,96.80176781650519,325.9229196260165
3318,0.0,0.0,342.0,0.0,0.05447504666113962,0.1834126241187803,1776.9928389168283,96.80176781650519,325.9229196260165
6647,0.0,0.0,342.0,0.0,0.05447504666113962,0.1834126241187803,1776.9928389168283,96.80176781650519,325.9229196260165
6369,0.0,0.0,342.0,0.0,0.05447504666113962,0.1834126241187803,1776.9928389168283,96.80176781650519,325.9229196260165
7869,0.0,0.0,342.0,0.0,0.05447504666113962,0.1834126241187803,1776.9928389168283,96.80176781650519,325.9229196260165
9824,0.0,0.0,342.0,0.0,0.05447504666113962,0.1834126241187803,1776.9928389168283,96.80176781650519,325.9229196260165
2833,0.0,0.0,342.0,0.0,0.05447504666113962,0.1834126241187803,1776.9928389168283,96.80176781650519,325.9229196260165
7261,0.0,0.0,342.0,0.0,0.05447504666113962,0.1834126241187803,1776.9928389168283,96.80176781650519,325.9229196260165
7308,0.0,0.0,342.0,0.0,0.05447504666113962,0.1834126241187803,1776.9928389168283,96.80176781650519,325.9229196260165
1184,1.0,141.0,321.0,1517.78,0.06542408734390572,0.19241852594713543,1693.1151507718364,110.77051350738672,325.7867215702787
1222,0.0,0.0,343.0,0.0,0.0543560063254158,0.1830756927477606,1776.9928389168283,96.5902339923817,325.32419499250807
2390,0.0,0.0,343.0,0.0,0.0543560063254158,0.1830756927477606,1776.9928389168283,96.5902339923817,325.32419499250807
3239,0.0,0.0,343.0,0.0,0.0543560063254158,0.1830756927477606,1776.9928389168283,96.5902339923817,325.32419499250807
3088,0.0,0.0,343.0,0.0,0.0543560063254158,0.1830756927477606,1776.9928389168283,96.5902339923817,325.32419499250807
4299,0.0,0.0,343.0,0.0,0.0543560063254158,0.1830756927477606,1776.9928389168283,96.5902339923817,325.32419499250807
3061,0.0,0.0,343.0,0.0,0.0543560063254158,0.1830756927477606,1776.9928389168283,96.5902339923817,325.32419499250807
2106,0.0,0.0,343.0,0.0,0.0543560063254158,0.1830756927477606,1776.9928389168283,96.5902339923817,325.32419499250807
5461,0.0,0.0,344.0,0.0,0.054237485753757225,0.18274001397887135,1776.9928389168283,96.37962378528009,324.7276962240155
2760,0.0,0.0,344.0,0.0,0.054237485753757225,0.18274001397887135,1776.9928389168283,96.37962378528009,324.7276962240155
1749,0.0,0.0,344.0,0.0,0.054237485753757225,0.18274001397887135,1776.9928389168283,96.37962378528009,324.7276962240155
3211,0.0,0.0,344.0,0.0,0.054237485753757225,0.18274001397887135,1776.9928389168283,96.37962378528009,324.7276962240155
7036,0.0,0.0,344.0,0.0,0.054237485753757225,0.18274001397887135,1776.9928389168283,96.37962378528009,324.7276962240155
3605,0.0,0.0,344.0,0.0,0.054237485753757225,0.18274001397887135,1776.9928389168283,96.37962378528009,324.7276962240155
7402,0.0,0.0,344.0,0.0,0.054237485753757225,0.18274001397887135,1776.9928389168283,96.37962378528009,324.7276962240155
7121,0.0,0.0,344.0,0.0,0.054237485753757225,0.18274001397887135,1776.9928389168283,96.37962378528009,324.7276962240155
7755,1.0,243.0,343.0,328.32,0.08310337830750025,0.247528510246181,1310.3320576517751,108.8930206954807,324.34454215835683
2532,0.0,0.0,345.0,0.0,0.05411948154524076,0.1824055807433923,1776.9928389168283,96.16993115178427,324.13341075947346
9073,0.0,0.0,345.0,0.0,0.05411948154524076,0.1824055807433923,1776.9928389168283,96.16993115178427,324.13341075947346
9148,0.0,0.0,345.0,0.0,0.05411948154524076,0.1824055807433923,1776.9928389168283,96.16993115178427,324.13341075947346
9727,0.0,0.0,345.0,0.0,0.05411948154524076,0.1824055807433923,1776.9928389168283,96.16993115178427,324.13341075947346
2289,0.0,0.0,345.0,0.0,0.05411948154524076,0.1824055807433923,1776.9928389168283,96.16993115178427,324.13341075947346
8159,0.0,0.0,345.0,0.0,0.05411948154524076,0.1824055807433923,1776.9928389168283,96.16993115178427,324.13341075947346
1385,0.0,0.0,345.0,0.0,0.05411948154524076,0.1824055807433923,1776.9928389168283,96.16993115178427,324.13341075947346
4024,0.0,0.0,345.0,0.0,0.05411948154524076,0.1824055807433923,1776.9928389168283,96.16993115178427,324.13341075947346
8830,0.0,0.0,345.0,0.0,0.05411948154524076,0.1824055807433923,1776.9928389168283,96.16993115178427,324.13341075947346
6986,1.0,202.0,309.0,284.98,0.08563720079404591,0.24998979987431563,1296.3847040158134,111.01875720413199,324.08295271703713
9940,1.0,74.0,310.0,3365.52,0.04845463725756415,0.14155970414662283,2287.740974659693,110.8516590664017,323.85193553693273
1851,0.0,0.0,346.0,0.0,0.054001990328588066,0.18207238602641942,1776.9928389168283,95.96115010115682,323.54132613344774
9998,0.0,0.0,346.0,0.0,0.054001990328588066,0.18207238602641942,1776.9928389168283,95.96115010115682,323.54132613344774
5349,0.0,0.0,346.0,0.0,0.054001990328588066,0.18207238602641942,1776.9928389168283,95.96115010115682,323.54132613344774
4379,0.0,0.0,346.0,0.0,0.054001990328588066,0.18207238602641942,1776.9928389168283,95.96115010115682,323.54132613344774
7252,0.0,0.0,346.0,0.0,0.054001990328588066,0.18207238602641942,1776.9928389168283,95.96115010115682,323.54132613344774
6324,0.0,0.0,346.0,0.0,0.054001990328588066,0.18207238602641942,1776.9928389168283,95.96115010115682,323.54132613344774
4854,0.0,0.0,347.0,0.0,0.05388500876183813,0.18174042286634637,1776.9928389168283,95.75327469475691,322.95142997521367
1589,0.0,0.0,347.0,0.0,0.05388500876183813,0.18174042286634637,1776.9928389168283,95.75327469475691,322.95142997521367
1787,0.0,0.0,347.0,0.0,0.05388500876183813,0.18174042286634637,1776.9928389168283,95.75327469475691,322.95142997521367
3352,0.0,0.0,347.0,0.0,0.05388500876183813,0.18174042286634637,1776.9928389168283,95.75327469475691,322.95142997521367
1557,0.0,0.0,347.0,0.0,0.05388500876183813,0.18174042286634637,1776.9928389168283,95.75327469475691,322.95142997521367
8217,0.0,0.0,347.0,0.0,0.05388500876183813,0.18174042286634637,1776.9928389168283,95.75327469475691,322.95142997521367
4310,1.0,56.0,300.0,3969.5,0.044818719118564734,0.13010380442408687,2482.1092868203805,111.24495894758367,322.9318612116885
4861,1.0,204.0,356.0,982.22,0.07068998834290201,0.21205543548606287,1520.765249681104,107.5028777722477,322.48653729319767
5302,0.0,0.0,348.0,0.0,0.0537685335320327,0.18140968435435906,1776.9928389168283,95.54629904548148,322.36371000785823
2037,0.0,0.0,348.0,0.0,0.0537685335320327,0.18140968435435906,1776.9928389168283,95.54629904548148,322.36371000785823
8088,0.0,0.0,348.0,0.0,0.0537685335320327,0.18140968435435906,1776.9928389168283,95.54629904548148,322.36371000785823
3273,0.0,0.0,348.0,0.0,0.0537685335320327,0.18140968435435906,1776.9928389168283,95.54629904548148,322.36371000785823
7634,0.0,0.0,348.0,0.0,0.0537685335320327,0.18140968435435906,1776.9928389168283,95.54629904548148,322.36371000785823
5538,1.0,41.0,159.0,442.5,0.093552860373203,0.23893326951229127,1347.0766086013195,126.02286987648708,321.8614183766424
6013,0.0,0.0,349.0,0.0,0.05365256135490019,0.18108016363392096,1776.9928389168283,95.3402173172034,321.77815404736504
9573,0.0,0.0,349.0,0.0,0.05365256135490019,0.18108016363392096,1776.9928389168283,95.3402173172034,321.77815404736504
7831,0.0,0.0,349.0,0.0,0.05365256135490019,0.18108016363392096,1776.9928389168283,95.3402173172034,321.77815404736504
8359,0.0,0.0,349.0,0.0,0.05365256135490019,0.18108016363392096,1776.9928389168283,95.3402173172034,321.77815404736504
1026,0.0,0.0,349.0,0.0,0.05365256135490019,0.18108016363392096,1776.9928389168283,95.3402173172034,321.77815404736504
3173,0.0,0.0,349.0,0.0,0.05365256135490019,0.18108016363392096,1776.9928389168283,95.3402173172034,321.77815404736504
5468,0.0,0.0,349.0,0.0,0.05365256135490019,0.18108016363392096,1776.9928389168283,95.3402173172034,321.77815404736504
4140,0.0,0.0,349.0,0.0,0.05365256135490019,0.18108016363392096,1776.9928389168283,95.3402173172034,321.77815404736504
9857,0.0,0.0,349.0,0.0,0.05365256135490019,0.18108016363392096,1776.9928389168283,95.3402173172034,321.77815404736504
8553,0.0,0.0,349.0,0.0,0.05365256135490019,0.18108016363392096,1776.9928389168283,95.3402173172034,321.77815404736504
8557,0.0,0.0,349.0,0.0,0.05365256135490019,0.18108016363392096,1776.9928389168283,95.3402173172034,321.77815404736504
3550,0.0,0.0,349.0,0.0,0.05365256135490019,0.18108016363392096,1776.9928389168283,95.3402173172034,321.77815404736504
3806,1.0,19.0,130.0,456.03,0.09695888274440514,0.23799234168733907,1351.430731690715,131.03321385118568,321.63016446330727
1118,0.0,0.0,350.0,0.0,0.05353708897454625,0.18075185390027948,1776.9928389168283,95.13502372422177,321.1947500017374
2586,0.0,0.0,350.0,0.0,0.05353708897454625,0.18075185390027948,1776.9928389168283,95.13502372422177,321.1947500017374
1148,0.0,0.0,350.0,0.0,0.05353708897454625,0.18075185390027948,1776.9928389168283,95.13502372422177,321.1947500017374
2107,0.0,0.0,350.0,0.0,0.05353708897454625,0.18075185390027948,1776.9928389168283,95.13502372422177,321.1947500017374
8567,0.0,0.0,350.0,0.0,0.05353708897454625,0.18075185390027948,1776.9928389168283,95.13502372422177,321.1947500017374
8975,0.0,0.0,350.0,0.0,0.05353708897454625,0.18075185390027948,1776.9928389168283,95.13502372422177,321.1947500017374
5677,0.0,0.0,350.0,0.0,0.05353708897454625,0.18075185390027948,1776.9928389168283,95.13502372422177,321.1947500017374
5066,0.0,0.0,350.0,0.0,0.05353708897454625,0.18075185390027948,1776.9928389168283,95.13502372422177,321.1947500017374
5310,0.0,0.0,351.0,0.0,0.05342211316314619,0.1804247483999671,1776.9928389168283,94.93071253071521,320.613485870112
6582,0.0,0.0,351.0,0.0,0.05342211316314619,0.1804247483999671,1776.9928389168283,94.93071253071521,320.613485870112
3880,0.0,0.0,351.0,0.0,0.05342211316314619,0.1804247483999671,1776.9928389168283,94.93071253071521,320.613485870112
7435,0.0,0.0,351.0,0.0,0.05342211316314619,0.1804247483999671,1776.9928389168283,94.93071253071521,320.613485870112
2875,0.0,0.0,351.0,0.0,0.05342211316314619,0.1804247483999671,1776.9928389168283,94.93071253071521,320.613485870112
6722,0.0,0.0,351.0,0.0,0.05342211316314619,0.1804247483999671,1776.9928389168283,94.93071253071521,320.613485870112
4454,0.0,0.0,351.0,0.0,0.05342211316314619,0.1804247483999671,1776.9928389168283,94.93071253071521,320.613485870112
7271,0.0,0.0,351.0,0.0,0.05342211316314619,0.1804247483999671,1776.9928389168283,94.93071253071521,320.613485870112
6972,0.0,0.0,351.0,0.0,0.05342211316314619,0.1804247483999671,1776.9928389168283,94.93071253071521,320.613485870112
8447,0.0,0.0,352.0,0.0,0.053307630720645344,0.1800988404303186,1776.9928389168283,94.7272780502095,320.0343497419007
1720,0.0,0.0,352.0,0.0,0.053307630720645344,0.1800988404303186,1776.9928389168283,94.7272780502095,320.0343497419007
3681,0.0,0.0,352.0,0.0,0.053307630720645344,0.1800988404303186,1776.9928389168283,94.7272780502095,320.0343497419007
2226,0.0,0.0,352.0,0.0,0.053307630720645344,0.1800988404303186,1776.9928389168283,94.7272780502095,320.0343497419007
4618,0.0,0.0,352.0,0.0,0.053307630720645344,0.1800988404303186,1776.9928389168283,94.7272780502095,320.0343497419007
6109,0.0,0.0,352.0,0.0,0.053307630720645344,0.1800988404303186,1776.9928389168283,94.7272780502095,320.0343497419007
6791,0.0,0.0,352.0,0.0,0.053307630720645344,0.1800988404303186,1776.9928389168283,94.7272780502095,320.0343497419007
3377,0.0,0.0,352.0,0.0,0.053307630720645344,0.1800988404303186,1776.9928389168283,94.7272780502095,320.0343497419007
6782,0.0,0.0,352.0,0.0,0.053307630720645344,0.1800988404303186,1776.9928389168283,94.7272780502095,320.0343497419007
3030,0.0,0.0,352.0,0.0,0.053307630720645344,0.1800988404303186,1776.9928389168283,94.7272780502095,320.0343497419007
3889,0.0,0.0,352.0,0.0,0.053307630720645344,0.1800988404303186,1776.9928389168283,94.7272780502095,320.0343497419007
3502,0.0,0.0,352.0,0.0,0.053307630720645344,0.1800988404303186,1776.9928389168283,94.7272780502095,320.0343497419007
4891,0.0,0.0,352.0,0.0,0.053307630720645344,0.1800988404303186,1776.9928389168283,94.7272780502095,320.0343497419007
9526,0.0,0.0,352.0,0.0,0.053307630720645344,0.1800988404303186,1776.9928389168283,94.7272780502095,320.0343497419007
2798,1.0,183.0,350.0,1168.86,0.06767090344198518,0.20234964652672982,1580.8283341899735,106.97608156132397,319.88005464278024
5489,0.0,0.0,353.0,0.0,0.05319363847445773,0.17977412333897647,1776.9928389168283,94.52471464504207,319.45732979591185
2745,0.0,0.0,353.0,0.0,0.05319363847445773,0.17977412333897647,1776.9928389168283,94.52471464504207,319.45732979591185
2847,0.0,0.0,353.0,0.0,0.05319363847445773,0.17977412333897647,1776.9928389168283,94.52471464504207,319.45732979591185
5480,0.0,0.0,353.0,0.0,0.05319363847445773,0.17977412333897647,1776.9928389168283,94.52471464504207,319.45732979591185
3580,0.0,0.0,353.0,0.0,0.05319363847445773,0.17977412333897647,1776.9928389168283,94.52471464504207,319.45732979591185
3059,0.0,0.0,353.0,0.0,0.05319363847445773,0.17977412333897647,1776.9928389168283,94.52471464504207,319.45732979591185
1781,0.0,0.0,353.0,0.0,0.05319363847445773,0.17977412333897647,1776.9928389168283,94.52471464504207,319.45732979591185
2564,0.0,0.0,353.0,0.0,0.05319363847445773,0.17977412333897647,1776.9928389168283,94.52471464504207,319.45732979591185
5812,0.0,0.0,353.0,0.0,0.05319363847445773,0.17977412333897647,1776.9928389168283,94.52471464504207,319.45732979591185
7008,0.0,0.0,353.0,0.0,0.05319363847445773,0.17977412333897647,1776.9928389168283,94.52471464504207,319.45732979591185
9699,0.0,0.0,353.0,0.0,0.05319363847445773,0.17977412333897647,1776.9928389168283,94.52471464504207,319.45732979591185
6489,1.0,230.0,340.0,358.38,0.08130437747603897,0.24176629011946685,1320.0057413226734,107.32224506303729,319.1328910159794
2595,0.0,0.0,354.0,0.0,0.05308013327917368,0.17945059052342993,1776.9928389168283,94.32301672584245,318.88241429953104
2855,0.0,0.0,354.0,0.0,0.05308013327917368,0.17945059052342993,1776.9928389168283,94.32301672584245,318.88241429953104
3813,0.0,0.0,354.0,0.0,0.05308013327917368,0.17945059052342993,1776.9928389168283,94.32301672584245,318.88241429953104
3285,0.0,0.0,354.0,0.0,0.05308013327917368,0.17945059052342993,1776.9928389168283,94.32301672584245,318.88241429953104
1084,0.0,0.0,354.0,0.0,0.05308013327917368,0.17945059052342993,1776.9928389168283,94.32301672584245,318.88241429953104
6024,0.0,0.0,354.0,0.0,0.05308013327917368,0.17945059052342993,1776.9928389168283,94.32301672584245,318.88241429953104
1945,0.0,0.0,354.0,0.0,0.05308013327917368,0.17945059052342993,1776.9928389168283,94.32301672584245,318.88241429953104
2183,0.0,0.0,354.0,0.0,0.05308013327917368,0.17945059052342993,1776.9928389168283,94.32301672584245,318.88241429953104
3418,0.0,0.0,354.0,0.0,0.05308013327917368,0.17945059052342993,1776.9928389168283,94.32301672584245,318.88241429953104
1987,0.0,0.0,355.0,0.0,0.05296711201626812,0.1791282354305289,1776.9928389168283,94.12217875101393,318.3095916078575
1620,0.0,0.0,355.0,0.0,0.05296711201626812,0.1791282354305289,1776.9928389168283,94.12217875101393,318.3095916078575
9179,0.0,0.0,355.0,0.0,0.05296711201626812,0.1791282354305289,1776.9928389168283,94.12217875101393,318.3095916078575
4301,0.0,0.0,355.0,0.0,0.05296711201626812,0.1791282354305289,1776.9928389168283,94.12217875101393,318.3095916078575
8381,0.0,0.0,355.0,0.0,0.05296711201626812,0.1791282354305289,1776.9928389168283,94.12217875101393,318.3095916078575
5545,0.0,0.0,355.0,0.0,0.05296711201626812,0.1791282354305289,1776.9928389168283,94.12217875101393,318.3095916078575
4205,0.0,0.0,355.0,0.0,0.05296711201626812,0.1791282354305289,1776.9928389168283,94.12217875101393,318.3095916078575
8722,0.0,0.0,355.0,0.0,0.05296711201626812,0.1791282354305289,1776.9928389168283,94.12217875101393,318.3095916078575
6912,1.0,217.0,320.0,199.14,0.08527217143259615,0.2506222202723713,1268.7603192416966,108.18994744925337,317.9795282018366
3777,1.0,26.0,202.0,2304.87,0.06091568343278394,0.16331824752831392,1946.4105493256811,118.56692885295428,317.8843598864931
9886,0.0,0.0,356.0,0.0,0.0528545715938143,0.17880705155602275,1776.9928389168283,93.92219522622482,317.73885016288455
4212,0.0,0.0,356.0,0.0,0.0528545715938143,0.17880705155602275,1776.9928389168283,93.92219522622482,317.73885016288455
7128,0.0,0.0,356.0,0.0,0.0528545715938143,0.17880705155602275,1776.9928389168283,93.92219522622482,317.73885016288455
6463,0.0,0.0,356.0,0.0,0.0528545715938143,0.17880705155602275,1776.9928389168283,93.92219522622482,317.73885016288455
4707,0.0,0.0,356.0,0.0,0.0528545715938143,0.17880705155602275,1776.9928389168283,93.92219522622482,317.73885016288455
5128,0.0,0.0,356.0,0.0,0.0528545715938143,0.17880705155602275,1776.9928389168283,93.92219522622482,317.73885016288455
4359,0.0,0.0,356.0,0.0,0.0528545715938143,0.17880705155602275,1776.9928389168283,93.92219522622482,317.73885016288455
4294,0.0,0.0,356.0,0.0,0.0528545715938143,0.17880705155602275,1776.9928389168283,93.92219522622482,317.73885016288455
8815,0.0,0.0,356.0,0.0,0.0528545715938143,0.17880705155602275,1776.9928389168283,93.92219522622482,317.73885016288455
1031,1.0,165.0,293.0,439.31,0.08161833402931344,0.23579198832076662,1346.0500267347168,109.8623607022004,317.38781218299994
5364,0.0,0.0,357.0,0.0,0.052742508946200056,0.17848703244410372,1776.9928389168283,93.72306070390425,317.1701784926879
9134,0.0,0.0,357.0,0.0,0.052742508946200056,0.17848703244410372,1776.9928389168283,93.72306070390425,317.1701784926879
4733,0.0,0.0,357.0,0.0,0.052742508946200056,0.17848703244410372,1776.9928389168283,93.72306070390425,317.1701784926879
2490,0.0,0.0,357.0,0.0,0.052742508946200056,0.17848703244410372,1776.9928389168283,93.72306070390425,317.1701784926879
1229,0.0,0.0,357.0,0.0,0.052742508946200056,0.17848703244410372,1776.9928389168283,93.72306070390425,317.1701784926879
3701,0.0,0.0,357.0,0.0,0.052742508946200056,0.17848703244410372,1776.9928389168283,93.72306070390425,317.1701784926879
5714,0.0,0.0,357.0,0.0,0.052742508946200056,0.17848703244410372,1776.9928389168283,93.72306070390425,317.1701784926879
7133,0.0,0.0,357.0,0.0,0.052742508946200056,0.17848703244410372,1776.9928389168283,93.72306070390425,317.1701784926879
2871,1.0,64.0,302.0,3451.65,0.04706295041254854,0.13679473102491077,2315.458685058039,108.97231727719135,316.74254802180803
6813,0.0,0.0,358.0,0.0,0.052630921033848005,0.1781681716869391,1776.9928389168283,93.52476978274498,316.6035652105948
2415,0.0,0.0,358.0,0.0,0.052630921033848005,0.1781681716869391,1776.9928389168283,93.52476978274498,316.6035652105948
8301,0.0,0.0,358.0,0.0,0.052630921033848005,0.1781681716869391,1776.9928389168283,93.52476978274498,316.6035652105948
7984,0.0,0.0,358.0,0.0,0.052630921033848005,0.1781681716869391,1776.9928389168283,93.52476978274498,316.6035652105948
9782,0.0,0.0,358.0,0.0,0.052630921033848005,0.1781681716869391,1776.9928389168283,93.52476978274498,316.6035652105948
7280,0.0,0.0,358.0,0.0,0.052630921033848005,0.1781681716869391,1776.9928389168283,93.52476978274498,316.6035652105948
2742,0.0,0.0,358.0,0.0,0.052630921033848005,0.1781681716869391,1776.9928389168283,93.52476978274498,316.6035652105948
2888,0.0,0.0,358.0,0.0,0.052630921033848005,0.1781681716869391,1776.9928389168283,93.52476978274498,316.6035652105948
1291,0.0,0.0,358.0,0.0,0.052630921033848005,0.1781681716869391,1776.9928389168283,93.52476978274498,316.6035652105948
5211,0.0,0.0,358.0,0.0,0.052630921033848005,0.1781681716869391,1776.9928389168283,93.52476978274498,316.6035652105948
5249,0.0,0.0,358.0,0.0,0.052630921033848005,0.1781681716869391,1776.9928389168283,93.52476978274498,316.6035652105948
5132,0.0,0.0,358.0,0.0,0.052630921033848005,0.1781681716869391,1776.9928389168283,93.52476978274498,316.6035652105948
3779,0.0,0.0,359.0,0.0,0.052519804842939784,0.1778504629242333,1776.9928389168283,93.32731710721336,316.0389990144054
5596,0.0,0.0,359.0,0.0,0.052519804842939784,0.1778504629242333,1776.9928389168283,93.32731710721336,316.0389990144054
7263,0.0,0.0,359.0,0.0,0.052519804842939784,0.1778504629242333,1776.9928389168283,93.32731710721336,316.0389990144054
6020,0.0,0.0,359.0,0.0,0.052519804842939784,0.1778504629242333,1776.9928389168283,93.32731710721336,316.0389990144054
1193,0.0,0.0,359.0,0.0,0.052519804842939784,0.1778504629242333,1776.9928389168283,93.32731710721336,316.0389990144054
4579,0.0,0.0,359.0,0.0,0.052519804842939784,0.1778504629242333,1776.9928389168283,93.32731710721336,316.0389990144054
7209,0.0,0.0,359.0,0.0,0.052519804842939784,0.1778504629242333,1776.9928389168283,93.32731710721336,316.0389990144054
9595,0.0,0.0,359.0,0.0,0.052519804842939784,0.1778504629242333,1776.9928389168283,93.32731710721336,316.0389990144054
5764,0.0,0.0,359.0,0.0,0.052519804842939784,0.1778504629242333,1776.9928389168283,93.32731710721336,316.0389990144054
4185,0.0,0.0,359.0,0.0,0.052519804842939784,0.1778504629242333,1776.9928389168283,93.32731710721336,316.0389990144054
8709,0.0,0.0,359.0,0.0,0.052519804842939784,0.1778504629242333,1776.9928389168283,93.32731710721336,316.0389990144054
8304,0.0,0.0,359.0,0.0,0.052519804842939784,0.1778504629242333,1776.9928389168283,93.32731710721336,316.0389990144054
9809,0.0,0.0,359.0,0.0,0.052519804842939784,0.1778504629242333,1776.9928389168283,93.32731710721336,316.0389990144054
3452,0.0,0.0,359.0,0.0,0.052519804842939784,0.1778504629242333,1776.9928389168283,93.32731710721336,316.0389990144054
7513,0.0,0.0,360.0,0.0,0.05240915738514319,0.1775338998427748,1776.9928389168283,93.13069736706446,315.47646868558826
9926,0.0,0.0,360.0,0.0,0.05240915738514319,0.1775338998427748,1776.9928389168283,93.13069736706446,315.47646868558826
6202,0.0,0.0,360.0,0.0,0.05240915738514319,0.1775338998427748,1776.9928389168283,93.13069736706446,315.47646868558826
4176,0.0,0.0,360.0,0.0,0.05240915738514319,0.1775338998427748,1776.9928389168283,93.13069736706446,315.47646868558826
5639,0.0,0.0,360.0,0.0,0.05240915738514319,0.1775338998427748,1776.9928389168283,93.13069736706446,315.47646868558826
1423,0.0,0.0,360.0,0.0,0.05240915738514319,0.1775338998427748,1776.9928389168283,93.13069736706446,315.47646868558826
5659,0.0,0.0,360.0,0.0,0.05240915738514319,0.1775338998427748,1776.9928389168283,93.13069736706446,315.47646868558826
8929,0.0,0.0,361.0,0.0,0.0522989756973431,0.17721847617599928,1776.9928389168283,92.93490529686392,314.91596308850325
6472,0.0,0.0,361.0,0.0,0.0522989756973431,0.17721847617599928,1776.9928389168283,92.93490529686392,314.91596308850325
6923,0.0,0.0,361.0,0.0,0.0522989756973431,0.17721847617599928,1776.9928389168283,92.93490529686392,314.91596308850325
5525,0.0,0.0,361.0,0.0,0.0522989756973431,0.17721847617599928,1776.9928389168283,92.93490529686392,314.91596308850325
9979,0.0,0.0,361.0,0.0,0.0522989756973431,0.17721847617599928,1776.9928389168283,92.93490529686392,314.91596308850325
6854,0.0,0.0,361.0,0.0,0.0522989756973431,0.17721847617599928,1776.9928389168283,92.93490529686392,314.91596308850325
4706,0.0,0.0,361.0,0.0,0.0522989756973431,0.17721847617599928,1776.9928389168283,92.93490529686392,314.91596308850325
7751,0.0,0.0,361.0,0.0,0.0522989756973431,0.17721847617599928,1776.9928389168283,92.93490529686392,314.91596308850325
8376,0.0,0.0,361.0,0.0,0.0522989756973431,0.17721847617599928,1776.9928389168283,92.93490529686392,314.91596308850325
3435,0.0,0.0,361.0,0.0,0.0522989756973431,0.17721847617599928,1776.9928389168283,92.93490529686392,314.91596308850325
2608,0.0,0.0,361.0,0.0,0.0522989756973431,0.17721847617599928,1776.9928389168283,92.93490529686392,314.91596308850325
7897,0.0,0.0,361.0,0.0,0.0522989756973431,0.17721847617599928,1776.9928389168283,92.93490529686392,314.91596308850325
6697,0.0,0.0,361.0,0.0,0.0522989756973431,0.17721847617599928,1776.9928389168283,92.93490529686392,314.91596308850325
2002,1.0,25.0,168.0,1211.72,0.07637092255729076,0.1972374246243431,1594.6212178271933,121.78269353489327,314.51898225556926
1646,1.0,35.0,284.0,4588.24,0.04084609682888478,0.1173018665082252,2681.2275514422267,109.51768018648283,314.5129963174516
2705,0.0,0.0,362.0,0.0,0.05218925684137619,0.17690418570355015,1776.9928389168283,92.73993567551658,314.35747116962136
3885,0.0,0.0,362.0,0.0,0.05218925684137619,0.17690418570355015,1776.9928389168283,92.73993567551658,314.35747116962136
8596,0.0,0.0,362.0,0.0,0.05218925684137619,0.17690418570355015,1776.9928389168283,92.73993567551658,314.35747116962136
8082,0.0,0.0,362.0,0.0,0.05218925684137619,0.17690418570355015,1776.9928389168283,92.73993567551658,314.35747116962136
1285,0.0,0.0,362.0,0.0,0.05218925684137619,0.17690418570355015,1776.9928389168283,92.73993567551658,314.35747116962136
8751,0.0,0.0,362.0,0.0,0.05218925684137619,0.17690418570355015,1776.9928389168283,92.73993567551658,314.35747116962136
1835,0.0,0.0,362.0,0.0,0.05218925684137619,0.17690418570355015,1776.9928389168283,92.73993567551658,314.35747116962136
7031,0.0,0.0,362.0,0.0,0.05218925684137619,0.17690418570355015,1776.9928389168283,92.73993567551658,314.35747116962136
1733,0.0,0.0,363.0,0.0,0.05207999790376745,0.17659102225085357,1776.9928389168283,92.5457833257982,313.8009819567691
6567,0.0,0.0,363.0,0.0,0.05207999790376745,0.17659102225085357,1776.9928389168283,92.5457833257982,313.8009819567691
8328,0.0,0.0,363.0,0.0,0.05207999790376745,0.17659102225085357,1776.9928389168283,92.5457833257982,313.8009819567691
3732,0.0,0.0,363.0,0.0,0.05207999790376745,0.17659102225085357,1776.9928389168283,92.5457833257982,313.8009819567691
6539,0.0,0.0,363.0,0.0,0.05207999790376745,0.17659102225085357,1776.9928389168283,92.5457833257982,313.8009819567691
9268,0.0,0.0,363.0,0.0,0.05207999790376745,0.17659102225085357,1776.9928389168283,92.5457833257982,313.8009819567691
1398,0.0,0.0,363.0,0.0,0.05207999790376745,0.17659102225085357,1776.9928389168283,92.5457833257982,313.8009819567691
1973,1.0,31.0,290.0,5125.65,0.03811036677855227,0.10990020600078415,2854.172805653087,108.77357247280874,313.6741793031103
2957,0.0,0.0,364.0,0.0,0.05197119599547252,0.1762789796886836,1776.9928389168283,92.35244311389762,313.2464845583558
6993,0.0,0.0,364.0,0.0,0.05197119599547252,0.1762789796886836,1776.9928389168283,92.35244311389762,313.2464845583558
7062,0.0,0.0,364.0,0.0,0.05197119599547252,0.1762789796886836,1776.9928389168283,92.35244311389762,313.2464845583558
8727,0.0,0.0,364.0,0.0,0.05197119599547252,0.1762789796886836,1776.9928389168283,92.35244311389762,313.2464845583558
3801,0.0,0.0,364.0,0.0,0.05197119599547252,0.1762789796886836,1776.9928389168283,92.35244311389762,313.2464845583558
5946,0.0,0.0,364.0,0.0,0.05197119599547252,0.1762789796886836,1776.9928389168283,92.35244311389762,313.2464845583558
9760,0.0,0.0,364.0,0.0,0.05197119599547252,0.1762789796886836,1776.9928389168283,92.35244311389762,313.2464845583558
3199,0.0,0.0,364.0,0.0,0.05197119599547252,0.1762789796886836,1776.9928389168283,92.35244311389762,313.2464845583558
8399,0.0,0.0,364.0,0.0,0.05197119599547252,0.1762789796886836,1776.9928389168283,92.35244311389762,313.2464845583558
1175,1.0,36.0,163.0,592.76,0.08727956071408938,0.22403157442234217,1395.4321544559311,121.79270544722898,312.6208625623232
8628,1.0,243.0,361.0,428.61,0.07738594945954365,0.23274659057296568,1342.6066330128695,103.89888904638198,312.4871163143943
6838,1.0,116.0,350.0,2565.68,0.05130987380780152,0.1534378087544775,2030.342466764383,104.17661575630095,311.53129912148745
4366,1.0,237.0,362.0,470.13,0.07587813492782293,0.22833171023349663,1355.9682879036095,102.88834470739913,309.6105581994175
6066,1.0,54.0,246.0,2094.64,0.05894929518203074,0.16448400690808124,1878.7559080038707,110.75133659590436,309.0252997507071
7834,1.0,30.0,181.0,1275.16,0.07289292565728495,0.19111278199514492,1615.0370026602625,117.72477216867883,308.654214603503
9748,1.0,33.0,168.0,775.88,0.08206825451775936,0.21194430992340815,1454.3624589740639,119.35698844415782,308.24384774576896
9638,1.0,47.0,221.0,1654.35,0.06476279448791507,0.1768259057997805,1737.065083537468,112.49718901727006,307.15810682968413
4334,1.0,20.0,172.0,1437.77,0.0706634709679811,0.18337097100839309,1667.3669328573635,117.821934852938,305.7466935053409
2801,1.0,129.0,246.0,53.64,0.08968597245499338,0.25021162747589387,1221.9366008745706,109.59057232778497,305.7427455771881
7254,1.0,186.0,300.0,112.38,0.08484570272639251,0.24625249218430376,1240.8398669699977,105.27993048399286,305.5599096430019
4340,1.0,65.0,205.0,598.1,0.08131448307773205,0.2186373858014627,1397.150633191876,113.60858151972343,305.4693620119301
5312,1.0,196.0,363.0,950.49,0.06701143796382024,0.20176175682385863,1510.554139139594,101.2244049859448,304.7720568903559
6511,2.0,129.0,280.0,887.3499999999999,0.08893364028202186,0.2266023445420109,1344.1124634339878,119.53681432162054,304.57903554227954
9062,1.0,164.0,341.0,1100.82,0.06566273803099903,0.1953760819979404,1558.9322118690166,102.36375743604111,304.57806765535156
9959,4.0,158.0,304.0,1674.7575,0.0814921611014088,0.1780702906856815,1709.7385658817416,139.33029065212654,304.4536434230819
2710,1.0,196.0,337.0,524.08,0.07455240140422954,0.22131924796644148,1373.3300721366527,102.38505479843124,303.9443787749828
6239,1.0,210.0,361.0,706.21,0.07056647037779888,0.212241954750494,1431.941782282396,101.04707736216322,303.918122960522
3621,1.0,92.0,359.0,3512.54,0.04329404488618988,0.13009471353094143,2335.0538480228233,101.09392610797052,303.7781614378516
9836,1.0,56.0,187.0,418.23,0.08593768110738197,0.22679131323465754,1339.2662192901892,115.09343327124937,303.73394464363685
6045,1.0,64.0,227.0,1121.02,0.07066617088001456,0.19398866188628927,1565.4328243158554,110.62314346428805,303.67621886190733
3263,1.0,127.0,353.0,2153.72,0.053422456028345326,0.16001209973113484,1897.7685903484178,101.38345906986325,303.6659369454462
8711,1.0,57.0,261.0,2281.5,0.05542485848308452,0.15650211393809796,1938.889791262183,107.46269229500378,303.44035102552914
2810,1.0,123.0,305.0,1234.23,0.06504741282190674,0.18941818636108343,1601.865217142958,104.19718806455127,303.4224042261222
1169,1.0,85.0,232.0,617.65,0.07814988904475387,0.2154732858658658,1403.4420675154313,109.67884185707092,302.4042738099343
9513,1.0,183.0,325.0,476.88,0.07522135683170104,0.2217541930749138,1358.1405222608503,102.16117285257623,301.17335559629686
4333,1.0,65.0,192.0,232.5,0.0883218025432946,0.23433155913995318,1279.4959841539146,113.00739166738043,299.82628888009566
2297,1.0,238.0,354.0,216.43,0.07851209969027638,0.2352624429760661,1274.3244573211907,100.04988883095868,299.800684973533
6764,1.0,155.0,355.0,1445.48,0.059778769289936265,0.17923690720161664,1669.848107212077,99.82146475026751,299.29841023316624
3438,2.0,115.0,271.0,1029.38,0.08377842973302235,0.21172530270325662,1413.137760475672,118.39046256909165,299.1970200981138
7122,1.0,197.0,364.0,863.25,0.0669591244277431,0.20170841418710256,1482.4792168691597,99.26551034388521,299.0285319000159
7963,1.0,19.0,256.0,4354.28,0.04067289674264169,0.11441403221959,2605.93629955787,105.99097802981903,298.15567973981325
6943,1.0,103.0,304.0,1627.65,0.05919386342643882,0.17226657682056404,1728.4726898577178,102.3149763397671,297.7580734096215
5225,1.0,7.0,125.0,501.6,0.08924042942422682,0.2174095103813038,1366.0957271958016,121.91096932955475,297.0022031836304
8501,2.0,171.0,319.0,584.3050000000001,0.09424614909238421,0.2480817373240225,1196.8353308423111,112.79712102959743,296.9129881661318
5281,1.0,60.0,207.0,662.54,0.07766709640690457,0.20924639677341778,1417.8882305223067,110.12326189419133,296.68800326422985
7553,1.0,54.0,208.0,866.12,0.07399285895802019,0.1995464641910671,1483.4028187366077,109.7612155447074,296.0077874499525
5553,1.0,8.0,227.0,4079.92,0.04270269421026253,0.11724600349053252,2517.643822779821,107.5101742945231,295.18367643356055
7881,1.0,69.0,350.0,4130.76,0.03884967790142157,0.11618410050258955,2534.004770146038,98.44526912083937,294.4110648886886
9395,2.0,77.0,252.0,1890.31,0.06461218228937055,0.1603407250204879,1831.54196368691,118.33992322837032,293.6707663630073
7189,2.0,23.0,154.0,1840.6100000000001,0.07395323585110869,0.1622545896229279,1807.3882126274755,133.66220676295347,293.2570327291882
4514,1.0,155.0,352.0,1284.43,0.06053587537942169,0.18121536807492042,1618.0202045108704,97.94826946165645,293.2101269130954
3436,1.0,46.0,177.0,300.47,0.08552626530346415,0.22320811082381706,1301.3695796000572,111.30127992273209,290.4762453461138
9807,1.0,196.0,342.0,403.06,0.07301162038926735,0.2173571455185254,1334.3843237051042,97.42556169574631,290.03796762520943
2936,2.0,67.0,207.0,1108.33,0.08458719418574807,0.19968392761038753,1451.5067473195802,122.77888309744489,289.84256825775213
9084,1.0,127.0,305.0,915.63,0.0662490848969377,0.1929164403762402,1499.335755481326,99.3296217538966,289.2465168762783
2008,1.0,55.0,250.0,1776.16,0.058057996612330125,0.16252457542966492,1776.2650638419254,103.12639105913486,288.6867253514556
7823,1.0,87.0,264.0,1038.07,0.06628944571392029,0.18759828440437765,1538.7384776591437,102.00212078270614,288.6646985558591
4721,1.0,100.0,298.0,1395.15,0.05996724113165707,0.17383634592986352,1653.6512842195166,99.16490530846613,287.46469669094694
4810,1.0,76.0,240.0,799.34,0.07080582965880813,0.1965735568723646,1461.912180162332,103.51190480471091,287.37327708954274
2780,1.0,44.0,280.0,3141.87,0.0451579762616649,0.12931734553270685,2215.7676096232076,100.05958111673078,286.53718559382423
9540,1.0,190.0,335.0,314.46,0.07375205577159383,0.21869460723496847,1305.8717364382476,96.31072513634172,285.5871064996088
1100,1.0,203.0,343.0,262.64,0.07431476197268469,0.22135862949137225,1289.1954128245993,95.80625024033708,285.3745297294172
2451,1.0,35.0,215.0,1622.98,0.06085090882415121,0.16522364302309184,1726.9698254950104,105.0876833932572,285.3362459592388
5597,1.0,54.0,209.0,719.46,0.07353040698118399,0.1984930566340429,1436.205797872532,105.60479682630334,285.07687877525325
8937,1.0,130.0,304.0,768.86,0.06746006190190629,0.196315655970836,1452.1033352425418,97.95898088342645,285.07061879557835
3665,1.0,27.0,216.0,2052.92,0.05618365968210432,0.15269928494150609,1865.329890613662,104.80105976909486,284.83454047672393
2296,1.0,49.0,255.0,2091.08,0.053913680746578936,0.1515283552002324,1877.6102555132516,101.22887988224394,284.5111937250111
2889,1.0,54.0,254.0,1843.56,0.05634488120945084,0.1582343756841291,1797.9552261645722,101.30557363815413,284.49832272016823
2039,1.0,216.0,357.0,280.54,0.07299003085826196,0.21906899483279552,1294.9558565275017,94.5188679280294,283.68467784232155
5522,1.0,121.0,285.0,577.23,0.07095457671398919,0.20387688771125198,1390.4344063717915,98.6576847526773,283.47743933772307
8593,1.0,103.0,291.0,1081.14,0.06305508717031873,0.18193227170948292,1552.5989419208042,97.89926162336093,282.46785255739144
5174,1.0,59.0,202.0,367.69,0.0796041453668597,0.21340036894446346,1323.001815673169,105.31642885546626,282.3290755788493
9274,1.0,155.0,351.0,1064.5,0.060791276096138366,0.18188171201611122,1547.243981964593,94.05893609569812,281.4153843463453
1635,1.0,163.0,363.0,1099.05,0.05966537872503366,0.17964932608372983,1558.362603748671,92.98029494359402,279.9587915575353
1433,1.0,107.0,348.0,2146.47,0.0494123486354439,0.1476042342924992,1895.4354497424895,93.6579172586553,279.774298210099
7719,2.0,101.0,256.0,923.7049999999999,0.08198840582683722,0.20424516533634454,1361.7806650389305,111.65022581235212,278.1371170827136
1861,1.0,53.0,211.0,688.92,0.07209028658025948,0.19498374566357238,1426.3776442028893,102.82797314226168,278.1204557974617
2009,1.0,43.0,233.0,1603.12,0.05833609372722742,0.16099954110573048,1720.5786292972646,100.3718361837497,277.01236975318636
9860,1.0,71.0,336.0,3144.4,0.041987895816982986,0.12459459472639789,2216.581795241542,93.06960548842297,276.17411045603137
1624,1.0,79.0,232.0,377.11,0.07547022177867665,0.20808755456353706,1326.0332893983873,100.07602643680441,275.93102446075346
7293,1.0,3.0,187.0,2452.04,0.05239876084485682,0.13831101171782947,1993.7716945634181,104.47116620267346,275.76058020943765
9379,1.0,121.0,332.0,1315.64,0.05692613657760595,0.16852228958574028,1628.063972553747,92.67939205867431,274.3650682468133
3118,1.0,121.0,331.0,1270.94,0.057181716851926516,0.16918066239178922,1613.6789539213614,92.27293303304427,273.0032743121054
4190,1.0,8.0,171.0,1485.54,0.06251588155923554,0.16204693750944985,1682.7399158566661,105.19796927469332,272.68284998948207
7494,1.0,64.0,324.0,3039.16,0.042285534533964796,0.12460358825312019,2182.7142480184766,92.29723871236229,271.97402743431314
1489,1.0,32.0,162.0,130.74,0.08500026443552695,0.21791462690020652,1246.7483444216873,105.97393896039885,271.68470031310216
3888,1.0,127.0,321.0,921.58,0.061528172149589944,0.18096334056436023,1501.2505398406693,92.36920165498154,271.67131271361666
1676,1.0,119.0,331.0,1292.95,0.056633022941152036,0.16755768919349065,1620.7620469884469,91.78865418924525,271.5711433258959
4059,1.0,34.0,260.0,2727.52,0.046145525801771,0.13020744299509004,2082.424601338524,96.09457817130955,271.147182570359
4863,1.0,52.0,190.0,133.21,0.08189281946734016,0.21682009492095333,1247.5432212901842,102.16483179882104,270.4924396581296
7741,1.0,72.0,343.0,3145.9,0.04094076783835818,0.12196727941464627,2217.064513987596,90.76832354982858,270.40932705782205
8181,1.0,118.0,316.0,996.38,0.06034747871278874,0.17695261296720538,1525.3221146438432,92.04934384361523,269.90973380289125
3000,1.0,88.0,276.0,945.92,0.06262102268901071,0.17879728869660566,1509.083456026619,94.50034933945359,269.8200303544628
3162,1.0,133.0,300.0,393.52,0.06965087649174816,0.20216417328722552,1331.3142324802047,92.72720317818523,269.14404119487773
3350,1.0,38.0,216.0,1214.72,0.06206186123935772,0.16866917041855697,1595.586655319304,99.02507759779755,269.126277483627
8546,1.0,91.0,256.0,453.98,0.07076204887446992,0.19902095599765773,1350.7710160711106,95.58332465744132,268.8317389523999
8433,1.0,83.0,254.0,607.71,0.06833391135764356,0.19189154795395547,1400.243251291588,95.684098212898,268.69484500242226
3207,1.0,46.0,280.0,2604.89,0.04591567956985834,0.1314865370758487,2042.960734786213,93.80393047224611,268.62183239897047
7544,1.0,111.0,283.0,505.47,0.0683236565254328,0.19604618556149828,1367.3411415606167,93.42174650908078,268.0620151642635
1363,1.0,123.0,273.0,103.27,0.07600430483231577,0.2165252742666507,1237.9081551189704,94.08634877607186,268.03840280405865
3910,1.0,90.0,261.0,561.34,0.06851240317052754,0.19344434007221856,1385.3208057886025,94.91165756670881,267.98246906409025
2728,1.0,95.0,314.0,1518.56,0.054025518375740926,0.15822466683160286,1693.366164519773,91.48498483812094,267.9322972050503
6840,1.0,59.0,269.0,1622.95,0.05385014278653458,0.15297695043397053,1726.9601711200871,92.99705180147488,264.18510049887885
9658,4.0,178.0,346.0,1633.3449999999998,0.0689743555465634,0.15698396738389517,1682.6862592229038,116.06220031695733,264.1547648351769
5920,1.0,48.0,314.0,3398.6,0.0392357847931314,0.11491926569278249,2298.386532072644,90.17899934383385,264.12889254396913
7970,1.0,23.0,320.0,5505.29,0.03015947525168109,0.08866568670856104,2976.3457021540944,89.76502454456379,263.89973556356705
3793,2.0,150.0,344.0,1066.36,0.06851837446683189,0.18377481268581625,1431.1097064349783,98.05731076862969,263.0019182329416
2913,1.0,109.0,298.0,738.02,0.06284935789169897,0.18218875337861584,1442.1786378236916,90.6400013523441,262.7487281743687
7132,1.0,188.0,344.0,128.59,0.07055367701728857,0.21027534776536572,1246.0564475523352,87.91386414591743,262.01495284434344
8023,1.0,38.0,276.0,2751.89,0.043805711167424745,0.1250882955308687,2090.267171899399,91.56563999497483,261.46795773702513
5092,1.0,33.0,211.0,1155.36,0.061315182678359906,0.1658503491610379,1576.4838654755029,96.66239620111742,261.4603995358549
3087,1.0,152.0,311.0,133.35,0.07157071952672359,0.2092018681568735,1247.5882750398243,89.29079051770415,260.99779782894257
9685,1.0,25.0,229.0,2059.44,0.05080968175613361,0.13974399641350532,1867.4281080965065,94.88342787484217,260.9618668403172
7611,1.0,174.0,342.0,270.54,0.06781393550929525,0.2018877802869343,1291.737731553812,87.59781922251355,260.7860633362789
7190,1.0,149.0,350.0,803.83,0.059588440227351366,0.17818750915154571,1463.3571182755227,87.19916817363013,260.7519599046993
2590,1.0,116.0,307.0,699.23,0.06233179120879304,0.1817443752243121,1429.6955310507592,89.11548333360041,259.83912105181133
9124,1.0,2.0,169.0,1538.06,0.058989446217080285,0.15254867998503244,1699.641508218462,100.26091133737017,259.27806852649604
4864,1.0,61.0,292.0,2009.36,0.04843944726651153,0.13986673790569457,1851.31173822829,89.67651731778305,258.93693367251205
1840,1.0,123.0,353.0,1380.57,0.05241844298769943,0.15700558280753832,1648.9592580078877,86.43587685492562,258.89580932941436
9538,2.0,103.0,250.0,571.74,0.08778229754728847,0.217360471126037,1190.7288543420852,104.52491458999884,258.81738476316195
4804,1.0,42.0,229.0,1190.02,0.059259794502601576,0.1629759080862642,1587.6378866343066,94.08309490649367,258.7467262863835
2738,1.0,130.0,336.0,900.8,0.05832233862460232,0.17305135665720697,1494.5632761453512,87.1664254872442,258.6362025469929
9276,1.0,57.0,208.0,182.98,0.07559356283865755,0.20386161003633566,1263.5598292842267,95.5169893554006,257.59134117511985
7151,1.0,30.0,294.0,3745.44,0.036960895668799024,0.10687415424945235,2410.003978659978,89.075905616642,257.5671369571004
6786,1.0,145.0,352.0,852.99,0.0581119664585093,0.17396117542519685,1479.1774206461591,85.9579086547739,257.3194427580167
5615,1.0,124.0,351.0,1285.26,0.05312516907017647,0.15895085350208277,1618.2873088836793,85.97178688856636,257.22814895864946
9321,2.0,98.0,242.0,527.305,0.08901221891436098,0.21859575166354178,1169.1338457238523,104.06719781576028,255.5676918012928
6714,1.0,77.0,254.0,535.8,0.06590513804082336,0.1850733741661627,1377.1017146058075,90.75807859735028,254.86486089210482
9982,1.0,149.0,336.0,468.26,0.06328037166266176,0.18775853520997582,1355.3664985335402,85.76809576632293,254.48162843733132
6230,1.0,173.0,353.0,329.85,0.06453194395134462,0.19327813747360534,1310.824430772748,84.59004869668019,253.35370453465563
8614,1.0,128.0,360.0,1256.65,0.05209746729015472,0.15662349931818648,1609.0802533339695,83.82900586530035,252.0197799609603
8204,1.0,69.0,266.0,962.26,0.05866827393387785,0.16628734620654442,1514.341872233629,88.843823789744,251.8158911831801
3052,2.0,80.0,259.0,1387.35,0.06328488223842041,0.15814078794196668,1587.1079469292984,100.43993952108184,250.98650127635628
2916,1.0,41.0,307.0,3243.04,0.03827854303764186,0.11162525723925903,2248.325379981988,86.06261982026302,250.96989889804425
4903,1.0,117.0,338.0,1081.4,0.0543556808107904,0.16146781007626476,1552.6826131701232,84.39712052193916,250.7082612920719
4411,1.0,51.0,212.0,315.66,0.07059007163214596,0.19111101578768228,1306.2579114350847,92.20883953826001,249.64027633505535
8269,1.0,30.0,200.0,776.25,0.06408437805594704,0.17146343208478873,1454.4815295980864,93.20954421815588,249.3903949688211
7986,2.0,95.0,277.0,1214.09,0.06526581927040284,0.1658764705668591,1502.9051519885065,98.08833603023918,249.29660220860242
8694,1.0,13.0,192.0,1377.87,0.056973506814233923,0.15118735555208457,1648.0903642649841,93.89748759892434,249.17042388409473
1745,1.0,31.0,193.0,557.38,0.06775488377013267,0.17997375235595153,1384.0464282990247,93.77590488186767,249.0920291358279
5763,1.0,52.0,273.0,1676.26,0.05000591637645195,0.1424777370689615,1744.1159953548017,87.21611861454447,248.49770020393152
9317,1.0,62.0,288.0,1613.78,0.04979952694026542,0.14340227292715046,1724.0091505192215,85.85484013654607,247.22683073166223
7711,1.0,34.0,227.0,1238.79,0.055988301496503606,0.1537084961026472,1603.332682130966,89.76787360634631,246.4458553225745
6932,1.0,1.0,166.0,1243.81,0.05957510798282232,0.15350872538678245,1604.9481808677542,95.6149611820307,246.37354955684413
7555,1.0,16.0,272.0,3708.89,0.035944083818738946,0.10234762404772184,2398.241731881138,86.20260182833329,245.45434315012804
2648,2.0,70.0,222.0,863.61,0.0766390685095492,0.1841600294673902,1332.5750378776302,102.12730962201881,245.407058243053
3142,1.0,149.0,336.0,290.61,0.06328037166266176,0.18775853520997582,1298.1965083760056,82.15035754120342,243.7474748273839
7325,1.0,160.0,347.0,273.21,0.0630464572805644,0.18821752275871861,1292.5969709217868,81.49365970820739,243.28939979232214
6899,1.0,45.0,304.0,2707.88,0.04022034243871488,0.11706160382472548,2076.104203890199,83.50162201891935,243.03208781464159
1823,1.0,150.0,336.0,242.77,0.06353698359981373,0.1885197189552982,1282.8009985018846,81.50530600363892,241.8332837131512
1657,1.0,95.0,295.0,642.15,0.05921165174505213,0.17130574352038938,1411.326473700964,83.56697165935395,241.7683309273529
1644,1.0,62.0,252.0,684.83,0.060381821293978385,0.16929861866024914,1425.0614310886563,86.04780466493634,241.26093178930734
3976,1.0,53.0,330.0,2911.68,0.037817177852678116,0.11183404491918503,2141.689590853926,80.99265616255234,239.51380990650895
9122,1.0,29.0,277.0,2739.78,0.04006843829253364,0.11450154904138213,2086.3700225562666,83.59758850418778,238.89259945619588
7476,1.0,10.0,195.0,1419.53,0.05394168147260865,0.14359619666667064,1661.4970729053618,89.62394587433266,238.58466044201595
7508,2.0,132.0,339.0,1145.9950000000001,0.06068467383850548,0.1621907832591887,1469.8115970912881,89.19503737353766,238.3898941756751
4136,1.0,112.0,347.0,1126.4,0.050941877495494135,0.15208899381272697,1567.164175551706,79.83428544628207,238.34842259901077
4399,1.0,53.0,275.0,1456.27,0.04985786538859007,0.14226241984095966,1673.3204640586898,83.42818644901122,238.0506183863868
3193,1.0,56.0,336.0,2876.76,0.037639987329472234,0.11169547022055686,2130.451898445813,80.19018246355047,237.96182657918314
5909,1.0,24.0,347.0,5491.72,0.02676140953400562,0.07990883166481698,2971.978706564813,79.53433929272528,237.48734617430813
2756,1.0,54.0,238.0,561.05,0.06172852906780807,0.17109149424409748,1385.2274801643666,85.50805477485262,237.00063944930739
9385,3.0,181.0,327.0,455.3666666666666,0.09766628546782231,0.23592656045380742,1002.1123232087856,97.87258822933187,236.42491360302296
8113,1.0,30.0,228.0,1197.14,0.053643943526578405,0.14740572825158357,1589.9291916155566,85.29007176628338,234.3646703585427
1395,1.0,94.0,311.0,811.72,0.05449151790032522,0.15929136687165812,1465.8962188797475,79.87891005110482,233.50461239735031
3691,1.0,97.0,310.0,697.61,0.055680585536908585,0.16266428995727172,1429.1741948050274,79.57725600098378,232.4756056232153
1842,1.0,110.0,323.0,625.04,0.05615301565384494,0.16535667208636046,1405.8202618709886,78.941047171334,232.46176005456243
7623,1.0,56.0,264.0,941.15,0.05412067639307129,0.15317039423808165,1507.5484104141747,81.58953966691458,230.91178435613244
6345,1.0,168.0,362.0,142.62,0.061053405744862295,0.18373229735203472,1250.571476890426,76.35164779154286,229.77037045200498
9825,1.0,105.0,293.0,171.61,0.06309240972160995,0.18228572253144906,1259.9008211891369,79.49017881905786,229.6619315084278
6430,1.0,65.0,277.0,891.36,0.05385651098998125,0.15388998827641356,1491.5253661701943,80.32835227498089,229.53082111390464
7219,1.0,75.0,312.0,1292.69,0.048303881420409145,0.14129616082156027,1620.6783757391343,78.28505608232445,228.99563241846178
4426,1.0,134.0,354.0,570.33,0.054930734100027835,0.1646166187689735,1388.2139001399464,76.25560862254999,228.5230783691274
7039,1.0,14.0,169.0,286.16,0.06786315945129799,0.17548439967043297,1296.7644427627133,88.0025321499796,227.5619297521783
3613,1.0,14.0,325.0,5253.92,0.02660941816220451,0.078465796078741,2895.451694690546,77.04628491248444,227.19392223143345
9339,1.0,71.0,289.0,896.36,0.052725513390529145,0.15192940521990933,1493.134428657042,78.72627931201696,226.85102565923353
7658,1.0,58.0,253.0,555.58,0.058359521070875525,0.16376052100233146,1383.4671658037646,80.73848121358924,226.55730386164336
9050,1.0,19.0,299.0,3779.16,0.03213819921908681,0.09324074865441624,2420.855496071247,77.80193621335897,225.72237883784132
7943,2.0,89.0,302.0,1653.995,0.05050597919298204,0.1311908175640568,1716.695008322524,86.70336237103352,225.2146216499672
3253,1.0,119.0,315.0,163.12,0.06091990674885736,0.17852075576638016,1257.1686330864827,76.586595895217,224.43069450438597
7892,1.0,32.0,280.0,2233.73,0.04057698770080437,0.11620243111703357,1923.516808262881,78.0505178711734,223.5173294146237
4622,1.0,49.0,306.0,2039.46,0.04115936358204891,0.1199474865146718,1860.998294399082,76.59750542474471,223.2220678212611
8644,1.0,40.0,284.0,1876.0,0.04271982148945946,0.12268130431993245,1808.3948235792104,77.2543040457664,221.85623568211167
7650,1.0,40.0,300.0,2277.87,0.03931227983272531,0.11412312789110034,1937.7216118967349,76.176254244804,221.13885133184016
5466,1.0,81.0,302.0,734.72,0.05269098371992028,0.15314876305117953,1441.1166565823726,75.93385429048774,220.70523336804183
4283,1.0,101.0,357.0,1222.44,0.0459862323639114,0.13803724122831917,1598.071047798979,73.48926653812322,220.59331872502045
9963,1.0,61.0,299.0,1284.8,0.04675346504196275,0.13562983222482525,1618.139275134889,75.65361803304597,219.46795840294533
4832,1.0,20.0,240.0,1620.42,0.04516214126683281,0.12539959560657338,1726.1459855017438,77.9564488444061,216.45800853982874
3600,1.0,8.0,171.0,399.11,0.06251588155923554,0.16204693750944985,1333.1131643404938,83.34074468696801,216.02690563490893
7071,1.0,104.0,321.0,406.57,0.05492636903182489,0.16155136465322997,1335.5138855708633,73.3549285259916,215.7540907273106
8818,1.0,113.0,334.0,426.42,0.054239585055152285,0.16075622427852343,1341.90186364363,72.78420026876603,215.71907695166394
5904,1.0,59.0,242.0,100.69,0.06255436172172874,0.17396389037853593,1237.0778788757516,77.3846171131427,215.206880510453
6743,2.0,127.0,335.0,906.6500000000001,0.05952905265626096,0.15864066292302914,1353.4920890969067,80.57210184168241,214.7188822754089
5973,1.0,29.0,198.0,135.84,0.06434317850827881,0.17180465861640276,1248.3895881582614,80.32535411874368,214.47914701380174
9219,1.0,51.0,323.0,2130.07,0.038483075402825744,0.11333373670576424,1890.157724785653,72.73908224615984,214.2186379132236
9948,1.0,53.0,297.0,1383.28,0.044463728387075734,0.1288193532051299,1649.8313698757634,73.35765391463302,212.5302099649293
4392,2.0,128.0,359.0,1260.72,0.05138827626404534,0.13928839262668366,1525.5669107792744,78.39625387041156,212.49376284690047
9928,1.0,51.0,352.0,2811.43,0.03360075922586372,0.10059831392582612,2109.4278879927315,70.878378568766,212.20488888018517
4187,1.0,110.0,359.0,841.3,0.047859947089645014,0.14381156423828195,1475.4154325519203,70.61330453718061,212.18180125659305
3593,2.0,100.0,326.0,1527.285,0.0481881833608053,0.12757140424635263,1655.1150928951417,79.75698957966739,211.14535658996562
5979,2.0,75.0,266.0,1184.27,0.056194601726192554,0.14138092614306685,1488.4129013528461,83.64077019564992,210.43319447655458
1456,1.0,82.0,342.0,1174.87,0.0439161164647241,0.13075631286303574,1582.762427299169,69.50877909325972,206.95617913178802
7282,1.0,69.0,282.0,398.17,0.05392622044972613,0.15463685669061136,1332.8106605929677,71.87344150088148,206.1016511178338
4307,1.0,78.0,346.0,1339.06,0.04203731527159135,0.1254409192581742,1635.6008212421093,68.75626738102828,205.17127055603484
5048,1.0,115.0,332.0,138.96,0.05528110363956735,0.16365362501823677,1249.393643150055,69.06785947359481,204.4677987762478
1698,1.0,62.0,307.0,1066.62,0.04525590697929619,0.13196653016611104,1547.926224459011,70.05280522493017,204.27445279498446
5804,1.0,49.0,344.0,2409.21,0.03428754998236152,0.10220727624412945,1979.988465301117,67.88895346851133,202.3692280332212
9578,1.0,23.0,274.0,1991.22,0.03834340854902244,0.10933661878104832,1845.4740595260223,70.76176583102924,201.77789371671037
3559,1.0,32.0,298.0,2110.54,0.036906171783834346,0.10699957574476876,1883.872726712041,69.52653047091499,201.5735825153291
2517,1.0,63.0,330.0,1410.56,0.04080572243756035,0.12066969434206712,1658.6104148039715,67.68079621853771,200.1440117869644
8460,1.0,29.0,217.0,265.87,0.056900009420635105,0.15479047669309626,1290.2348671911004,73.41437609800549,199.71607013856416
7874,1.0,42.0,351.0,2857.36,0.03126849183134518,0.09356673803515844,2124.2087359968646,66.42080350959003,198.75528233301367
6644,1.0,84.0,329.0,653.64,0.04719533037134518,0.13947859679713237,1415.0240992957256,66.7825298496769,197.3655758038939
3412,1.0,54.0,297.0,947.52,0.04481053170246323,0.12982383676264198,1509.5983560224097,67.64590499052856,195.981850549406
1957,1.0,45.0,250.0,301.79,0.05370826183002524,0.15035189857390038,1301.794372096586,69.91711298541674,195.7272553975402
1765,2.0,93.0,310.0,1200.3400000000001,0.049899735417652746,0.1304636378572375,1496.2227761923832,74.66112065786578,195.2026664269136
8051,2.0,71.0,266.0,1109.275,0.05336516695774578,0.13426573560836694,1451.9660087833859,77.48440847569715,194.94928424764586
9366,1.0,9.0,257.0,2209.65,0.03606429614011017,0.10153309709048039,1915.767563326237,69.09080873941467,194.51381400999585
2770,1.0,74.0,328.0,853.79,0.04447097035704178,0.1313521079295995,1479.4348706440578,65.79190427758583,194.32688880365137
6101,1.0,65.0,291.0,425.62,0.05009544118922323,0.14454929311396925,1341.6444136457355,67.21026882063983,193.93375160279683
4192,1.0,48.0,328.0,1801.54,0.0366607269506167,0.10828828364972388,1784.432665025137,65.41859869424783,193.23315058407476
6963,1.0,83.0,361.0,1168.49,0.040617319376494314,0.12218074054317676,1580.7092635659574,64.20417299964161,193.13222840594824
4546,2.0,84.0,284.0,968.165,0.05450333455301116,0.13940767556178432,1383.3878234313313,75.39924935703978,192.854880865038
8202,1.0,5.0,256.0,2424.62,0.03450846073592883,0.0970784140726939,1984.947595885571,68.49748617549355,192.69556462597774
5669,2.0,118.0,352.0,1126.14,0.04881817598555666,0.13169321492892228,1460.162246441678,71.2824575142556,192.29346055174187
6974,1.0,14.0,214.0,659.14,0.049746201680519846,0.13495446300041417,1416.794068031253,70.48012344804687,191.20268263333
8421,1.0,1.0,254.0,2608.88,0.033127459602055556,0.09304823662947524,2044.2447666507048,67.72063592393471,190.21337077588117
1352,1.0,52.0,297.0,878.47,0.044116524766619966,0.12781370792432306,1487.377203079114,65.61791321694567,190.10719540765044
1930,1.0,50.0,271.0,425.33,0.049761694187031406,0.14157468437884457,1341.5510880215065,66.75785497840546,189.92967186474033
4179,1.0,71.0,364.0,1541.3,0.03702248144674818,0.11154253715861326,1700.6841807099377,62.963548527111804,189.69862842190398
7010,1.0,20.0,224.0,495.19,0.04980797712091224,0.13637895225262817,1364.0329090876737,67.93971992801022,186.02537897948136
7216,1.0,26.0,295.0,1895.21,0.03533504018511965,0.10224236723429798,1814.5768416536578,64.11814561881948,185.52663181920587
1599,1.0,59.0,286.0,321.88,0.04923137617807945,0.1415716883531176,1308.2595851687202,64.40741977601942,185.21251827648496
1372,1.0,31.0,261.0,822.24,0.04462216784083372,0.1260071008186084,1469.2816863520677,65.56253401386518,185.13992558309994
2488,2.0,117.0,323.0,575.775,0.05869496662681147,0.15501874083558803,1192.6898278938852,70.00488964436911,184.88927532752427
2551,1.0,57.0,304.0,701.41,0.04426402679931004,0.12882759534522945,1430.397082295026,63.315134784361916,184.27461650090046
7852,1.0,28.0,303.0,1903.5,0.034591911081141624,0.10061907907002443,1817.244667256856,62.861965942427965,182.84948486429784
1312,1.0,23.0,325.0,2727.36,0.029424694723976227,0.08676537108809235,2082.37311133894,61.27319310256487,180.67787574918856
5372,1.0,20.0,297.0,2149.8,0.032832202275321604,0.09512837972103515,1896.5070853587326,62.26650424307852,180.41164615963913
9346,1.0,59.0,295.0,363.75,0.047012119982165944,0.1360197895504448,1321.7338744335395,62.137511489362616,179.78196344214408
5120,1.0,45.0,304.0,907.04,0.04022034243871488,0.11706160382472548,1496.5713861289305,60.192613634087785,175.19104669844512
6992,2.0,125.0,323.0,267.205,0.06334951310112029,0.1673057264010059,1042.7275952095877,66.05628545362943,174.4542977549141
6803,1.0,27.0,361.0,3198.28,0.025885577195933467,0.0778736815681013,2233.9210525997637,57.82633585669213,173.9636566984317
4770,1.0,68.0,325.0,444.16,0.043295896407067685,0.12765598151930477,1347.610817346954,58.34601834489754,172.03058159445797
4830,1.0,88.0,364.0,539.72,0.04135808810997489,0.12460202838380596,1378.3632195955004,57.00646748357937,171.7468530112327
9264,1.0,72.0,338.0,520.49,0.04188779114696891,0.12443878492767958,1372.1747652711006,57.477369984816946,170.7517604987597
6479,1.0,46.0,321.0,1093.23,0.03728951128286995,0.10968777553975466,1556.4896550139908,58.040738552314565,170.7278879091248
7526,1.0,22.0,301.0,1800.79,0.03285503684315081,0.09544447798522183,1784.1913056521137,58.61967108242954,170.29120779373736
8089,1.0,61.0,304.0,236.49,0.04559996937433626,0.13271474620131457,1280.7800160184133,58.403529505701556,169.97839476559935
3907,1.0,29.0,290.0,1150.03,0.03737724101379185,0.10778663424760529,1574.7686048645298,58.86050568497427,169.73900763714474
7836,1.0,46.0,302.0,596.74,0.040970533135999146,0.11909061121046403,1396.7129681954502,57.22407494493142,166.33540106797759
9883,2.0,27.0,186.0,728.0600000000001,0.056042356643964855,0.12882849210783553,1266.69896230205,70.98879500587168,163.1869172679331
3666,1.0,3.0,230.0,925.14,0.03935705449475816,0.10835074904670476,1502.396192331303,59.12988881430025,162.78575280401378
8686,1.0,22.0,249.0,375.74,0.043724617676822584,0.1223129566229094,1325.5924062769916,57.96102115976073,162.13712648861576
7604,1.0,19.0,337.0,2625.77,0.02657742414198111,0.07891878352074824,2049.6801797312773,54.47521949213023,161.75826639098102
7299,1.0,76.0,345.0,289.31,0.04167621584139912,0.12429521585490695,1297.7781521294203,54.08648238239782,161.30761555070856
5415,1.0,62.0,334.0,409.07,0.03975569169817984,0.11783745399054249,1336.3184168142873,53.12626298946859,157.46835995806816
5229,1.0,47.0,309.0,457.1,0.039887432343291264,0.11646314347617669,1351.775071062898,53.91883669036908,157.43197404871722
3752,1.0,27.0,323.0,1615.74,0.030976299774176864,0.09123081216782998,1724.639903014065,53.422962638270995,157.3402990490207
7842,1.0,60.0,317.0,165.69,0.04246928626583997,0.12461730437214748,1257.9956912047153,53.426179130966275,156.76803194970805
9950,1.0,33.0,332.0,1470.62,0.0314621544185504,0.09315278238034794,1677.9384733959257,52.79155935480934,156.3046374598639
1464,1.0,73.0,363.0,492.78,0.03770086481875854,0.11352734394655706,1363.2573409690106,51.39598072505289,154.76698503585766
5485,1.0,20.0,301.0,1399.72,0.03215570624514304,0.09341343806362969,1655.121967332487,53.22161578142668,154.6106333831662
6545,2.0,57.0,325.0,2419.29,0.027843921657233095,0.07367178210485732,2088.6214654056153,58.15541245436933,153.87246549889028
5082,1.0,8.0,260.0,1027.13,0.035011978746985375,0.09880072515368139,1535.2178489379146,53.75101469900687,151.68063674394085
2680,1.0,50.0,335.0,633.84,0.03605279393654705,0.10692555416588005,1408.6522118478342,50.785847922011186,150.62091837882235
2157,1.0,57.0,343.0,524.88,0.036720454119408344,0.10939717037954469,1373.587522134553,50.438757585533644,150.2665881901703
5674,1.0,7.0,240.0,546.72,0.038927696871396696,0.10809420315047664,1380.6159070770725,53.744197526524665,149.23657633236866
5748,1.0,20.0,274.0,619.45,0.037146710963088435,0.10592520432012784,1404.0213300106961,52.154774531918335,148.72124625120063
2753,1.0,46.0,360.0,1185.45,0.03108106540114341,0.09345136566487343,1586.1672035213242,49.29976658979503,148.22949134190097
4749,1.0,47.0,328.0,530.4,0.03635647730649733,0.10738980302249522,1375.3639271200218,50.00338740451412,147.70006121766463
6607,1.0,14.0,262.0,619.0,0.037172732811956606,0.10505710517939626,1403.8765143868786,52.185926570284394,147.48720263082652
3128,2.0,112.0,349.0,519.13,0.046856355194842804,0.12613965914021813,1165.1608695687044,54.59519156364312,146.9729949309165
2462,1.0,15.0,321.0,1810.3,0.027461792967914598,0.08078535334470632,1787.2517425020947,49.08113733413713,144.3837635339738
2418,2.0,60.0,292.0,1172.765,0.0372860001908625,0.09605196268455275,1482.8215752776173,55.28848553881627,142.42792261641543
4004,2.0,20.0,314.0,5240.1,0.015555454897425772,0.04081648667331653,3459.5096450024434,53.81424625004495,141.20502932145223
7512,2.0,65.0,351.0,2191.55,0.026096187299997065,0.07036421231059191,1977.941882583159,51.61674183639892,139.17632256409325
3221,1.0,14.0,320.0,1645.49,0.0272788119610289,0.08019881884765995,1734.2138248107763,47.30729282722988,139.08190037910694
8957,1.0,19.0,277.0,416.21,0.036146099598851504,0.10329594217838914,1338.6161580454984,48.38575297334453,138.2736172605252
8811,1.0,1.0,245.0,653.62,0.03495415148916895,0.09746816359191024,1415.0176630457743,49.46074175395182,137.91917306718804
6547,1.0,7.0,278.0,1025.37,0.031236952595144567,0.08933456923770364,1534.6514589425535,47.937834873057994,137.09742701464646
5601,1.0,12.0,308.0,1389.04,0.028309156213174425,0.08261195468201239,1651.6850098605948,46.75780895910212,136.44892718356266
9185,1.0,8.0,313.0,1737.0,0.026271405134921127,0.07690743964406187,1763.6628864449776,46.333902211220405,135.63879699173904
7226,1.0,41.0,345.0,637.82,0.03186185800757655,0.09503056129186745,1409.9330255873545,44.92308586145708,133.9867268055072
3409,1.0,34.0,356.0,1138.0,0.028390003998125704,0.08518236103091678,1570.8972005211838,44.597777803440884,133.81273247725196
8130,1.0,9.0,326.0,1877.82,0.024921140756155574,0.0735320911158785,1808.9805223244227,45.08185822199077,133.0181205944089
3537,1.0,33.0,317.0,417.97,0.03384796951070414,0.09932536566564852,1339.182548040869,45.32861005535442,133.01479627721423
9376,1.0,3.0,256.0,577.25,0.03362450076410455,0.09459248327768714,1390.4408426217406,46.75287917517689,131.5252521543102
4649,1.0,2.0,250.0,440.78,0.03437904169202767,0.09625528011213923,1346.5230911058454,46.29217348840583,129.60995731185673
2726,1.0,13.0,282.0,520.24,0.03286841716084887,0.0942654282089375,1372.094312146755,45.098568235667535,129.34105787756144
1292,1.0,28.0,316.0,477.87,0.032393161925702504,0.0949991116601426,1358.459116633242,44.004786134547395,129.05240930678005
8653,2.0,49.0,248.0,491.385,0.04526769144939538,0.11190220212745902,1151.6770501895496,52.13376135733037,128.87519805586675
6667,1.0,9.0,303.0,1150.26,0.028008187969893916,0.08147321560746484,1574.8426217389224,44.10848817266428,128.30749246876042
8715,1.0,37.0,322.0,197.6,0.03428531336939437,0.10091355357006991,1268.2647279957534,43.48285363468412,127.98510056962961
2988,1.0,22.0,299.0,321.98,0.03319747505380798,0.09631313830109083,1308.2917664184492,43.43198327877885,126.00568583723852
6754,1.0,1.0,313.0,1792.52,0.02395679081308381,0.07013328443729133,1781.5299162988833,42.679739532023056,124.9445443533334
1941,2.0,56.0,282.0,765.1,0.038011268644493085,0.09706751917854169,1284.700067719383,48.833079401679925,124.70264846202501
5274,1.0,38.0,349.0,433.21,0.030439055416935767,0.09098674874592876,1344.086970500765,40.91273778025409,122.29410347762965
3680,1.0,24.0,324.0,569.38,0.02988351455037236,0.08806563362556018,1387.90817826745,41.475574239836135,122.22701313321991
6151,1.0,10.0,310.0,830.12,0.02734900015416609,0.07991140403598211,1471.8175688313347,40.25273891687254,117.6150084101377
3638,2.0,37.0,348.0,3420.06,0.01695225778266371,0.04561925536991446,2574.986645440813,43.65183740042914,117.46897335248381
1814,1.0,21.0,335.0,716.57,0.027432269025461992,0.08136386425018274,1435.2757597551233,39.372870767326894,116.77958207829376
3116,1.0,5.0,318.0,1189.86,0.024644690494364036,0.07236860448111082,1587.5863966347156,39.12557537812523,114.89141201764966
6118,1.0,9.0,324.0,1015.29,0.02516970401230466,0.07417730506033639,1531.4075889690832,38.54507573654894,113.59568789867393
1702,1.0,8.0,294.0,449.98,0.02900327382297307,0.08386984264344884,1349.4837660816322,39.13944718732252,113.18099111115521
6088,3.0,87.0,322.0,1580.0666666666666,0.02789375168945027,0.06714724984299533,1661.1037936270923,46.334416749837956,111.53855144582572
1786,1.0,14.0,344.0,935.9,0.024269205244898426,0.0723493144094188,1505.8588948029885,36.54599858782964,108.94785863632133
7811,1.0,19.0,329.0,402.19,0.027626856747361973,0.08165730439626928,1334.1043468324006,36.85710967597164,108.93936474567934
9859,2.0,61.0,335.0,1167.44,0.027518358388780785,0.07335592571733467,1480.2336733783852,40.73360072316788,108.58391138864225
8615,1.0,11.0,326.0,341.32,0.025543931284128078,0.07536923512233165,1314.5156201175632,33.57789667219604,99.07403684461822
9670,1.0,15.0,348.0,276.91,0.02409640746439489,0.07199218139008798,1293.7876771620492,31.175635041309732,93.14259713451084
8667,1.0,7.0,358.0,555.67,0.020840854935758803,0.0626018432275522,1383.4961289285263,28.833242127183276,86.60940776910896
1350,2.0,49.0,341.0,671.62,0.021894943546756588,0.05862422802519773,1239.2696321250978,27.13373863458882,72.65122549840464
2155,2.0,27.0,306.0,650.24,0.019095807007921888,0.04978274878906357,1228.879145250843,23.466438993770108,61.17698178014189
8079,2.0,38.0,340.0,342.455,0.018264733224134026,0.04887170720016184,1079.2984154756334,19.71309762789301,52.747156142723775
